user_id,median_session_gap_hours,session_gap_std_hours,peak_velocity_events_per_2h,cancellation_ratio,completed_kyc,made_deposit,made_transaction,completed_credit,has_activity_spike,event_type_diversity
1,16.0,2.8284271247461903,1,0.0,0,0,0,0,0,0.3
2,0.0,0.0,1,0.0,0,0,0,0,0,0.1
3,17.0,7.211102550927978,1,0.0,1,0,0,0,0,0.4
4,21.0,21.213203435596427,1,0.0,0,0,0,0,0,0.3
5,22.0,8.48528137423857,1,0.0,0,0,0,0,0,0.3
6,24.0,29.698484809834994,1,0.0,0,0,0,0,0,0.3
7,16.0,,1,0.0,0,0,0,0,0,0.2
8,43.0,38.39661443408781,1,0.0,1,1,1,0,0,0.6
9,26.0,21.384573879317774,1,0.0,1,1,1,0,0,0.6
10,60.0,39.62743157628732,1,0.0,1,0,0,0,0,0.4
11,9.0,5.656854249492381,1,0.0,0,0,0,0,0,0.3
12,28.0,,1,0.0,0,0,0,0,0,0.2
13,19.0,,1,0.0,0,0,0,0,0,0.2
14,66.0,56.536124144951195,1,0.0,1,0,0,0,0,0.4
15,6.0,2.8284271247461903,1,0.0,0,0,0,0,0,0.3
16,39.0,46.371686763943934,1,0.0,1,0,0,0,0,0.4
17,0.0,0.0,1,0.0,0,0,0,0,0,0.1
18,22.0,,1,0.0,0,0,0,0,0,0.2
19,57.0,57.01169470672954,1,0.0,1,0,0,0,0,0.4
20,16.0,,1,0.0,0,0,0,0,0,0.2
21,23.0,13.076696830622021,1,0.0,1,0,0,0,0,0.4
22,39.0,11.313708498984761,1,0.0,0,0,0,0,0,0.3
23,29.0,,1,0.0,0,0,0,0,0,0.2
24,19.0,,1,0.0,0,0,0,0,0,0.2
25,26.0,,1,0.0,0,0,0,0,0,0.2
26,29.0,1.4142135623730951,1,0.0,0,0,0,0,0,0.3
27,19.0,,1,0.0,0,0,0,0,0,0.2
28,34.0,93.4381957690292,1,0.0,1,1,1,1,0,0.9
29,40.0,29.206163733020468,1,0.0,1,0,0,0,0,0.4
30,12.0,,1,0.0,0,0,0,0,0,0.2
31,47.5,40.47221268969612,1,0.0,1,1,0,0,0,0.5
32,20.0,,1,0.0,0,0,0,0,0,0.2
33,31.0,86.1141269313163,1,1.0,1,1,1,0,0,0.9
34,38.5,19.09188309203678,1,0.0,0,0,0,0,0,0.3
35,59.0,50.54041287260457,1,0.0,1,0,0,0,0,0.4
36,14.0,2.8284271247461903,1,0.0,0,0,0,0,0,0.3
37,24.0,42.71221527073178,1,0.0,1,0,0,0,0,0.4
38,27.0,4.041451884327381,1,0.0,1,0,0,0,0,0.4
39,15.0,12.727922061357857,1,0.0,0,0,0,0,0,0.3
40,22.0,42.714166268347086,1,0.0,1,1,1,0,0,0.6
41,0.0,0.0,1,0.0,0,0,0,0,0,0.1
42,36.0,,1,0.0,0,0,0,0,0,0.2
43,22.5,30.405591591021544,1,0.0,0,0,0,0,0,0.3
44,17.0,,1,0.0,0,0,0,0,0,0.2
45,32.0,44.132754276160924,1,0.0,1,1,1,0,0,0.6
46,5.0,,1,0.0,0,0,0,0,0,0.2
47,16.5,16.263455967290593,1,0.0,0,0,0,0,0,0.3
48,29.0,19.79898987322333,1,0.0,0,0,0,0,0,0.3
49,41.5,14.753530650887154,1,0.0,1,1,0,0,0,0.5
50,46.0,26.888659319497503,1,0.0,1,1,0,0,0,0.5
51,36.0,29.698484809834994,1,0.0,0,0,0,0,0,0.3
52,4.0,,1,0.0,0,0,0,0,0,0.2
53,34.0,,1,0.0,0,0,0,0,0,0.2
54,0.0,0.0,1,0.0,0,0,0,0,0,0.1
55,20.5,21.920310216782973,1,0.0,0,0,0,0,0,0.3
56,23.0,40.82523729263554,1,0.0,1,1,1,0,0,0.6
57,22.0,78.40633629642805,1,0.0,1,1,1,1,0,0.9
58,0.0,0.0,1,0.0,0,0,0,0,0,0.1
59,0.0,0.0,1,0.0,0,0,0,0,0,0.1
60,44.0,35.35533905932738,1,0.0,0,0,0,0,0,0.3
61,2.0,,1,0.0,0,0,0,0,0,0.2
62,12.0,,1,0.0,0,0,0,0,0,0.2
63,25.0,17.910890541790486,1,0.0,1,1,1,0,0,0.6
64,15.0,48.80915214724933,1,0.0,1,0,0,0,0,0.4
65,45.0,22.627416997969522,1,0.0,0,0,0,0,0,0.3
66,20.0,36.908912976987786,1,1.0,1,1,1,0,0,0.9
67,45.0,20.988091861815356,1,0.0,1,1,1,0,0,0.6
68,30.0,13.939153489362258,1,0.0,1,1,1,0,0,0.6
69,44.0,29.022979401386987,1,0.0,1,0,0,0,0,0.4
70,1.0,,1,0.0,0,0,0,0,0,0.2
71,5.0,5.656854249492381,2,0.0,0,0,0,0,0,0.3
72,20.0,42.109381377550534,1,0.0,1,1,1,0,0,0.6
73,8.0,7.071067811865475,1,0.0,0,0,0,0,0,0.3
74,30.0,28.2842712474619,1,0.0,0,0,0,0,0,0.3
75,17.0,,1,0.0,0,0,0,0,0,0.2
76,50.0,49.40985056983408,1,0.0,1,0,0,0,0,0.4
77,0.0,0.0,1,0.0,0,0,0,0,0,0.1
78,9.0,30.890127872833418,1,0.0,1,1,1,0,0,0.6
79,38.0,20.489980129670347,1,0.0,1,1,1,1,0,0.9
80,33.0,10.969655114602888,1,0.0,1,0,0,0,0,0.4
81,12.0,4.242640687119285,1,0.0,0,0,0,0,0,0.3
82,8.0,,1,0.0,0,0,0,0,0,0.2
83,0.0,0.0,1,0.0,0,0,0,0,0,0.1
84,0.0,0.0,1,0.0,0,0,0,0,0,0.1
85,38.5,0.7071067811865476,1,0.0,0,0,0,0,0,0.3
86,33.0,,1,0.0,0,0,0,0,0,0.2
87,44.0,35.529330606322056,1,0.0,1,0,0,0,0,0.4
88,0.0,0.0,1,0.0,0,0,0,0,0,0.1
89,40.0,38.18376618407356,1,0.0,0,0,0,0,0,0.3
90,15.0,,1,0.0,0,0,0,0,0,0.2
91,28.0,5.656854249492381,1,0.0,0,0,0,0,0,0.3
92,0.0,0.0,1,0.0,0,0,0,0,0,0.1
93,14.0,24.606909598728567,1,0.0,1,1,1,0,0,0.6
94,0.0,0.0,1,0.0,0,0,0,0,0,0.1
95,53.0,23.965252624024924,1,0.0,1,0,0,0,0,0.4
96,21.0,18.560711193270585,1,0.0,1,1,1,0,0,0.6
97,1.0,,1,0.0,0,0,0,0,0,0.2
98,2.0,,1,0.0,0,0,0,0,0,0.2
99,34.5,9.192388155425117,1,0.0,0,0,0,0,0,0.3
100,11.5,2.1213203435596424,1,0.0,0,0,0,0,0,0.3
101,29.0,29.26317367158479,1,0.0,1,0,0,0,0,0.4
102,25.0,30.730007050655445,1,0.0,1,0,0,0,0,0.4
103,4.0,,1,0.0,0,0,0,0,0,0.2
104,10.0,51.67446177755507,1,0.0,1,1,0,0,0,0.5
105,0.0,0.0,1,0.0,0,0,0,0,0,0.1
106,25.0,5.656854249492381,1,0.0,0,0,0,0,0,0.3
107,0.0,0.0,1,0.0,0,0,0,0,0,0.1
108,0.0,0.0,1,0.0,0,0,0,0,0,0.1
109,21.0,,1,0.0,0,0,0,0,0,0.2
110,21.0,36.9689058534331,2,0.0,1,1,1,0,0,0.6
111,53.0,7.54983443527075,1,0.0,1,0,0,0,0,0.4
112,43.0,29.36551265231604,1,0.0,1,0,0,0,0,0.4
113,37.0,33.842773723992146,1,0.0,1,0,0,0,0,0.4
114,0.0,0.0,1,0.0,0,0,0,0,0,0.1
115,28.0,22.627416997969522,1,0.0,0,0,0,0,0,0.3
116,6.0,,1,0.0,0,0,0,0,0,0.2
117,0.0,0.0,1,0.0,0,0,0,0,0,0.1
118,30.0,38.18376618407356,1,0.0,0,0,0,0,0,0.3
119,13.0,,1,0.0,0,0,0,0,0,0.2
120,32.0,46.038932799678726,1,0.0,1,1,0,0,0,0.5
121,17.0,2.8284271247461903,1,0.0,0,0,0,0,0,0.3
122,24.0,15.68438714135812,1,0.0,1,1,1,0,0,0.6
123,2.0,,1,0.0,0,0,0,0,0,0.2
124,21.0,,1,0.0,0,0,0,0,0,0.2
125,52.0,30.116440692751194,1,0.0,1,0,0,0,0,0.4
126,0.0,0.0,1,0.0,0,0,0,0,0,0.1
127,41.0,27.300793639257694,1,0.0,1,0,0,0,0,0.4
128,38.0,39.59797974644666,1,0.0,0,0,0,0,0,0.3
129,24.0,21.250490190424628,1,0.0,1,1,0,0,0,0.5
130,50.0,41.036569057366385,1,0.0,1,0,0,0,0,0.4
131,0.0,0.0,1,0.0,0,0,0,0,0,0.1
132,25.0,45.59276258355047,1,0.0,1,1,1,0,0,0.6
133,21.5,27.577164466275352,1,0.0,0,0,0,0,0,0.3
134,26.0,48.911484677254826,1,0.0,1,0,0,0,0,0.4
135,26.0,35.35533905932738,2,0.0,0,0,0,0,0,0.3
136,0.0,0.0,1,0.0,0,0,0,0,0,0.1
137,21.0,,1,0.0,0,0,0,0,0,0.2
138,29.0,11.313708498984761,1,0.0,0,0,0,0,0,0.3
139,0.0,0.0,1,0.0,0,0,0,0,0,0.1
140,0.0,0.0,1,0.0,0,0,0,0,0,0.1
141,16.0,27.797481900344856,1,0.0,1,1,1,0,0,0.6
142,34.0,,1,0.0,0,0,0,0,0,0.2
143,38.0,31.11269837220809,1,0.0,0,0,0,0,0,0.3
144,21.0,,1,0.0,0,0,0,0,0,0.2
145,11.0,,1,0.0,0,0,0,0,0,0.2
146,38.5,28.991378028648448,1,0.0,0,0,0,0,0,0.3
147,0.0,0.0,1,0.0,0,0,0,0,0,0.1
148,22.0,41.97261011659865,1,0.0,1,1,1,0,0,0.6
149,1.0,,1,0.0,0,0,0,0,0,0.2
150,16.5,16.263455967290593,1,0.0,0,0,0,0,0,0.3
151,19.0,31.213779008636553,1,0.0,1,1,1,0,0,0.6
152,35.0,33.94112549695428,1,0.0,0,0,0,0,0,0.3
153,1.0,,1,0.0,0,0,0,0,0,0.2
154,0.0,0.0,1,0.0,0,0,0,0,0,0.1
155,0.0,0.0,1,0.0,0,0,0,0,0,0.1
156,0.0,0.0,1,0.0,0,0,0,0,0,0.1
157,0.0,0.0,1,0.0,0,0,0,0,0,0.1
158,0.0,0.0,1,0.0,0,0,0,0,0,0.1
159,69.0,32.34707611722168,1,0.0,1,0,0,0,0,0.4
160,32.0,,1,0.0,0,0,0,0,0,0.2
161,20.0,39.46770831958704,1,0.0,1,1,1,0,0,0.6
162,11.5,35.65576157275754,1,0.0,1,1,0,0,0,0.5
163,30.0,,1,0.0,0,0,0,0,0,0.2
164,30.0,,1,0.0,0,0,0,0,0,0.2
165,32.5,25.144581921360317,1,0.0,1,1,0,0,0,0.5
166,0.0,0.0,1,0.0,0,0,0,0,0,0.1
167,0.0,0.0,1,0.0,0,0,0,0,0,0.1
168,11.0,7.071067811865475,1,0.0,0,0,0,0,0,0.3
169,22.5,104.21466513198337,1,0.0,1,1,1,1,0,0.9
170,23.5,6.3639610306789285,1,0.0,0,0,0,0,0,0.3
171,3.0,38.695391629150535,2,0.0,1,0,0,0,0,0.4
172,8.5,2.1213203435596424,1,0.0,0,0,0,0,0,0.3
173,32.0,13.699148392023012,1,0.0,1,1,0,0,0,0.5
174,39.0,28.2842712474619,1,0.0,0,0,0,0,0,0.3
175,0.0,0.0,1,0.0,0,0,0,0,0,0.1
176,18.0,,1,0.0,0,0,0,0,0,0.2
177,0.0,0.0,1,0.0,0,0,0,0,0,0.1
178,35.5,34.64823227814083,1,0.0,0,0,0,0,0,0.3
179,42.0,40.8313604965595,1,0.0,1,1,1,0,0,0.6
180,28.0,47.10838566539932,2,0.0,1,1,1,0,0,0.6
181,0.0,0.0,1,0.0,0,0,0,0,0,0.1
182,25.5,31.81980515339464,1,0.0,0,0,0,0,0,0.3
183,34.0,49.3254498205541,1,0.0,1,0,0,0,0,0.4
184,41.0,34.50652112282547,1,0.0,1,1,1,0,0,0.6
185,30.5,34.64823227814083,1,0.0,0,0,0,0,0,0.3
186,35.0,21.031722072463143,1,0.0,1,0,0,0,0,0.4
187,1.0,,1,0.0,0,0,0,0,0,0.2
188,12.0,,1,0.0,0,0,0,0,0,0.2
189,21.0,26.892378102354577,1,0.0,1,1,1,0,0,0.6
190,23.0,73.90679458422132,1,0.0,1,1,1,1,0,0.9
191,40.0,32.020826556060875,1,0.0,1,0,0,0,0,0.4
192,13.0,,1,0.0,0,0,0,0,0,0.2
193,47.0,31.72275734127368,1,0.0,1,0,0,0,0,0.4
194,26.0,,1,0.0,0,0,0,0,0,0.2
195,0.0,0.0,1,0.0,0,0,0,0,0,0.1
196,9.0,,1,0.0,0,0,0,0,0,0.2
197,32.0,6.0,1,0.0,1,0,0,0,0,0.4
198,25.0,,1,0.0,0,0,0,0,0,0.2
199,52.0,36.89625093872457,1,0.0,1,0,0,0,0,0.4
200,15.0,23.302360395462088,1,0.0,1,0,0,0,0,0.4
201,30.0,,1,0.0,0,0,0,0,0,0.2
202,14.5,7.7781745930520225,1,0.0,0,0,0,0,0,0.3
203,48.0,14.14213562373095,1,0.0,0,0,0,0,0,0.3
204,32.0,14.099645385611653,1,0.0,1,1,1,0,0,0.6
205,13.0,22.331591971912793,1,0.0,1,1,1,0,0,0.6
206,0.0,0.0,1,0.0,0,0,0,0,0,0.1
207,0.0,0.0,1,0.0,0,0,0,0,0,0.1
208,19.0,1.4142135623730951,1,0.0,0,0,0,0,0,0.3
209,18.0,,1,0.0,0,0,0,0,0,0.2
210,28.5,20.506096654409877,1,0.0,0,0,0,0,0,0.3
211,37.0,30.0,1,0.0,1,0,0,0,0,0.4
212,36.0,28.2842712474619,1,0.0,0,0,0,0,0,0.3
213,34.0,,1,0.0,0,0,0,0,0,0.2
214,45.0,39.71565602295061,1,0.0,1,0,0,0,0,0.4
215,25.0,33.94112549695428,1,0.0,0,0,0,0,0,0.3
216,43.0,,1,0.0,0,0,0,0,0,0.2
217,25.0,22.0,1,0.0,1,0,0,0,0,0.4
218,19.0,16.97056274847714,1,0.0,0,0,0,0,0,0.3
219,31.0,,1,0.0,0,0,0,0,0,0.2
220,47.0,17.349351572897472,1,0.0,1,0,0,0,0,0.4
221,15.5,17.67766952966369,1,0.0,0,0,0,0,0,0.3
222,31.0,34.58805188693537,1,0.0,1,0,0,0,0,0.4
223,25.0,,1,0.0,0,0,0,0,0,0.2
224,22.0,1.4142135623730951,1,0.0,0,0,0,0,0,0.3
225,0.0,0.0,1,0.0,0,0,0,0,0,0.1
226,8.5,7.7781745930520225,1,0.0,0,0,0,0,0,0.3
227,40.5,36.04973416453072,1,0.0,1,1,0,0,0,0.5
228,25.0,15.15585695366646,1,0.0,1,1,1,0,0,0.6
229,30.5,40.30508652763321,1,0.0,0,0,0,0,0,0.3
230,17.0,21.571586249817916,1,0.0,1,0,0,0,0,0.4
231,27.0,14.223220451079285,1,0.0,1,1,1,0,0,0.6
232,15.5,2.1213203435596424,1,0.0,0,0,0,0,0,0.3
233,24.0,40.832585027156924,1,0.0,1,1,1,0,0,0.6
234,31.5,26.162950903902257,1,0.0,0,0,0,0,0,0.3
235,9.5,6.3639610306789285,1,0.0,0,0,0,0,0,0.3
236,26.5,4.949747468305833,1,0.0,0,0,0,0,0,0.3
237,0.0,0.0,1,0.0,0,0,0,0,0,0.1
238,30.0,20.516253719104437,1,0.0,1,1,0,0,0,0.5
239,15.0,14.14213562373095,1,0.0,0,0,0,0,0,0.3
240,6.0,,1,0.0,0,0,0,0,0,0.2
241,33.5,26.162950903902257,1,0.0,0,0,0,0,0,0.3
242,0.0,0.0,1,0.0,0,0,0,0,0,0.1
243,11.0,0.0,1,0.0,0,0,0,0,0,0.3
244,40.0,31.72275734127368,1,0.0,1,0,0,0,0,0.4
245,29.0,22.27105745132009,1,0.0,1,0,0,0,0,0.4
246,0.0,0.0,1,0.0,0,0,0,0,0,0.1
247,0.0,0.0,1,0.0,0,0,0,0,0,0.1
248,22.0,1.4142135623730951,1,0.0,0,0,0,0,0,0.3
249,17.0,46.44979368450772,1,0.0,1,1,0,0,0,0.5
250,9.0,,1,0.0,0,0,0,0,0,0.2
251,22.0,41.89868733027325,1,0.0,1,1,1,0,0,0.6
252,1.0,,1,0.0,0,0,0,0,0,0.2
253,15.0,4.242640687119285,1,0.0,0,0,0,0,0,0.3
254,0.0,0.0,1,0.0,0,0,0,0,0,0.1
255,18.0,27.790885796126275,1,0.0,1,0,0,0,0,0.4
256,39.0,12.767145334803706,1,0.0,1,0,0,0,0,0.4
257,13.0,37.60585060864865,1,0.0,1,1,1,0,0,0.6
258,10.0,,1,0.0,0,0,0,0,0,0.2
259,0.0,0.0,1,0.0,0,0,0,0,0,0.1
260,29.0,16.97056274847714,1,0.0,0,0,0,0,0,0.3
261,6.0,2.8284271247461903,1,0.0,0,0,0,0,0,0.3
262,29.0,43.40890845590722,1,0.0,1,0,0,0,0,0.4
263,33.0,8.48528137423857,1,0.0,0,0,0,0,0,0.3
264,21.0,,1,0.0,0,0,0,0,0,0.2
265,41.0,,1,0.0,0,0,0,0,0,0.2
266,17.0,0.0,1,0.0,0,0,0,0,0,0.3
267,20.0,21.198045732027822,1,1.0,1,1,1,0,0,0.9
268,22.0,26.870057685088806,1,0.0,0,0,0,0,0,0.3
269,21.5,56.27721563830251,1,1.0,1,1,1,0,0,0.9
270,6.0,,1,0.0,0,0,0,0,0,0.2
271,7.5,6.3639610306789285,1,0.0,0,0,0,0,0,0.3
272,0.0,0.0,1,0.0,0,0,0,0,0,0.1
273,25.0,15.821925715074425,1,0.0,1,0,0,0,0,0.4
274,0.0,0.0,1,0.0,0,0,0,0,0,0.1
275,34.5,77.51393883867412,1,1.0,1,1,1,0,0,0.9
276,28.0,26.870057685088806,1,0.0,0,0,0,0,0,0.3
277,13.0,33.15116890850155,1,0.0,1,0,0,0,0,0.4
278,41.0,43.40890845590722,1,0.0,1,0,0,0,0,0.4
279,26.0,13.885243966167826,1,0.0,1,1,1,0,0,0.6
280,20.0,14.14213562373095,1,0.0,0,0,0,0,0,0.3
281,25.0,,1,0.0,0,0,0,0,0,0.2
282,11.0,31.101446911679208,1,0.0,1,1,1,0,0,0.6
283,0.0,0.0,1,0.0,0,0,0,0,0,0.1
284,53.0,29.103264421710495,1,0.0,1,0,0,0,0,0.4
285,19.5,20.506096654409877,1,0.0,0,0,0,0,0,0.3
286,25.5,19.09188309203678,1,0.0,0,0,0,0,0,0.3
287,25.0,43.31627869519726,1,0.0,1,1,1,0,0,0.6
288,0.0,0.0,1,0.0,0,0,0,0,0,0.1
289,46.5,14.849242404917497,1,0.0,0,0,0,0,0,0.3
290,50.0,31.11269837220809,1,0.0,0,0,0,0,0,0.3
291,20.5,19.09188309203678,1,0.0,0,0,0,0,0,0.3
292,21.5,24.748737341529164,1,0.0,0,0,0,0,0,0.3
293,21.0,,1,0.0,0,0,0,0,0,0.2
294,21.5,6.3639610306789285,1,0.0,0,0,0,0,0,0.3
295,7.0,,1,0.0,0,0,0,0,0,0.2
296,14.0,,1,0.0,0,0,0,0,0,0.2
297,6.0,,1,0.0,0,0,0,0,0,0.2
298,1.0,,2,0.0,0,0,0,0,0,0.2
299,43.0,38.88873015840622,1,0.0,1,0,0,0,0,0.4
300,0.0,0.0,1,0.0,0,0,0,0,0,0.1
301,29.5,40.30508652763321,2,0.0,0,0,0,0,0,0.3
302,16.0,,1,0.0,0,0,0,0,0,0.2
303,26.0,22.627416997969522,1,0.0,0,0,0,0,0,0.3
304,25.0,17.42699056062176,1,0.0,1,1,1,0,0,0.6
305,23.5,7.7781745930520225,1,0.0,0,0,0,0,0,0.3
306,32.5,43.1335136523794,1,0.0,0,0,0,0,0,0.3
307,31.0,,1,0.0,0,0,0,0,0,0.2
308,3.0,,1,0.0,0,0,0,0,0,0.2
309,52.5,26.162950903902257,1,0.0,0,0,0,0,0,0.3
310,6.0,49.36598018878993,1,0.0,1,0,0,0,0,0.4
311,17.0,,1,0.0,0,0,0,0,0,0.2
312,38.0,41.05240553244109,1,0.0,1,1,1,0,0,0.6
313,12.0,57.76965754903982,1,0.0,1,0,0,0,0,0.4
314,12.0,,1,0.0,0,0,0,0,0,0.2
315,20.0,,1,0.0,0,0,0,0,0,0.2
316,0.0,0.0,1,0.0,0,0,0,0,0,0.1
317,14.5,4.949747468305833,1,0.0,0,0,0,0,0,0.3
318,49.0,50.47771785649585,1,0.0,1,0,0,0,0,0.4
319,40.0,25.579940057266228,1,0.0,1,0,0,0,0,0.4
320,70.0,30.03886371574886,1,0.0,1,0,0,0,0,0.4
321,19.0,34.84839615083762,1,1.0,1,1,1,0,0,0.9
322,24.0,21.64024029441448,1,0.0,1,1,1,0,0,0.6
323,10.0,12.727922061357857,2,0.0,0,0,0,0,0,0.3
324,16.5,9.192388155425117,1,0.0,0,0,0,0,0,0.3
325,5.0,,1,0.0,0,0,0,0,0,0.2
326,35.0,28.065993657805883,1,0.0,1,1,1,0,0,0.6
327,24.0,60.76403424018896,2,0.0,1,1,1,1,0,0.9
328,24.0,25.455844122715714,1,0.0,0,0,0,0,0,0.3
329,22.0,7.071067811865475,1,0.0,0,0,0,0,0,0.3
330,0.0,0.0,1,0.0,0,0,0,0,0,0.1
331,0.0,0.0,1,0.0,0,0,0,0,0,0.1
332,0.0,0.0,1,0.0,0,0,0,0,0,0.1
333,33.5,66.24791101827826,1,1.0,1,1,1,0,0,0.9
334,0.0,0.0,1,0.0,0,0,0,0,0,0.1
335,26.0,,1,0.0,0,0,0,0,0,0.2
336,37.0,18.635986692418516,1,0.0,1,1,1,0,0,0.6
337,10.0,,1,0.0,0,0,0,0,0,0.2
338,13.0,,1,0.0,0,0,0,0,0,0.2
339,49.5,28.991378028648448,1,0.0,0,0,0,0,0,0.3
340,12.0,,1,0.0,0,0,0,0,0,0.2
341,30.0,15.241391012633985,1,0.0,1,1,1,0,0,0.6
342,0.0,0.0,1,0.0,0,0,0,0,0,0.1
343,19.0,45.55985074602418,1,0.0,1,1,1,0,0,0.6
344,0.0,0.0,1,0.0,0,0,0,0,0,0.1
345,35.0,24.560130292814,1,0.0,1,1,1,0,0,0.6
346,4.0,30.76849037570742,2,0.0,1,1,1,0,0,0.6
347,26.0,,1,0.0,0,0,0,0,0,0.2
348,0.0,0.0,1,0.0,0,0,0,0,0,0.1
349,37.0,,1,0.0,0,0,0,0,0,0.2
350,18.0,19.79898987322333,1,0.0,0,0,0,0,0,0.3
351,26.0,62.74551776820397,1,0.0,1,0,0,0,0,0.4
352,42.0,11.313708498984761,1,0.0,0,0,0,0,0,0.3
353,28.0,25.422431040323428,1,0.0,1,1,1,0,0,0.6
354,18.0,24.041630560342618,2,0.0,0,0,0,0,0,0.3
355,20.0,,1,0.0,0,0,0,0,0,0.2
356,37.5,0.7071067811865476,1,0.0,0,0,0,0,0,0.3
357,13.5,9.192388155425117,1,0.0,0,0,0,0,0,0.3
358,11.0,,1,0.0,0,0,0,0,0,0.2
359,19.0,48.42864166310401,1,0.0,1,0,0,0,0,0.4
360,30.5,16.263455967290593,1,0.0,0,0,0,0,0,0.3
361,4.0,,1,0.0,0,0,0,0,0,0.2
362,18.0,39.19456959470643,1,1.0,1,1,1,0,0,0.9
363,26.0,7.987490219086344,1,0.0,1,1,1,0,0,0.6
364,27.0,,1,0.0,0,0,0,0,0,0.2
365,41.0,21.0,1,0.0,1,0,0,0,0,0.4
366,8.0,,1,0.0,0,0,0,0,0,0.2
367,26.0,31.204166388480882,1,0.0,1,1,1,0,0,0.6
368,12.0,,1,0.0,0,0,0,0,0,0.2
369,26.0,19.03505538035898,1,0.0,1,0,0,0,0,0.4
370,36.0,43.16248370981448,1,0.0,1,1,1,0,0,0.6
371,16.0,2.8284271247461903,1,0.0,0,0,0,0,0,0.3
372,26.0,32.526911934581186,1,0.0,0,0,0,0,0,0.3
373,33.0,36.76955262170047,1,0.0,0,0,0,0,0,0.3
374,47.0,53.31353799302138,1,0.0,1,0,0,0,0,0.4
375,34.0,18.512158166999328,1,0.0,1,1,1,0,0,0.6
376,46.0,24.21156748333325,1,0.0,1,1,1,0,0,0.6
377,0.0,0.0,1,0.0,0,0,0,0,0,0.1
378,27.5,30.405591591021544,1,0.0,0,0,0,0,0,0.3
379,55.0,58.557663887829406,2,0.0,1,0,0,0,0,0.4
380,28.0,59.00282479113465,1,0.0,1,0,0,0,0,0.4
381,32.0,11.054410884348384,1,0.0,1,1,1,0,0,0.6
382,29.5,24.748737341529164,1,0.0,0,0,0,0,0,0.3
383,17.0,19.044684297724654,1,0.0,1,1,1,0,0,0.6
384,34.0,41.012193308819754,1,0.0,0,0,0,0,0,0.3
385,0.0,0.0,1,0.0,0,0,0,0,0,0.1
386,21.0,28.2842712474619,2,0.0,0,0,0,0,0,0.3
387,0.0,0.0,1,0.0,0,0,0,0,0,0.1
388,9.0,,1,0.0,0,0,0,0,0,0.2
389,34.0,17.349351572897472,1,0.0,1,0,0,0,0,0.4
390,13.5,12.020815280171309,1,0.0,0,0,0,0,0,0.3
391,15.0,27.073972741361768,1,0.0,1,0,0,0,0,0.4
392,15.0,,1,0.0,0,0,0,0,0,0.2
393,25.5,9.569918146637063,1,0.0,1,1,0,0,0,0.5
394,0.0,0.0,1,0.0,0,0,0,0,0,0.1
395,42.5,3.5355339059327373,1,0.0,0,0,0,0,0,0.3
396,23.0,5.656854249492381,1,0.0,0,0,0,0,0,0.3
397,21.0,44.37341546466758,2,0.0,1,1,1,0,0,0.6
398,23.0,,1,0.0,0,0,0,0,0,0.2
399,21.0,12.727922061357857,1,0.0,0,0,0,0,0,0.3
400,33.0,15.394804318340652,1,0.0,1,0,0,0,0,0.4
401,26.5,40.10818702792071,2,0.0,1,1,0,0,0,0.5
402,0.0,0.0,1,0.0,0,0,0,0,0,0.1
403,17.0,,1,0.0,0,0,0,0,0,0.2
404,0.0,0.0,1,0.0,0,0,0,0,0,0.1
405,17.0,44.43347086750408,1,0.0,1,0,0,0,0,0.4
406,39.0,,1,0.0,0,0,0,0,0,0.2
407,5.5,6.3639610306789285,1,0.0,0,0,0,0,0,0.3
408,0.0,0.0,1,0.0,0,0,0,0,0,0.1
409,44.0,34.23935357645254,1,0.0,1,0,0,0,0,0.4
410,35.0,2.886751345948129,1,0.0,1,0,0,0,0,0.4
411,34.5,45.96194077712559,1,0.0,0,0,0,0,0,0.3
412,7.0,,1,0.0,0,0,0,0,0,0.2
413,9.0,4.242640687119285,1,0.0,0,0,0,0,0,0.3
414,17.0,1.4142135623730951,1,0.0,0,0,0,0,0,0.3
415,32.0,40.92432039753378,1,0.0,1,1,1,0,0,0.6
416,18.0,88.88837301437606,2,0.0,1,1,1,1,0,0.9
417,39.0,41.968241961432376,1,0.0,1,0,0,0,0,0.4
418,15.0,54.74486277268397,1,0.0,1,0,0,0,0,0.4
419,0.0,0.0,1,0.0,0,0,0,0,0,0.1
420,51.0,26.870057685088806,1,0.0,0,0,0,0,0,0.3
421,28.0,15.947831618540915,1,0.0,1,0,0,0,0,0.4
422,32.0,40.39426232240699,1,1.0,1,1,1,0,0,0.9
423,20.0,37.64306044943742,1,0.0,1,0,0,0,0,0.4
424,26.0,59.00282479113465,1,0.0,1,0,0,0,0,0.4
425,5.0,,1,0.0,0,0,0,0,0,0.2
426,0.0,0.0,1,0.0,0,0,0,0,0,0.1
427,48.0,14.189197769195175,1,0.0,1,0,0,0,0,0.4
428,27.0,46.49014232429638,1,0.0,1,0,0,0,0,0.4
429,11.0,25.98076211353316,1,0.0,1,0,0,0,0,0.4
430,7.0,,1,0.0,0,0,0,0,0,0.2
431,0.0,0.0,1,0.0,0,0,0,0,0,0.1
432,20.0,6.110100926607786,1,0.0,1,0,0,0,0,0.4
433,27.0,25.455844122715714,1,0.0,0,0,0,0,0,0.3
434,46.5,26.162950903902257,1,0.0,0,0,0,0,0,0.3
435,28.0,,1,0.0,0,0,0,0,0,0.2
436,0.0,0.0,1,0.0,0,0,0,0,0,0.1
437,48.0,35.795716689756794,1,0.0,1,0,0,0,0,0.4
438,30.0,,1,0.0,0,0,0,0,0,0.2
439,0.0,0.0,1,0.0,0,0,0,0,0,0.1
440,70.0,45.033320996790806,1,0.0,1,0,0,0,0,0.4
441,24.0,,1,0.0,0,0,0,0,0,0.2
442,10.0,2.8284271247461903,1,0.0,0,0,0,0,0,0.3
443,20.0,,1,0.0,0,0,0,0,0,0.2
444,15.0,88.7194615467365,1,0.0,1,1,1,1,0,0.9
445,35.0,13.892443989449804,1,0.0,1,0,0,0,0,0.4
446,39.0,18.734993995195193,1,0.0,1,0,0,0,0,0.4
447,2.0,,1,0.0,0,0,0,0,0,0.2
448,14.0,,1,0.0,0,0,0,0,0,0.2
449,16.5,21.920310216782973,2,0.0,0,0,0,0,0,0.3
450,23.0,37.16629297271028,1,0.0,1,0,0,0,0,0.4
451,17.0,15.01110699893027,2,0.0,1,0,0,0,0,0.4
452,21.0,24.193663082165408,1,0.0,1,0,0,0,0,0.4
453,0.0,0.0,1,0.0,0,0,0,0,0,0.1
454,31.0,27.134848442547085,1,0.0,1,1,1,0,0,0.6
455,23.0,41.32795663954365,2,0.0,1,0,0,0,0,0.4
456,6.0,41.233481541097156,1,0.0,1,1,1,0,0,0.6
457,18.0,,1,0.0,0,0,0,0,0,0.2
458,12.0,,1,0.0,0,0,0,0,0,0.2
459,16.0,19.318385025669198,1,0.0,1,1,1,0,0,0.6
460,0.0,0.0,1,0.0,0,0,0,0,0,0.1
461,9.0,1.4142135623730951,1,0.0,0,0,0,0,0,0.3
462,23.0,94.42447851514534,1,1.0,1,1,1,0,0,0.9
463,0.0,0.0,1,0.0,0,0,0,0,0,0.1
464,21.0,22.365470835962423,1,1.0,1,1,1,0,0,0.9
465,45.0,,1,0.0,0,0,0,0,0,0.2
466,0.0,0.0,1,0.0,0,0,0,0,0,0.1
467,14.0,22.807893370497855,1,0.0,1,1,1,0,0,0.6
468,25.0,,1,0.0,0,0,0,0,0,0.2
469,18.0,61.25629219380923,1,0.0,1,0,0,0,0,0.4
470,39.0,,1,0.0,0,0,0,0,0,0.2
471,24.5,6.3639610306789285,1,0.0,0,0,0,0,0,0.3
472,38.5,9.192388155425117,1,0.0,0,0,0,0,0,0.3
473,0.0,0.0,1,0.0,0,0,0,0,0,0.1
474,24.0,,1,0.0,0,0,0,0,0,0.2
475,37.0,15.534906930308058,1,0.0,1,0,0,0,0,0.4
476,14.0,,1,0.0,0,0,0,0,0,0.2
477,0.0,0.0,1,0.0,0,0,0,0,0,0.1
478,13.0,,1,0.0,0,0,0,0,0,0.2
479,5.0,1.4142135623730951,1,0.0,0,0,0,0,0,0.3
480,7.0,,1,0.0,0,0,0,0,0,0.2
481,24.5,14.952703211571254,1,0.0,1,1,0,0,0,0.5
482,36.0,17.51285242329187,1,0.0,1,1,1,0,0,0.6
483,11.0,49.11551010967242,1,0.0,1,0,0,0,0,0.4
484,27.0,21.695621678117455,1,0.0,1,1,1,0,0,0.6
485,29.0,33.793490497431605,1,0.0,1,1,0,0,0,0.5
486,34.0,23.501772982763097,1,0.0,1,0,0,0,0,0.4
487,53.0,52.271725945613596,1,0.0,1,0,0,0,0,0.4
488,50.5,26.162950903902257,1,0.0,0,0,0,0,0,0.3
489,0.0,0.0,1,0.0,0,0,0,0,0,0.1
490,51.5,21.920310216782973,1,0.0,0,0,0,0,0,0.3
491,15.5,9.192388155425117,1,0.0,0,0,0,0,0,0.3
492,1.0,,1,0.0,0,0,0,0,0,0.2
493,0.0,0.0,1,0.0,0,0,0,0,0,0.1
494,16.5,40.819725623771646,1,0.0,1,1,0,0,0,0.5
495,0.0,0.0,1,0.0,0,0,0,0,0,0.1
496,11.0,,1,0.0,0,0,0,0,0,0.2
497,18.0,7.071067811865475,1,0.0,0,0,0,0,0,0.3
498,31.0,,1,0.0,0,0,0,0,0,0.2
499,40.0,18.525657883055057,1,0.0,1,1,1,0,0,0.6
500,7.0,,1,0.0,0,0,0,0,0,0.2
501,35.5,38.890872965260115,1,0.0,0,0,0,0,0,0.3
502,0.0,0.0,1,0.0,0,0,0,0,0,0.1
503,43.0,19.924858845171276,1,0.0,1,0,0,0,0,0.4
504,20.0,,1,0.0,0,0,0,0,0,0.2
505,21.0,,1,0.0,0,0,0,0,0,0.2
506,42.0,36.76955262170047,1,0.0,0,0,0,0,0,0.3
507,7.0,,1,0.0,0,0,0,0,0,0.2
508,22.0,,1,0.0,0,0,0,0,0,0.2
509,18.5,3.5355339059327373,1,0.0,0,0,0,0,0,0.3
510,23.5,20.526985722632123,1,0.0,1,1,1,1,0,0.9
511,36.0,40.05870691872118,1,0.0,1,1,1,0,0,0.6
512,11.0,,1,0.0,0,0,0,0,0,0.2
513,4.0,,1,0.0,0,0,0,0,0,0.2
514,24.0,20.404247923737188,1,0.0,1,0,0,0,0,0.4
515,33.0,8.48528137423857,1,0.0,0,0,0,0,0,0.3
516,36.0,52.7288662246149,1,0.0,1,0,0,0,0,0.4
517,24.0,,1,0.0,0,0,0,0,0,0.2
518,2.5,2.1213203435596424,2,0.0,0,0,0,0,0,0.3
519,0.0,0.0,1,0.0,0,0,0,0,0,0.1
520,25.0,,1,0.0,0,0,0,0,0,0.2
521,54.0,21.213203435596427,1,0.0,0,0,0,0,0,0.3
522,2.0,,1,0.0,0,0,0,0,0,0.2
523,17.0,8.48528137423857,1,0.0,0,0,0,0,0,0.3
524,0.0,0.0,1,0.0,0,0,0,0,0,0.1
525,38.0,27.018512172212592,1,0.0,1,1,1,0,0,0.6
526,21.5,39.915759508530684,1,1.0,1,1,1,0,0,0.9
527,41.0,47.46577714522327,1,0.0,1,0,0,0,0,0.4
528,14.0,15.401298646542763,1,0.0,1,1,1,0,0,0.6
529,0.0,0.0,1,0.0,0,0,0,0,0,0.1
530,12.0,,1,0.0,0,0,0,0,0,0.2
531,12.0,15.556349186104045,2,0.0,0,0,0,0,0,0.3
532,14.5,44.06340129101853,1,0.0,1,1,0,0,0,0.5
533,44.0,45.566800780100124,1,0.0,1,0,0,0,0,0.4
534,49.0,27.465129406819358,1,0.0,1,0,0,0,0,0.4
535,31.0,48.78865988458111,1,0.0,1,0,0,0,0,0.4
536,10.5,4.949747468305833,1,0.0,0,0,0,0,0,0.3
537,22.0,22.487774456357393,1,0.0,1,1,1,0,0,0.6
538,29.0,9.539392014169456,1,0.0,1,0,0,0,0,0.4
539,14.5,16.263455967290593,1,0.0,0,0,0,0,0,0.3
540,20.0,22.479620400116485,1,0.0,1,0,0,0,0,0.4
541,7.5,3.5355339059327373,1,0.0,0,0,0,0,0,0.3
542,10.0,,1,0.0,0,0,0,0,0,0.2
543,29.5,31.81980515339464,1,0.0,0,0,0,0,0,0.3
544,2.0,,1,0.0,0,0,0,0,0,0.2
545,15.0,12.340988615179903,1,0.0,1,1,1,0,0,0.6
546,30.0,23.530830839560252,1,0.0,1,1,1,0,0,0.6
547,4.0,1.4142135623730951,1,0.0,0,0,0,0,0,0.3
548,57.0,19.139836293274126,1,0.0,1,0,0,0,0,0.4
549,0.0,0.0,1,0.0,0,0,0,0,0,0.1
550,0.0,0.0,1,0.0,0,0,0,0,0,0.1
551,32.0,52.93706955747866,1,0.0,1,0,0,0,0,0.4
552,19.0,,1,0.0,0,0,0,0,0,0.2
553,32.0,46.694039591079864,1,0.0,1,0,0,0,0,0.4
554,31.0,,1,0.0,0,0,0,0,0,0.2
555,35.0,36.76955262170047,1,0.0,0,0,0,0,0,0.3
556,36.0,17.009801096230767,1,0.0,1,0,0,0,0,0.4
557,29.5,38.43067351305031,1,0.0,1,1,0,0,0,0.5
558,35.0,23.811761799581316,1,0.0,1,0,0,0,0,0.4
559,35.5,33.23401871576773,1,0.0,0,0,0,0,0,0.3
560,44.5,23.33452377915607,1,0.0,0,0,0,0,0,0.3
561,16.0,,1,0.0,0,0,0,0,0,0.2
562,40.0,,1,0.0,0,0,0,0,0,0.2
563,27.0,52.30997355508157,1,0.0,1,0,0,0,0,0.4
564,48.0,23.430749027719965,1,0.0,1,0,0,0,0,0.4
565,27.0,,1,0.0,0,0,0,0,0,0.2
566,48.0,29.558416737031095,1,0.0,1,1,1,0,0,0.6
567,11.5,9.192388155425117,1,0.0,0,0,0,0,0,0.3
568,40.5,17.404501333467348,1,0.0,1,1,0,0,0,0.5
569,13.0,,1,0.0,0,0,0,0,0,0.2
570,34.0,,1,0.0,0,0,0,0,0,0.2
571,26.0,,1,0.0,0,0,0,0,0,0.2
572,0.0,0.0,1,0.0,0,0,0,0,0,0.1
573,33.0,,1,0.0,0,0,0,0,0,0.2
574,0.0,0.0,1,0.0,0,0,0,0,0,0.1
575,21.0,14.14213562373095,1,0.0,0,0,0,0,0,0.3
576,19.0,,1,0.0,0,0,0,0,0,0.2
577,38.0,24.041630560342618,1,0.0,0,0,0,0,0,0.3
578,8.0,65.24824390995771,1,0.0,1,0,0,0,0,0.4
579,22.0,31.910813214332222,1,0.0,1,1,1,0,0,0.6
580,19.0,25.455844122715714,2,0.0,0,0,0,0,0,0.3
581,55.5,39.718803271666346,1,0.0,1,1,0,0,0,0.5
582,0.0,0.0,1,0.0,0,0,0,0,0,0.1
583,20.5,7.7781745930520225,1,0.0,0,0,0,0,0,0.3
584,28.5,7.7781745930520225,1,0.0,0,0,0,0,0,0.3
585,25.5,45.531582445594836,1,0.0,1,1,1,1,0,0.9
586,12.5,3.5355339059327373,1,0.0,0,0,0,0,0,0.3
587,60.0,44.45597072760118,1,0.0,1,0,0,0,0,0.4
588,43.0,26.286878856189833,1,0.0,1,0,0,0,0,0.4
589,19.0,,1,0.0,0,0,0,0,0,0.2
590,27.0,7.071067811865475,1,0.0,0,0,0,0,0,0.3
591,35.0,45.254833995939045,1,0.0,0,0,0,0,0,0.3
592,23.5,20.589525769880456,1,1.0,1,1,1,0,0,0.9
593,20.5,10.606601717798213,1,0.0,0,0,0,0,0,0.3
594,41.0,,1,0.0,0,0,0,0,0,0.2
595,16.0,,1,0.0,0,0,0,0,0,0.2
596,21.0,24.02082429892863,1,0.0,1,0,0,0,0,0.4
597,0.0,0.0,1,0.0,0,0,0,0,0,0.1
598,13.0,18.58314648635514,1,0.0,1,0,0,0,0,0.4
599,24.5,62.712495906773974,1,0.0,1,1,1,1,0,0.9
600,25.5,34.64823227814083,1,0.0,0,0,0,0,0,0.3
601,0.0,0.0,1,0.0,0,0,0,0,0,0.1
602,20.0,38.33144922905994,1,0.0,1,1,1,0,0,0.6
603,45.0,,1,0.0,0,0,0,0,0,0.2
604,35.0,,1,0.0,0,0,0,0,0,0.2
605,34.0,,1,0.0,0,0,0,0,0,0.2
606,33.0,,1,0.0,0,0,0,0,0,0.2
607,9.0,25.146238950056397,2,0.0,1,0,0,0,0,0.4
608,32.0,10.969655114602888,1,0.0,1,0,0,0,0,0.4
609,24.0,27.784887978899608,1,0.0,1,0,0,0,0,0.4
610,10.0,,1,0.0,0,0,0,0,0,0.2
611,6.0,,1,0.0,0,0,0,0,0,0.2
612,27.5,26.162950903902257,1,0.0,0,0,0,0,0,0.3
613,30.0,8.48528137423857,1,0.0,0,0,0,0,0,0.3
614,29.0,,1,0.0,0,0,0,0,0,0.2
615,22.0,,1,0.0,0,0,0,0,0,0.2
616,32.5,6.3639610306789285,1,0.0,0,0,0,0,0,0.3
617,26.0,17.009801096230767,1,0.0,1,0,0,0,0,0.4
618,0.0,0.0,1,0.0,0,0,0,0,0,0.1
619,54.0,26.576932353703526,1,0.0,1,0,0,0,0,0.4
620,21.0,46.45786621588784,1,0.0,1,0,0,0,0,0.4
621,17.0,29.46183972531247,1,0.0,1,1,1,0,0,0.6
622,17.0,,1,0.0,0,0,0,0,0,0.2
623,25.0,,1,0.0,0,0,0,0,0,0.2
624,32.5,27.59679933132343,1,0.0,1,1,0,0,0,0.5
625,23.0,29.698484809834994,1,0.0,0,0,0,0,0,0.3
626,31.0,45.160032898887174,1,1.0,1,1,1,0,0,0.9
627,14.0,,1,0.0,0,0,0,0,0,0.2
628,29.0,14.481022063376605,1,0.0,1,1,1,0,0,0.6
629,12.0,,1,0.0,0,0,0,0,0,0.2
630,30.5,9.192388155425117,1,0.0,0,0,0,0,0,0.3
631,16.0,,1,0.0,0,0,0,0,0,0.2
632,27.5,4.949747468305833,1,0.0,0,0,0,0,0,0.3
633,32.5,110.70004516710912,2,1.0,1,1,1,0,0,0.9
634,39.0,17.728508115461945,1,0.0,1,1,1,0,0,0.6
635,9.0,4.242640687119285,1,0.0,0,0,0,0,0,0.3
636,0.0,0.0,1,0.0,0,0,0,0,0,0.1
637,35.0,,1,0.0,0,0,0,0,0,0.2
638,15.0,7.071067811865475,1,0.0,0,0,0,0,0,0.3
639,25.0,54.27092530382482,1,0.0,1,0,0,0,0,0.4
640,13.5,3.5355339059327373,1,0.0,0,0,0,0,0,0.3
641,24.0,33.66303610787357,1,0.0,1,1,1,0,0,0.6
642,23.0,27.844209451877063,1,0.0,1,1,1,0,0,0.6
643,18.0,37.83296622435694,1,0.0,1,1,0,0,0,0.5
644,9.5,12.020815280171309,2,0.0,0,0,0,0,0,0.3
645,0.0,0.0,1,0.0,0,0,0,0,0,0.1
646,8.5,4.949747468305833,1,0.0,0,0,0,0,0,0.3
647,1.0,,1,0.0,0,0,0,0,0,0.2
648,0.0,0.0,1,0.0,0,0,0,0,0,0.1
649,28.0,13.868429375143146,1,0.0,1,0,0,0,0,0.4
650,11.0,43.01162633521314,1,0.0,1,1,1,0,0,0.6
651,9.0,9.899494936611665,1,0.0,0,0,0,0,0,0.3
652,44.0,,1,0.0,0,0,0,0,0,0.2
653,25.0,35.64173583501978,1,0.0,1,0,0,0,0,0.4
654,38.0,32.129944496269104,2,0.0,1,0,0,0,0,0.4
655,38.0,26.870057685088806,1,0.0,0,0,0,0,0,0.3
656,6.0,,1,0.0,0,0,0,0,0,0.2
657,16.0,,1,0.0,0,0,0,0,0,0.2
658,25.0,5.656854249492381,1,0.0,0,0,0,0,0,0.3
659,7.0,7.071067811865475,1,0.0,0,0,0,0,0,0.3
660,33.5,92.81692810504528,1,1.0,1,1,1,0,0,0.9
661,34.0,12.583057392117917,1,0.0,1,0,0,0,0,0.4
662,5.5,0.7071067811865476,1,0.0,0,0,0,0,0,0.3
663,19.0,,1,0.0,0,0,0,0,0,0.2
664,20.0,,1,0.0,0,0,0,0,0,0.2
665,26.5,3.5355339059327373,1,0.0,0,0,0,0,0,0.3
666,44.0,24.57234217570641,1,0.0,1,1,1,0,0,0.6
667,32.0,6.2915286960589585,1,0.0,1,1,0,0,0,0.5
668,27.0,33.90427701632937,2,0.0,1,1,1,0,0,0.6
669,29.0,1.4142135623730951,1,0.0,0,0,0,0,0,0.3
670,21.0,5.787918451395113,1,0.0,1,1,1,0,0,0.6
671,20.0,,1,0.0,0,0,0,0,0,0.2
672,31.0,40.209451625208715,1,0.0,1,1,1,0,0,0.6
673,26.0,49.237519569260726,1,0.0,1,0,0,0,0,0.4
674,46.0,16.97056274847714,1,0.0,0,0,0,0,0,0.3
675,21.0,,1,0.0,0,0,0,0,0,0.2
676,26.5,36.062445840513924,1,0.0,0,0,0,0,0,0.3
677,25.0,18.384776310850235,1,0.0,0,0,0,0,0,0.3
678,8.0,,1,0.0,0,0,0,0,0,0.2
679,14.5,13.435028842544403,1,0.0,0,0,0,0,0,0.3
680,7.0,,1,0.0,0,0,0,0,0,0.2
681,13.0,45.21430452117265,2,0.0,1,0,0,0,0,0.4
682,15.0,27.169836215921507,1,0.0,1,1,1,0,0,0.6
683,23.0,11.313708498984761,1,0.0,0,0,0,0,0,0.3
684,19.0,,1,0.0,0,0,0,0,0,0.2
685,44.5,20.506096654409877,1,0.0,0,0,0,0,0,0.3
686,31.0,12.727922061357857,1,0.0,0,0,0,0,0,0.3
687,12.0,18.7136313953225,2,0.0,1,1,1,0,0,0.6
688,14.0,,1,0.0,0,0,0,0,0,0.2
689,18.0,,1,0.0,0,0,0,0,0,0.2
690,40.5,17.67766952966369,1,0.0,0,0,0,0,0,0.3
691,33.0,,1,0.0,0,0,0,0,0,0.2
692,24.0,50.658990646610135,1,0.0,1,0,0,0,0,0.4
693,32.0,10.44030650891055,1,0.0,1,1,1,0,0,0.6
694,10.0,37.625789028271555,1,0.0,1,1,1,0,0,0.6
695,37.0,40.414518843273804,1,0.0,1,0,0,0,0,0.4
696,18.0,28.745434420095307,2,0.0,1,1,1,0,0,0.6
697,0.0,0.0,1,0.0,0,0,0,0,0,0.1
698,21.0,61.14736298484179,1,0.0,1,0,0,0,0,0.4
699,0.0,0.0,1,0.0,0,0,0,0,0,0.1
700,7.0,,1,0.0,0,0,0,0,0,0.2
701,27.0,,1,0.0,0,0,0,0,0,0.2
702,42.0,7.071067811865475,1,0.0,0,0,0,0,0,0.3
703,0.0,0.0,1,0.0,0,0,0,0,0,0.1
704,20.0,32.39341496868358,1,0.0,1,0,0,0,0,0.4
705,32.0,9.97496867163,1,0.0,1,1,1,0,0,0.6
706,54.5,20.506096654409877,1,0.0,0,0,0,0,0,0.3
707,20.0,,1,0.0,0,0,0,0,0,0.2
708,23.0,14.14213562373095,1,0.0,0,0,0,0,0,0.3
709,48.5,30.405591591021544,1,0.0,0,0,0,0,0,0.3
710,60.0,48.22171018673367,1,0.0,1,0,0,0,0,0.4
711,29.0,22.940528702339385,1,1.0,1,1,1,0,0,0.9
712,32.0,,1,0.0,0,0,0,0,0,0.2
713,25.0,,1,0.0,0,0,0,0,0,0.2
714,14.0,68.4145713384844,1,0.0,1,1,1,1,0,0.9
715,33.0,15.631165450257807,1,0.0,1,0,0,0,0,0.4
716,0.0,0.0,1,0.0,0,0,0,0,0,0.1
717,8.0,60.33517492585344,1,0.0,1,0,0,0,0,0.4
718,8.0,,1,0.0,0,0,0,0,0,0.2
719,12.0,,1,0.0,0,0,0,0,0,0.2
720,0.0,0.0,1,0.0,0,0,0,0,0,0.1
721,31.0,15.874507866387543,1,0.0,1,0,0,0,0,0.4
722,9.0,,1,0.0,0,0,0,0,0,0.2
723,11.0,,1,0.0,0,0,0,0,0,0.2
724,44.0,28.827070610799147,1,0.0,1,0,0,0,0,0.4
725,0.0,0.0,1,0.0,0,0,0,0,0,0.1
726,0.0,0.0,1,0.0,0,0,0,0,0,0.1
727,35.5,9.192388155425117,1,0.0,0,0,0,0,0,0.3
728,18.0,,1,0.0,0,0,0,0,0,0.2
729,0.0,0.0,1,0.0,0,0,0,0,0,0.1
730,10.0,,1,0.0,0,0,0,0,0,0.2
731,37.0,19.67019742317465,1,0.0,1,1,0,0,0,0.5
732,22.0,15.641824275533422,1,0.0,1,1,0,0,0,0.5
733,51.0,22.810816147900834,1,0.0,1,0,0,0,0,0.4
734,29.0,,1,0.0,0,0,0,0,0,0.2
735,17.0,,1,0.0,0,0,0,0,0,0.2
736,9.0,,1,0.0,0,0,0,0,0,0.2
737,0.0,0.0,1,0.0,0,0,0,0,0,0.1
738,0.0,0.0,1,0.0,0,0,0,0,0,0.1
739,31.0,,1,0.0,0,0,0,0,0,0.2
740,40.0,22.620786900547913,2,0.0,1,1,1,0,0,0.6
741,22.0,23.101947969814148,1,0.0,1,1,1,0,0,0.6
742,15.0,2.8284271247461903,1,0.0,0,0,0,0,0,0.3
743,26.0,59.00282479113465,1,0.0,1,0,0,0,0,0.4
744,23.0,26.632686683847727,1,0.0,1,1,1,0,0,0.6
745,35.0,31.11269837220809,1,0.0,0,0,0,0,0,0.3
746,0.0,0.0,1,0.0,0,0,0,0,0,0.1
747,3.0,,1,0.0,0,0,0,0,0,0.2
748,12.0,,1,0.0,0,0,0,0,0,0.2
749,35.0,,1,0.0,0,0,0,0,0,0.2
750,69.0,44.37717130838031,1,0.0,1,0,0,0,0,0.4
751,29.0,,1,0.0,0,0,0,0,0,0.2
752,31.0,62.48528398179618,1,1.0,1,1,1,0,0,0.9
753,24.0,49.123750438488074,1,1.0,1,1,1,0,0,0.9
754,23.5,88.31750756705684,1,0.0,1,1,1,1,0,0.9
755,25.0,16.97056274847714,1,0.0,0,0,0,0,0,0.3
756,0.0,0.0,1,0.0,0,0,0,0,0,0.1
757,16.5,6.3639610306789285,1,0.0,0,0,0,0,0,0.3
758,31.5,17.33974240485327,1,0.0,1,1,0,0,0,0.5
759,35.0,48.083261120685236,2,0.0,0,0,0,0,0,0.3
760,41.0,,1,0.0,0,0,0,0,0,0.2
761,0.0,0.0,1,0.0,0,0,0,0,0,0.1
762,0.0,0.0,1,0.0,0,0,0,0,0,0.1
763,24.0,,1,0.0,0,0,0,0,0,0.2
764,4.0,,1,0.0,0,0,0,0,0,0.2
765,0.0,0.0,1,0.0,0,0,0,0,0,0.1
766,26.0,,1,0.0,0,0,0,0,0,0.2
767,3.0,1.4142135623730951,1,0.0,0,0,0,0,0,0.3
768,27.0,14.93987951758648,1,0.0,1,1,1,0,0,0.6
769,15.0,21.365860619221497,2,0.0,1,1,1,0,0,0.6
770,5.0,,1,0.0,0,0,0,0,0,0.2
771,0.0,0.0,1,0.0,0,0,0,0,0,0.1
772,1.0,,2,0.0,0,0,0,0,0,0.2
773,24.5,19.09188309203678,1,0.0,0,0,0,0,0,0.3
774,0.0,0.0,1,0.0,0,0,0,0,0,0.1
775,22.0,,1,0.0,0,0,0,0,0,0.2
776,13.0,,1,0.0,0,0,0,0,0,0.2
777,18.0,,1,0.0,0,0,0,0,0,0.2
778,23.0,,1,0.0,0,0,0,0,0,0.2
779,10.0,,1,0.0,0,0,0,0,0,0.2
780,5.5,2.1213203435596424,1,0.0,0,0,0,0,0,0.3
781,65.0,42.320207938997655,1,0.0,1,0,0,0,0,0.4
782,9.0,53.46338310781813,1,0.0,1,0,0,0,0,0.4
783,13.5,10.606601717798213,1,0.0,0,0,0,0,0,0.3
784,26.0,32.34707611722168,1,0.0,1,0,0,0,0,0.4
785,0.0,0.0,1,0.0,0,0,0,0,0,0.1
786,7.0,,1,0.0,0,0,0,0,0,0.2
787,0.0,0.0,1,0.0,0,0,0,0,0,0.1
788,40.0,30.01166439902992,1,0.0,1,1,1,0,0,0.6
789,24.0,13.796134724383252,1,0.0,1,0,0,0,0,0.4
790,53.0,33.560889936551646,1,0.0,1,0,0,0,0,0.4
791,23.0,14.293355099485915,1,0.0,1,1,1,0,0,0.6
792,27.0,32.526911934581186,1,0.0,0,0,0,0,0,0.3
793,72.0,32.715949219506584,1,0.0,1,0,0,0,0,0.4
794,33.5,21.920310216782973,1,0.0,0,0,0,0,0,0.3
795,36.0,31.879983270593684,1,0.0,1,0,0,0,0,0.4
796,34.0,48.083261120685236,2,0.0,0,0,0,0,0,0.3
797,41.0,38.991452054691855,1,0.0,1,0,0,0,0,0.4
798,47.0,18.520259177452136,1,0.0,1,0,0,0,0,0.4
799,6.0,16.19670748434179,1,0.0,1,0,0,0,0,0.4
800,0.0,0.0,1,0.0,0,0,0,0,0,0.1
801,34.0,,1,0.0,0,0,0,0,0,0.2
802,44.0,39.585350825778974,1,0.0,1,0,0,0,0,0.4
803,11.0,9.899494936611665,1,0.0,0,0,0,0,0,0.3
804,47.0,19.79898987322333,1,0.0,0,0,0,0,0,0.3
805,52.5,23.33452377915607,1,0.0,0,0,0,0,0,0.3
806,0.0,0.0,1,0.0,0,0,0,0,0,0.1
807,50.0,21.007935008784973,1,0.0,1,0,0,0,0,0.4
808,2.0,40.414518843273804,1,0.0,1,0,0,0,0,0.4
809,20.0,18.384776310850235,1,0.0,0,0,0,0,0,0.3
810,20.0,22.565460332109335,1,0.0,1,1,1,0,0,0.6
811,1.0,,2,0.0,0,0,0,0,0,0.2
812,26.0,,1,0.0,0,0,0,0,0,0.2
813,0.0,,2,0.0,0,0,0,0,0,0.2
814,5.0,62.36184731067546,1,0.0,1,0,0,0,0,0.4
815,12.0,18.20164827701052,1,0.0,1,1,1,0,0,0.6
816,0.0,0.0,1,0.0,0,0,0,0,0,0.1
817,34.0,32.526911934581186,1,0.0,0,0,0,0,0,0.3
818,50.0,35.24674925909244,1,0.0,1,0,0,0,0,0.4
819,35.0,,1,0.0,0,0,0,0,0,0.2
820,30.5,13.149778198382917,1,0.0,1,1,0,0,0,0.5
821,12.5,14.849242404917497,1,0.0,0,0,0,0,0,0.3
822,46.0,13.650396819628847,1,0.0,1,0,0,0,0,0.4
823,12.0,0.0,1,0.0,0,0,0,0,0,0.3
824,40.0,24.29403218899654,1,0.0,1,1,1,0,0,0.6
825,16.5,18.7794213613377,1,0.0,1,1,0,0,0,0.5
826,26.0,32.526911934581186,1,0.0,0,0,0,0,0,0.3
827,6.0,,1,0.0,0,0,0,0,0,0.2
828,23.0,28.943047524405582,1,0.0,1,1,1,0,0,0.6
829,19.5,4.949747468305833,1,0.0,0,0,0,0,0,0.3
830,0.0,0.0,1,0.0,0,0,0,0,0,0.1
831,26.0,33.166247903554,1,0.0,1,1,1,0,0,0.6
832,29.0,14.571661996262929,1,0.0,1,0,0,0,0,0.4
833,69.0,30.04995840263344,1,0.0,1,0,0,0,0,0.4
834,26.5,17.67766952966369,1,0.0,0,0,0,0,0,0.3
835,0.0,0.0,1,0.0,0,0,0,0,0,0.1
836,37.0,,1,0.0,0,0,0,0,0,0.2
837,0.0,0.0,1,0.0,0,0,0,0,0,0.1
838,0.0,0.0,1,0.0,0,0,0,0,0,0.1
839,29.5,10.606601717798213,1,0.0,0,0,0,0,0,0.3
840,49.0,33.560889936551646,1,0.0,1,0,0,0,0,0.4
841,27.0,28.2842712474619,1,0.0,0,0,0,0,0,0.3
842,0.0,0.0,1,0.0,0,0,0,0,0,0.1
843,9.5,13.435028842544403,2,0.0,0,0,0,0,0,0.3
844,27.0,19.79898987322333,1,0.0,0,0,0,0,0,0.3
845,0.0,0.0,1,0.0,0,0,0,0,0,0.1
846,39.0,18.27019430657485,1,0.0,1,1,1,0,0,0.6
847,4.0,,1,0.0,0,0,0,0,0,0.2
848,39.0,38.27967258654825,1,0.0,1,0,0,0,0,0.4
849,29.0,,1,0.0,0,0,0,0,0,0.2
850,19.0,,1,0.0,0,0,0,0,0,0.2
851,25.0,21.213203435596427,1,0.0,0,0,0,0,0,0.3
852,15.0,,1,0.0,0,0,0,0,0,0.2
853,32.0,,1,0.0,0,0,0,0,0,0.2
854,1.0,,1,0.0,0,0,0,0,0,0.2
855,35.0,,1,0.0,0,0,0,0,0,0.2
856,36.5,40.42585806139432,1,0.0,1,1,0,0,0,0.5
857,7.5,3.5355339059327373,1,0.0,0,0,0,0,0,0.3
858,33.0,15.502687938977981,1,0.0,1,0,0,0,0,0.4
859,12.0,46.54567649094812,1,0.0,1,1,1,0,0,0.6
860,5.0,,1,0.0,0,0,0,0,0,0.2
861,16.0,,1,0.0,0,0,0,0,0,0.2
862,25.0,12.727922061357857,1,0.0,0,0,0,0,0,0.3
863,42.5,26.162950903902257,1,0.0,0,0,0,0,0,0.3
864,34.0,25.03397691138985,1,0.0,1,1,1,0,0,0.6
865,44.5,16.263455967290593,1,0.0,0,0,0,0,0,0.3
866,9.0,,1,0.0,0,0,0,0,0,0.2
867,9.0,,1,0.0,0,0,0,0,0,0.2
868,13.0,7.571877794400365,1,0.0,1,0,0,0,0,0.4
869,38.0,78.25188267931414,1,1.0,1,1,1,0,0,0.9
870,13.0,56.471231613982,1,0.0,1,0,0,0,0,0.4
871,11.5,2.1213203435596424,1,0.0,0,0,0,0,0,0.3
872,29.0,,1,0.0,0,0,0,0,0,0.2
873,4.0,35.795716689756794,1,0.0,1,0,0,0,0,0.4
874,13.0,12.727922061357857,1,0.0,0,0,0,0,0,0.3
875,33.0,32.20220711158077,1,1.0,1,1,1,0,0,0.9
876,15.0,14.14213562373095,1,0.0,0,0,0,0,0,0.3
877,43.5,31.81980515339464,1,0.0,0,0,0,0,0,0.3
878,31.0,,1,0.0,0,0,0,0,0,0.2
879,7.0,,1,0.0,0,0,0,0,0,0.2
880,39.0,44.44097208657794,1,0.0,1,0,0,0,0,0.4
881,39.0,28.2842712474619,1,0.0,0,0,0,0,0,0.3
882,32.5,24.748737341529164,1,0.0,0,0,0,0,0,0.3
883,16.0,81.98421015223428,1,1.0,1,1,1,0,0,0.9
884,14.0,,1,0.0,0,0,0,0,0,0.2
885,6.0,26.888659319497503,1,0.0,1,0,0,0,0,0.4
886,27.0,,1,0.0,0,0,0,0,0,0.2
887,10.0,,1,0.0,0,0,0,0,0,0.2
888,12.0,42.927846440276966,1,0.0,1,1,1,0,0,0.6
889,23.0,47.26873526268005,1,0.0,1,0,0,0,0,0.4
890,52.0,43.98105652816146,1,0.0,1,0,0,0,0,0.4
891,3.0,,1,0.0,0,0,0,0,0,0.2
892,54.0,35.94903800289145,1,0.0,1,0,0,0,0,0.4
893,0.0,0.0,1,0.0,0,0,0,0,0,0.1
894,21.0,34.717430780517155,2,0.0,1,1,1,0,0,0.6
895,27.0,19.857828011475306,1,0.0,1,0,0,0,0,0.4
896,0.0,0.0,1,0.0,0,0,0,0,0,0.1
897,11.0,,1,0.0,0,0,0,0,0,0.2
898,25.5,20.41241452319315,2,0.0,1,1,0,0,0,0.5
899,0.0,0.0,1,0.0,0,0,0,0,0,0.1
900,36.0,7.571877794400365,1,0.0,1,0,0,0,0,0.4
901,20.0,27.54450943473127,2,0.0,1,1,1,0,0,0.6
902,2.0,,1,0.0,0,0,0,0,0,0.2
903,18.0,11.313708498984761,1,0.0,0,0,0,0,0,0.3
904,14.0,16.88786546606764,1,0.0,1,1,1,0,0,0.6
905,30.0,34.97570585420686,1,0.0,1,1,1,0,0,0.6
906,0.0,0.0,1,0.0,0,0,0,0,0,0.1
907,34.0,30.038308873836424,1,0.0,1,1,1,0,0,0.6
908,35.0,,1,0.0,0,0,0,0,0,0.2
909,0.0,0.0,1,0.0,0,0,0,0,0,0.1
910,34.5,51.65199484461923,1,0.0,1,1,1,1,0,0.9
911,0.0,0.0,1,0.0,0,0,0,0,0,0.1
912,29.0,,1,0.0,0,0,0,0,0,0.2
913,14.0,20.06738647656939,1,0.0,1,1,1,0,0,0.6
914,30.0,,1,0.0,0,0,0,0,0,0.2
915,5.0,,1,0.0,0,0,0,0,0,0.2
916,12.0,8.48528137423857,1,0.0,0,0,0,0,0,0.3
917,9.5,12.020815280171309,2,0.0,0,0,0,0,0,0.3
918,0.0,0.0,1,0.0,0,0,0,0,0,0.1
919,11.0,,1,0.0,0,0,0,0,0,0.2
920,6.0,,1,0.0,0,0,0,0,0,0.2
921,0.0,0.0,1,0.0,0,0,0,0,0,0.1
922,0.0,0.0,1,0.0,0,0,0,0,0,0.1
923,0.0,0.0,1,0.0,0,0,0,0,0,0.1
924,47.0,34.947579792216416,1,0.0,1,0,0,0,0,0.4
925,14.0,,1,0.0,0,0,0,0,0,0.2
926,13.0,,1,0.0,0,0,0,0,0,0.2
927,25.0,,1,0.0,0,0,0,0,0,0.2
928,0.0,0.0,1,0.0,0,0,0,0,0,0.1
929,27.0,38.083242158898884,1,0.0,1,0,0,0,0,0.4
930,28.0,,1,0.0,0,0,0,0,0,0.2
931,29.0,,1,0.0,0,0,0,0,0,0.2
932,0.0,0.0,1,0.0,0,0,0,0,0,0.1
933,10.0,22.39419567655869,1,0.0,1,1,1,0,0,0.6
934,29.5,110.14633124037444,1,1.0,1,1,1,0,0,0.9
935,42.0,50.08991914547277,1,0.0,1,0,0,0,0,0.4
936,32.0,16.296727687892847,1,0.0,1,1,0,0,0,0.5
937,25.0,,1,0.0,0,0,0,0,0,0.2
938,18.0,7.071067811865475,1,0.0,0,0,0,0,0,0.3
939,5.5,0.7071067811865476,1,0.0,0,0,0,0,0,0.3
940,45.5,37.476659402887016,1,0.0,0,0,0,0,0,0.3
941,0.0,0.0,1,0.0,0,0,0,0,0,0.1
942,8.0,9.899494936611665,1,0.0,0,0,0,0,0,0.3
943,14.0,,1,0.0,0,0,0,0,0,0.2
944,0.0,0.0,1,0.0,0,0,0,0,0,0.1
945,33.5,6.3639610306789285,1,0.0,0,0,0,0,0,0.3
946,15.0,,1,0.0,0,0,0,0,0,0.2
947,8.0,38.641946120763635,1,0.0,1,1,1,0,0,0.6
948,31.0,27.012959852633696,1,0.0,1,1,1,0,0,0.6
949,40.5,36.062445840513924,1,0.0,0,0,0,0,0,0.3
950,34.0,,1,0.0,0,0,0,0,0,0.2
951,23.0,24.041630560342618,1,0.0,0,0,0,0,0,0.3
952,26.0,,1,0.0,0,0,0,0,0,0.2
953,32.0,,1,0.0,0,0,0,0,0,0.2
954,0.0,0.0,1,0.0,0,0,0,0,0,0.1
955,30.5,30.405591591021544,1,0.0,0,0,0,0,0,0.3
956,27.0,,1,0.0,0,0,0,0,0,0.2
957,72.0,40.5010287935175,1,0.0,1,0,0,0,0,0.4
958,62.0,25.696951829610715,1,0.0,1,0,0,0,0,0.4
959,14.0,32.129944496269104,2,0.0,1,0,0,0,0,0.4
960,27.0,,1,0.0,0,0,0,0,0,0.2
961,12.0,24.263140769488192,1,0.0,1,1,1,0,0,0.6
962,0.0,0.0,1,0.0,0,0,0,0,0,0.1
963,23.0,,1,0.0,0,0,0,0,0,0.2
964,15.0,,1,0.0,0,0,0,0,0,0.2
965,22.5,37.98777999003664,1,1.0,1,1,1,0,0,0.9
966,5.0,,1,0.0,0,0,0,0,0,0.2
967,15.0,,1,0.0,0,0,0,0,0,0.2
968,35.0,28.21347195933177,1,0.0,1,0,0,0,0,0.4
969,19.0,,1,0.0,0,0,0,0,0,0.2
970,0.0,0.0,1,0.0,0,0,0,0,0,0.1
971,27.0,2.8284271247461903,1,0.0,0,0,0,0,0,0.3
972,14.0,,1,0.0,0,0,0,0,0,0.2
973,10.0,20.816659994661325,2,0.0,1,0,0,0,0,0.4
974,34.5,31.81980515339464,1,0.0,0,0,0,0,0,0.3
975,39.0,19.0840247327444,1,0.0,1,1,1,0,0,0.6
976,0.0,0.0,1,0.0,0,0,0,0,0,0.1
977,31.0,22.627416997969522,1,0.0,0,0,0,0,0,0.3
978,20.0,21.428952377566198,1,0.0,1,1,1,0,0,0.6
979,42.0,21.702534414210707,1,0.0,1,0,0,0,0,0.4
980,8.0,,1,0.0,0,0,0,0,0,0.2
981,17.5,99.8738490010559,1,1.0,1,1,1,0,0,0.9
982,22.0,29.715315916207253,1,0.0,1,0,0,0,0,0.4
983,38.0,11.357816691600547,1,0.0,1,0,0,0,0,0.4
984,24.0,,1,0.0,0,0,0,0,0,0.2
985,27.0,18.384776310850235,1,0.0,0,0,0,0,0,0.3
986,11.0,,1,0.0,0,0,0,0,0,0.2
987,0.0,0.0,1,0.0,0,0,0,0,0,0.1
988,21.0,,1,0.0,0,0,0,0,0,0.2
989,24.5,30.903074280724887,1,0.0,1,1,0,0,0,0.5
990,52.0,34.31229128655406,1,0.0,1,0,0,0,0,0.4
991,52.0,47.353282181210346,1,0.0,1,0,0,0,0,0.4
992,6.0,,1,0.0,0,0,0,0,0,0.2
993,18.0,48.16118769299611,1,0.0,1,1,1,0,0,0.6
994,6.5,4.949747468305833,1,0.0,0,0,0,0,0,0.3
995,57.0,27.64657905299195,1,0.0,1,0,0,0,0,0.4
996,15.0,,1,0.0,0,0,0,0,0,0.2
997,12.0,50.06329327294933,1,0.0,1,0,0,0,0,0.4
998,38.0,23.302360395462088,1,0.0,1,0,0,0,0,0.4
999,44.0,24.337899115029078,1,0.0,1,0,0,0,0,0.4
1000,31.0,21.213203435596427,1,0.0,0,0,0,0,0,0.3
1001,47.0,47.82258880487338,1,0.0,1,0,0,0,0,0.4
1002,31.0,14.502873278538061,1,0.0,1,0,0,0,0,0.4
1003,19.5,14.849242404917497,1,0.0,0,0,0,0,0,0.3
1004,41.5,24.748737341529164,1,0.0,0,0,0,0,0,0.3
1005,25.0,28.605943438383573,1,0.0,1,1,1,0,0,0.6
1006,28.0,22.9891278651453,2,0.0,1,1,1,0,0,0.6
1007,26.0,35.35533905932738,1,0.0,0,0,0,0,0,0.3
1008,0.0,0.0,1,0.0,0,0,0,0,0,0.1
1009,10.0,29.827839345148686,1,0.0,1,1,1,0,0,0.6
1010,36.0,35.7980446393375,2,0.0,1,1,1,0,0,0.6
1011,60.0,48.542077966783964,1,0.0,1,0,0,0,0,0.4
1012,0.0,0.0,1,0.0,0,0,0,0,0,0.1
1013,31.0,48.993196806631566,1,0.0,1,0,0,0,0,0.4
1014,44.0,26.08320021265284,1,0.0,1,0,0,0,0,0.4
1015,20.0,26.08320021265284,1,0.0,1,0,0,0,0,0.4
1016,13.0,21.4895323355349,1,0.0,1,1,1,0,0,0.6
1017,0.0,0.0,1,0.0,0,0,0,0,0,0.1
1018,22.0,24.041630560342618,1,0.0,0,0,0,0,0,0.3
1019,12.0,50.89531740085067,1,0.0,1,0,0,0,0,0.4
1020,21.0,,1,0.0,0,0,0,0,0,0.2
1021,8.0,7.071067811865475,1,0.0,0,0,0,0,0,0.3
1022,34.0,4.242640687119285,1,0.0,0,0,0,0,0,0.3
1023,9.0,,1,0.0,0,0,0,0,0,0.2
1024,28.0,22.64508776754906,1,0.0,1,1,1,0,0,0.6
1025,12.0,,1,0.0,0,0,0,0,0,0.2
1026,0.0,0.0,1,0.0,0,0,0,0,0,0.1
1027,41.0,,1,0.0,0,0,0,0,0,0.2
1028,0.0,0.0,1,0.0,0,0,0,0,0,0.1
1029,32.0,21.213203435596427,1,0.0,0,0,0,0,0,0.3
1030,12.0,,1,0.0,0,0,0,0,0,0.2
1031,0.0,0.0,1,0.0,0,0,0,0,0,0.1
1032,14.0,9.899494936611665,1,0.0,0,0,0,0,0,0.3
1033,0.0,0.0,1,0.0,0,0,0,0,0,0.1
1034,4.0,,1,0.0,0,0,0,0,0,0.2
1035,6.0,,1,0.0,0,0,0,0,0,0.2
1036,40.5,19.09188309203678,1,0.0,0,0,0,0,0,0.3
1037,14.0,9.899494936611665,1,0.0,0,0,0,0,0,0.3
1038,21.0,26.04803255526221,1,0.0,1,1,1,0,0,0.6
1039,39.0,43.65432395536552,1,0.0,1,1,1,0,0,0.6
1040,29.0,28.2842712474619,1,0.0,0,0,0,0,0,0.3
1041,6.0,,1,0.0,0,0,0,0,0,0.2
1042,14.0,,1,0.0,0,0,0,0,0,0.2
1043,28.5,37.476659402887016,1,0.0,0,0,0,0,0,0.3
1044,0.0,0.0,1,0.0,0,0,0,0,0,0.1
1045,43.0,22.627416997969522,1,0.0,0,0,0,0,0,0.3
1046,31.5,33.05550887018179,1,0.0,1,1,0,0,0,0.5
1047,0.0,0.0,1,0.0,0,0,0,0,0,0.1
1048,24.0,22.68626603623141,1,0.0,1,1,0,0,0,0.5
1049,61.0,30.088757590391356,1,0.0,1,0,0,0,0,0.4
1050,3.0,,1,0.0,0,0,0,0,0,0.2
1051,35.0,11.313708498984761,1,0.0,0,0,0,0,0,0.3
1052,0.0,0.0,1,0.0,0,0,0,0,0,0.1
1053,32.5,21.920310216782973,1,0.0,0,0,0,0,0,0.3
1054,4.0,,1,0.0,0,0,0,0,0,0.2
1055,39.5,34.64823227814083,1,0.0,0,0,0,0,0,0.3
1056,19.0,23.807561823924768,1,0.0,1,1,1,0,0,0.6
1057,0.0,0.0,1,0.0,0,0,0,0,0,0.1
1058,28.0,35.35533905932738,1,0.0,0,0,0,0,0,0.3
1059,0.0,0.0,1,0.0,0,0,0,0,0,0.1
1060,0.0,0.0,1,0.0,0,0,0,0,0,0.1
1061,12.5,63.842999392482895,1,1.0,1,1,1,0,0,0.9
1062,8.0,,1,0.0,0,0,0,0,0,0.2
1063,10.0,,1,0.0,0,0,0,0,0,0.2
1064,24.0,8.32666399786453,1,0.0,1,0,0,0,0,0.4
1065,32.0,43.840620433565945,1,0.0,0,0,0,0,0,0.3
1066,43.0,5.507570547286101,1,0.0,1,0,0,0,0,0.4
1067,52.0,9.899494936611665,1,0.0,0,0,0,0,0,0.3
1068,2.0,,1,0.0,0,0,0,0,0,0.2
1069,0.0,0.0,1,0.0,0,0,0,0,0,0.1
1070,0.0,0.0,1,0.0,0,0,0,0,0,0.1
1071,1.0,,2,0.0,0,0,0,0,0,0.2
1072,31.5,100.31913362578732,1,0.0,1,1,1,1,0,0.9
1073,24.0,,1,0.0,0,0,0,0,0,0.2
1074,25.0,32.70626851232039,2,0.0,1,1,1,0,0,0.6
1075,30.0,28.26128093346089,1,0.0,1,1,1,0,0,0.6
1076,34.0,6.110100926607786,1,0.0,1,0,0,0,0,0.4
1077,19.5,26.162950903902257,1,0.0,0,0,0,0,0,0.3
1078,7.0,34.375863625514924,1,0.0,1,1,1,0,0,0.6
1079,6.0,,1,0.0,0,0,0,0,0,0.2
1080,25.0,1.4142135623730951,1,0.0,0,0,0,0,0,0.3
1081,51.0,11.313708498984761,1,0.0,0,0,0,0,0,0.3
1082,2.0,,1,0.0,0,0,0,0,0,0.2
1083,41.0,,1,0.0,0,0,0,0,0,0.2
1084,45.0,20.42873792805942,1,0.0,1,0,0,0,0,0.4
1085,20.0,,1,0.0,0,0,0,0,0,0.2
1086,16.0,,1,0.0,0,0,0,0,0,0.2
1087,36.0,15.217862311551295,1,0.0,1,1,0,0,0,0.5
1088,0.0,0.0,1,0.0,0,0,0,0,0,0.1
1089,62.0,23.072349974229613,1,0.0,1,0,0,0,0,0.4
1090,10.0,2.8284271247461903,1,0.0,0,0,0,0,0,0.3
1091,23.0,27.8262466028029,1,0.0,1,1,1,0,0,0.6
1092,23.0,,1,0.0,0,0,0,0,0,0.2
1093,31.0,18.770544300401447,1,0.0,1,0,0,0,0,0.4
1094,27.0,18.384776310850235,1,0.0,0,0,0,0,0,0.3
1095,56.0,18.58314648635514,1,0.0,1,0,0,0,0,0.4
1096,32.5,16.263455967290593,1,0.0,0,0,0,0,0,0.3
1097,3.0,,1,0.0,0,0,0,0,0,0.2
1098,38.5,12.020815280171309,1,0.0,0,0,0,0,0,0.3
1099,25.0,,1,0.0,0,0,0,0,0,0.2
1100,60.0,38.759944960401235,1,0.0,1,0,0,0,0,0.4
1101,21.0,18.2443729093971,1,1.0,1,1,1,0,0,0.9
1102,36.0,11.313708498984761,1,0.0,0,0,0,0,0,0.3
1103,8.0,,1,0.0,0,0,0,0,0,0.2
1104,41.5,21.920310216782973,1,0.0,0,0,0,0,0,0.3
1105,36.0,,1,0.0,0,0,0,0,0,0.2
1106,8.0,4.242640687119285,1,0.0,0,0,0,0,0,0.3
1107,32.5,31.23185187318503,1,1.0,1,1,1,0,0,0.9
1108,35.0,45.04220243282959,1,0.0,1,1,1,0,0,0.6
1109,5.0,,1,0.0,0,0,0,0,0,0.2
1110,0.0,0.0,1,0.0,0,0,0,0,0,0.1
1111,10.0,11.313708498984761,1,0.0,0,0,0,0,0,0.3
1112,22.0,31.24099870362662,1,0.0,1,0,0,0,0,0.4
1113,41.5,36.062445840513924,1,0.0,0,0,0,0,0,0.3
1114,0.0,0.0,1,0.0,0,0,0,0,0,0.1
1115,0.0,0.0,1,0.0,0,0,0,0,0,0.1
1116,6.0,,1,0.0,0,0,0,0,0,0.2
1117,47.0,32.526911934581186,1,0.0,0,0,0,0,0,0.3
1118,2.0,,1,0.0,0,0,0,0,0,0.2
1119,69.0,54.671747731346585,1,0.0,1,0,0,0,0,0.4
1120,0.0,0.0,1,0.0,0,0,0,0,0,0.1
1121,36.5,10.606601717798213,1,0.0,0,0,0,0,0,0.3
1122,32.5,2.1213203435596424,1,0.0,0,0,0,0,0,0.3
1123,8.5,0.7071067811865476,1,0.0,0,0,0,0,0,0.3
1124,13.0,51.62686639079824,1,0.0,1,0,0,0,0,0.4
1125,0.0,0.0,1,0.0,0,0,0,0,0,0.1
1126,30.0,20.033305601755625,1,0.0,1,0,0,0,0,0.4
1127,32.0,35.019042438840806,1,0.0,1,0,0,0,0,0.4
1128,31.0,84.79797420087009,1,1.0,1,1,1,0,0,0.9
1129,0.0,0.0,1,0.0,0,0,0,0,0,0.1
1130,38.0,35.35533905932738,1,0.0,0,0,0,0,0,0.3
1131,59.0,55.5007507456731,1,0.0,1,0,0,0,0,0.4
1132,23.5,3.5355339059327373,1,0.0,0,0,0,0,0,0.3
1133,29.0,13.051181300301263,1,0.0,1,0,0,0,0,0.4
1134,38.0,22.22611077089287,1,0.0,1,1,1,0,0,0.6
1135,29.0,21.302582003128165,1,0.0,1,1,1,0,0,0.6
1136,23.0,35.59494346111537,1,0.0,1,0,0,0,0,0.4
1137,42.5,30.315012782448235,1,0.0,1,1,0,0,0,0.5
1138,18.0,,1,0.0,0,0,0,0,0,0.2
1139,30.5,20.506096654409877,1,0.0,0,0,0,0,0,0.3
1140,0.0,0.0,1,0.0,0,0,0,0,0,0.1
1141,22.5,30.547387075539817,1,1.0,1,1,1,0,0,0.9
1142,17.0,11.82370500308596,1,0.0,1,1,1,0,0,0.6
1143,37.0,26.312227829154516,1,0.0,1,0,0,0,0,0.4
1144,0.0,0.0,1,0.0,0,0,0,0,0,0.1
1145,21.0,12.449899597988733,1,0.0,1,1,0,0,0,0.5
1146,0.0,0.0,1,0.0,0,0,0,0,0,0.1
1147,37.0,34.428186127067455,1,0.0,1,1,1,0,0,0.6
1148,24.0,50.46781152378217,1,0.0,1,0,0,0,0,0.4
1149,44.0,48.58326186386967,1,0.0,1,0,0,0,0,0.4
1150,1.0,,1,0.0,0,0,0,0,0,0.2
1151,0.0,0.0,1,0.0,0,0,0,0,0,0.1
1152,15.0,,1,0.0,0,0,0,0,0,0.2
1153,56.0,33.620430296671294,2,0.0,1,0,0,0,0,0.4
1154,44.0,32.516662395352526,1,0.0,1,0,0,0,0,0.4
1155,20.5,3.5355339059327373,1,0.0,0,0,0,0,0,0.3
1156,19.0,,1,0.0,0,0,0,0,0,0.2
1157,0.0,0.0,1,0.0,0,0,0,0,0,0.1
1158,0.0,0.0,1,0.0,0,0,0,0,0,0.1
1159,28.0,,1,0.0,0,0,0,0,0,0.2
1160,25.0,9.899494936611665,1,0.0,0,0,0,0,0,0.3
1161,34.0,50.500825075768155,1,0.0,1,0,0,0,0,0.4
1162,24.0,43.31627869519726,1,0.0,1,1,1,0,0,0.6
1163,32.0,,1,0.0,0,0,0,0,0,0.2
1164,14.5,17.67766952966369,1,0.0,0,0,0,0,0,0.3
1165,0.0,0.0,1,0.0,0,0,0,0,0,0.1
1166,33.0,32.39341496868358,1,0.0,1,0,0,0,0,0.4
1167,37.0,,1,0.0,0,0,0,0,0,0.2
1168,36.0,29.111853256019273,1,0.0,1,1,1,0,0,0.6
1169,19.0,47.60602202803058,1,0.0,1,0,0,0,0,0.4
1170,11.0,,1,0.0,0,0,0,0,0,0.2
1171,44.5,38.890872965260115,1,0.0,0,0,0,0,0,0.3
1172,42.0,22.521101216414795,1,0.0,1,1,1,0,0,0.6
1173,6.0,,1,0.0,0,0,0,0,0,0.2
1174,11.0,0.0,1,0.0,0,0,0,0,0,0.3
1175,15.5,7.7781745930520225,1,0.0,0,0,0,0,0,0.3
1176,12.0,42.217689815210555,1,0.0,1,0,0,0,0,0.4
1177,0.0,0.0,1,0.0,0,0,0,0,0,0.1
1178,8.0,,1,0.0,0,0,0,0,0,0.2
1179,5.0,,1,0.0,0,0,0,0,0,0.2
1180,13.0,14.189197769195175,1,0.0,1,0,0,0,0,0.4
1181,0.0,0.0,1,0.0,0,0,0,0,0,0.1
1182,1.0,,1,0.0,0,0,0,0,0,0.2
1183,26.5,17.67766952966369,1,0.0,0,0,0,0,0,0.3
1184,53.0,38.81151032017864,1,0.0,1,0,0,0,0,0.4
1185,29.0,,1,0.0,0,0,0,0,0,0.2
1186,22.0,,1,0.0,0,0,0,0,0,0.2
1187,18.5,49.3718880875882,1,0.0,1,1,0,0,0,0.5
1188,41.0,28.29016319029166,1,0.0,1,0,0,0,0,0.4
1189,46.0,35.679125549822544,1,0.0,1,0,0,0,0,0.4
1190,6.0,60.07772743149772,1,0.0,1,0,0,0,0,0.4
1191,28.0,,1,0.0,0,0,0,0,0,0.2
1192,13.5,17.67766952966369,2,0.0,0,0,0,0,0,0.3
1193,60.0,14.742229591663987,1,0.0,1,0,0,0,0,0.4
1194,19.5,79.19674867063672,2,0.0,1,1,1,1,0,0.9
1195,10.0,16.92040188648012,2,0.0,1,1,1,0,0,0.6
1196,0.0,0.0,1,0.0,0,0,0,0,0,0.1
1197,0.0,0.0,1,0.0,0,0,0,0,0,0.1
1198,8.0,,1,0.0,0,0,0,0,0,0.2
1199,5.0,30.615900008546756,1,0.0,1,0,0,0,0,0.4
1200,20.0,,1,0.0,0,0,0,0,0,0.2
1201,0.0,0.0,1,0.0,0,0,0,0,0,0.1
1202,38.5,41.71930009000631,1,0.0,0,0,0,0,0,0.3
1203,0.0,0.0,1,0.0,0,0,0,0,0,0.1
1204,5.0,,1,0.0,0,0,0,0,0,0.2
1205,30.5,34.64823227814083,1,0.0,0,0,0,0,0,0.3
1206,36.0,26.546186166754726,1,0.0,1,1,1,0,0,0.6
1207,0.0,0.0,1,0.0,0,0,0,0,0,0.1
1208,7.0,,1,0.0,0,0,0,0,0,0.2
1209,22.0,,1,0.0,0,0,0,0,0,0.2
1210,29.5,17.67766952966369,1,0.0,0,0,0,0,0,0.3
1211,30.5,30.405591591021544,1,0.0,0,0,0,0,0,0.3
1212,6.0,,1,0.0,0,0,0,0,0,0.2
1213,17.5,72.28860807307647,1,0.0,1,1,1,1,0,0.9
1214,20.0,88.04341461542059,1,0.0,1,1,1,1,0,0.9
1215,30.5,7.7781745930520225,1,0.0,0,0,0,0,0,0.3
1216,45.0,27.463612289718917,1,0.0,1,1,0,0,0,0.5
1217,30.0,,1,0.0,0,0,0,0,0,0.2
1218,32.0,30.6648550189518,1,0.0,1,0,0,0,0,0.4
1219,47.5,26.162950903902257,1,0.0,0,0,0,0,0,0.3
1220,34.0,,1,0.0,0,0,0,0,0,0.2
1221,28.0,,1,0.0,0,0,0,0,0,0.2
1222,10.0,,1,0.0,0,0,0,0,0,0.2
1223,41.0,33.020195840323744,1,0.0,1,0,0,0,0,0.4
1224,0.0,0.0,1,0.0,0,0,0,0,0,0.1
1225,45.0,45.48955924165456,1,0.0,1,1,1,0,0,0.6
1226,0.0,0.0,1,0.0,0,0,0,0,0,0.1
1227,28.0,,1,0.0,0,0,0,0,0,0.2
1228,0.0,0.0,1,0.0,0,0,0,0,0,0.1
1229,14.0,39.272551907577046,1,0.0,1,0,0,0,0,0.4
1230,23.0,25.455844122715714,1,0.0,0,0,0,0,0,0.3
1231,34.0,24.09771773425857,1,0.0,1,1,1,0,0,0.6
1232,20.5,34.021001916883215,1,1.0,1,1,1,0,0,0.9
1233,21.0,,1,0.0,0,0,0,0,0,0.2
1234,26.0,13.084341787036902,1,0.0,1,1,1,0,0,0.6
1235,21.0,29.74390693906905,1,0.0,1,1,1,0,0,0.6
1236,26.0,,1,0.0,0,0,0,0,0,0.2
1237,0.0,0.0,1,0.0,0,0,0,0,0,0.1
1238,22.0,19.070920271449932,1,0.0,1,1,1,0,0,0.6
1239,10.0,,1,0.0,0,0,0,0,0,0.2
1240,15.5,19.235384061671343,1,1.0,1,1,1,0,0,0.9
1241,13.0,,1,0.0,0,0,0,0,0,0.2
1242,6.0,,1,0.0,0,0,0,0,0,0.2
1243,19.0,41.751646674113346,1,0.0,1,1,1,0,0,0.6
1244,40.0,41.012193308819754,1,0.0,0,0,0,0,0,0.3
1245,10.5,20.516253719104437,1,0.0,1,1,0,0,0,0.5
1246,3.0,,1,0.0,0,0,0,0,0,0.2
1247,22.0,,1,0.0,0,0,0,0,0,0.2
1248,9.5,3.5355339059327373,1,0.0,0,0,0,0,0,0.3
1249,10.5,18.086597247685923,1,0.0,1,1,1,1,0,0.9
1250,16.0,12.727922061357857,1,0.0,0,0,0,0,0,0.3
1251,0.0,0.0,1,0.0,0,0,0,0,0,0.1
1252,14.0,25.5401644473954,1,0.0,1,1,1,0,0,0.6
1253,20.0,30.518144485816023,1,0.0,1,1,1,1,0,0.9
1254,27.5,6.3639610306789285,1,0.0,0,0,0,0,0,0.3
1255,0.0,0.0,1,0.0,0,0,0,0,0,0.1
1256,44.0,46.371686763943934,1,0.0,1,0,0,0,0,0.4
1257,16.0,69.38299503480663,1,0.0,1,1,1,1,0,0.9
1258,41.5,21.920310216782973,1,0.0,0,0,0,0,0,0.3
1259,37.0,,1,0.0,0,0,0,0,0,0.2
1260,23.5,19.09188309203678,1,0.0,0,0,0,0,0,0.3
1261,4.0,4.242640687119285,1,0.0,0,0,0,0,0,0.3
1262,37.0,,1,0.0,0,0,0,0,0,0.2
1263,5.0,36.694686263817545,3,0.0,1,1,1,0,0,0.6
1264,33.0,,1,0.0,0,0,0,0,0,0.2
1265,20.0,,1,0.0,0,0,0,0,0,0.2
1266,29.0,47.65575965789895,1,0.0,1,1,1,1,0,0.9
1267,27.0,9.899494936611665,1,0.0,0,0,0,0,0,0.3
1268,27.0,,1,0.0,0,0,0,0,0,0.2
1269,16.0,,1,0.0,0,0,0,0,0,0.2
1270,44.5,38.890872965260115,1,0.0,0,0,0,0,0,0.3
1271,25.0,37.89898855290644,1,0.0,1,0,0,0,0,0.4
1272,11.0,,1,0.0,0,0,0,0,0,0.2
1273,29.0,,1,0.0,0,0,0,0,0,0.2
1274,0.0,0.0,1,0.0,0,0,0,0,0,0.1
1275,0.0,0.0,1,0.0,0,0,0,0,0,0.1
1276,10.0,,1,0.0,0,0,0,0,0,0.2
1277,16.0,11.313708498984761,1,0.0,0,0,0,0,0,0.3
1278,27.0,28.2842712474619,1,0.0,0,0,0,0,0,0.3
1279,50.0,12.727922061357857,1,0.0,0,0,0,0,0,0.3
1280,29.0,,1,0.0,0,0,0,0,0,0.2
1281,50.0,47.014182257413914,1,0.0,1,0,0,0,0,0.4
1282,0.0,0.0,1,0.0,0,0,0,0,0,0.1
1283,38.0,38.18376618407356,1,0.0,0,0,0,0,0,0.3
1284,34.0,44.11726797222753,1,0.0,1,0,0,0,0,0.4
1285,9.0,,1,0.0,0,0,0,0,0,0.2
1286,12.0,,1,0.0,0,0,0,0,0,0.2
1287,47.5,9.192388155425117,1,0.0,0,0,0,0,0,0.3
1288,6.0,,1,0.0,0,0,0,0,0,0.2
1289,20.0,11.50362261782493,1,0.0,1,0,0,0,0,0.4
1290,0.0,0.0,1,0.0,0,0,0,0,0,0.1
1291,22.0,12.14495780149112,2,0.0,1,1,1,0,0,0.6
1292,17.5,12.020815280171309,1,0.0,0,0,0,0,0,0.3
1293,33.5,20.506096654409877,1,0.0,0,0,0,0,0,0.3
1294,2.0,,1,0.0,0,0,0,0,0,0.2
1295,27.5,23.33452377915607,1,0.0,0,0,0,0,0,0.3
1296,29.5,23.33452377915607,1,0.0,0,0,0,0,0,0.3
1297,39.0,13.796134724383252,1,0.0,1,0,0,0,0,0.4
1298,47.5,41.97221303036888,1,0.0,1,1,0,0,0,0.5
1299,2.0,,1,0.0,0,0,0,0,0,0.2
1300,17.0,40.52571200279316,1,0.0,1,0,0,0,0,0.4
1301,17.0,2.8284271247461903,1,0.0,0,0,0,0,0,0.3
1302,12.0,58.52634734316958,1,0.0,1,0,0,0,0,0.4
1303,0.0,0.0,1,0.0,0,0,0,0,0,0.1
1304,11.0,15.556349186104045,2,0.0,0,0,0,0,0,0.3
1305,5.0,,1,0.0,0,0,0,0,0,0.2
1306,0.0,0.0,1,0.0,0,0,0,0,0,0.1
1307,2.0,,1,0.0,0,0,0,0,0,0.2
1308,0.0,0.0,1,0.0,0,0,0,0,0,0.1
1309,47.0,42.773628947440656,1,0.0,1,1,0,0,0,0.5
1310,22.0,,1,0.0,0,0,0,0,0,0.2
1311,15.0,,1,0.0,0,0,0,0,0,0.2
1312,15.0,64.23654204059659,2,0.0,1,0,0,0,0,0.4
1313,0.0,0.0,1,0.0,0,0,0,0,0,0.1
1314,9.0,,1,0.0,0,0,0,0,0,0.2
1315,12.5,10.606601717798213,1,0.0,0,0,0,0,0,0.3
1316,33.0,,1,0.0,0,0,0,0,0,0.2
1317,36.0,29.691469032928183,1,0.0,1,1,0,0,0,0.5
1318,17.0,30.615900008546756,1,0.0,1,0,0,0,0,0.4
1319,42.0,46.14469994845923,1,0.0,1,0,0,0,0,0.4
1320,32.0,4.242640687119285,1,0.0,0,0,0,0,0,0.3
1321,0.0,0.0,1,0.0,0,0,0,0,0,0.1
1322,0.0,0.0,1,0.0,0,0,0,0,0,0.1
1323,0.0,0.0,1,0.0,0,0,0,0,0,0.1
1324,38.0,9.899494936611665,1,0.0,0,0,0,0,0,0.3
1325,20.5,6.3639610306789285,1,0.0,0,0,0,0,0,0.3
1326,8.0,,1,0.0,0,0,0,0,0,0.2
1327,44.0,29.73774257292126,1,0.0,1,0,0,0,0,0.4
1328,14.0,38.880586415330725,1,0.0,1,1,1,0,0,0.6
1329,29.0,42.44211744639201,1,0.0,1,0,0,0,0,0.4
1330,0.0,0.0,1,0.0,0,0,0,0,0,0.1
1331,30.0,50.14312847572769,1,0.0,1,0,0,0,0,0.4
1332,24.0,,1,0.0,0,0,0,0,0,0.2
1333,8.0,,1,0.0,0,0,0,0,0,0.2
1334,31.5,77.0369809154761,1,1.0,1,1,1,0,0,0.9
1335,38.5,33.23401871576773,1,0.0,0,0,0,0,0,0.3
1336,4.5,0.7071067811865476,1,0.0,0,0,0,0,0,0.3
1337,55.5,23.33452377915607,1,0.0,0,0,0,0,0,0.3
1338,19.0,4.242640687119285,1,0.0,0,0,0,0,0,0.3
1339,0.0,0.0,1,0.0,0,0,0,0,0,0.1
1340,22.0,11.357816691600547,1,0.0,1,0,0,0,0,0.4
1341,11.0,,1,0.0,0,0,0,0,0,0.2
1342,0.0,0.0,1,0.0,0,0,0,0,0,0.1
1343,25.0,15.14375558880073,1,0.0,1,0,0,0,0,0.4
1344,41.0,31.11269837220809,1,0.0,0,0,0,0,0,0.3
1345,17.0,5.656854249492381,1,0.0,0,0,0,0,0,0.3
1346,15.0,18.384776310850235,1,0.0,0,0,0,0,0,0.3
1347,48.5,23.867690853257393,1,0.0,1,1,0,0,0,0.5
1348,19.0,15.524174696260024,1,0.0,1,0,0,0,0,0.4
1349,8.0,,1,0.0,0,0,0,0,0,0.2
1350,32.5,30.405591591021544,1,0.0,0,0,0,0,0,0.3
1351,35.0,6.8068592855540455,1,0.0,1,0,0,0,0,0.4
1352,23.0,28.2842712474619,1,0.0,0,0,0,0,0,0.3
1353,28.0,18.734993995195193,1,0.0,1,0,0,0,0,0.4
1354,63.0,29.83845393671283,1,0.0,1,0,0,0,0,0.4
1355,11.0,,1,0.0,0,0,0,0,0,0.2
1356,0.0,0.0,1,0.0,0,0,0,0,0,0.1
1357,42.0,28.710625210886647,1,0.0,1,1,1,0,0,0.6
1358,35.0,58.2437407223586,1,0.0,1,0,0,0,0,0.4
1359,59.0,25.32455988429677,1,0.0,1,0,0,0,0,0.4
1360,30.0,8.736894948054104,1,0.0,1,0,0,0,0,0.4
1361,30.5,0.7071067811865476,1,0.0,0,0,0,0,0,0.3
1362,46.5,24.748737341529164,1,0.0,0,0,0,0,0,0.3
1363,64.0,38.742741255621034,1,0.0,1,0,0,0,0,0.4
1364,18.5,24.748737341529164,2,0.0,0,0,0,0,0,0.3
1365,2.0,,1,0.0,0,0,0,0,0,0.2
1366,11.0,4.242640687119285,1,0.0,0,0,0,0,0,0.3
1367,16.0,,1,0.0,0,0,0,0,0,0.2
1368,0.0,0.0,1,0.0,0,0,0,0,0,0.1
1369,8.0,,1,0.0,0,0,0,0,0,0.2
1370,13.0,,1,0.0,0,0,0,0,0,0.2
1371,5.0,5.656854249492381,1,0.0,0,0,0,0,0,0.3
1372,7.0,,1,0.0,0,0,0,0,0,0.2
1373,14.0,,1,0.0,0,0,0,0,0,0.2
1374,30.0,51.30580585358458,1,0.0,1,1,1,1,0,0.9
1375,27.0,25.13364279208249,1,0.0,1,1,1,0,0,0.6
1376,0.0,0.0,1,0.0,0,0,0,0,0,0.1
1377,8.0,,1,0.0,0,0,0,0,0,0.2
1378,0.0,0.0,1,0.0,0,0,0,0,0,0.1
1379,51.0,27.874719729532707,1,0.0,1,0,0,0,0,0.4
1380,9.0,,1,0.0,0,0,0,0,0,0.2
1381,32.0,30.105370506494907,1,0.0,1,0,0,0,0,0.4
1382,2.0,,1,0.0,0,0,0,0,0,0.2
1383,4.0,,1,0.0,0,0,0,0,0,0.2
1384,8.0,24.203305559365234,1,0.0,1,1,1,0,0,0.6
1385,2.0,,1,0.0,0,0,0,0,0,0.2
1386,17.0,4.242640687119285,1,0.0,0,0,0,0,0,0.3
1387,19.0,10.708252269472675,1,0.0,1,1,0,0,0,0.5
1388,23.5,41.508031351374235,1,0.0,1,1,0,0,0,0.5
1389,8.0,23.252956801232827,2,0.0,1,1,1,0,0,0.6
1390,31.5,63.87809260055997,1,0.0,1,1,1,1,0,0.9
1391,14.0,,1,0.0,0,0,0,0,0,0.2
1392,13.0,,1,0.0,0,0,0,0,0,0.2
1393,26.0,17.616280348965084,2,0.0,1,0,0,0,0,0.4
1394,13.0,39.55165398985652,1,0.0,1,0,0,0,0,0.4
1395,2.0,,1,0.0,0,0,0,0,0,0.2
1396,39.0,20.5993527406405,1,0.0,1,0,0,0,0,0.4
1397,0.0,0.0,1,0.0,0,0,0,0,0,0.1
1398,54.0,40.67349669420289,1,0.0,1,0,0,0,0,0.4
1399,5.5,3.5355339059327373,1,0.0,0,0,0,0,0,0.3
1400,44.0,35.35533905932738,1,0.0,0,0,0,0,0,0.3
1401,27.0,25.26459973955653,1,0.0,1,1,1,0,0,0.6
1402,29.0,,1,0.0,0,0,0,0,0,0.2
1403,0.0,0.0,1,0.0,0,0,0,0,0,0.1
1404,9.5,21.899391163530854,1,0.0,1,1,0,0,0,0.5
1405,16.0,21.213203435596427,2,0.0,0,0,0,0,0,0.3
1406,48.0,46.604720790924176,1,0.0,1,0,0,0,0,0.4
1407,12.0,5.656854249492381,1,0.0,0,0,0,0,0,0.3
1408,31.0,87.873285392742,1,1.0,1,1,1,0,0,0.9
1409,51.0,26.576932353703526,1,0.0,1,0,0,0,0,0.4
1410,28.0,11.786291472158096,1,0.0,1,1,0,0,0,0.5
1411,11.5,14.849242404917497,2,0.0,0,0,0,0,0,0.3
1412,22.0,52.306787322488084,1,0.0,1,0,0,0,0,0.4
1413,23.0,,1,0.0,0,0,0,0,0,0.2
1414,3.5,2.1213203435596424,1,0.0,0,0,0,0,0,0.3
1415,3.0,1.4142135623730951,1,0.0,0,0,0,0,0,0.3
1416,18.0,,1,0.0,0,0,0,0,0,0.2
1417,30.0,,1,0.0,0,0,0,0,0,0.2
1418,35.0,49.49747468305833,2,0.0,0,0,0,0,0,0.3
1419,15.0,27.188232748746284,1,0.0,1,1,1,0,0,0.6
1420,20.0,8.860022573334675,1,0.0,1,1,1,0,0,0.6
1421,0.0,0.0,1,0.0,0,0,0,0,0,0.1
1422,26.5,3.5355339059327373,1,0.0,0,0,0,0,0,0.3
1423,18.0,,1,0.0,0,0,0,0,0,0.2
1424,31.0,4.242640687119285,1,0.0,0,0,0,0,0,0.3
1425,7.0,,1,0.0,0,0,0,0,0,0.2
1426,18.0,,1,0.0,0,0,0,0,0,0.2
1427,25.0,,1,0.0,0,0,0,0,0,0.2
1428,47.5,33.96566894183989,1,0.0,1,1,0,0,0,0.5
1429,21.0,,1,0.0,0,0,0,0,0,0.2
1430,38.0,21.81284025522582,1,0.0,1,1,1,0,0,0.6
1431,13.0,12.793227374930327,2,0.0,1,1,0,0,0,0.5
1432,0.0,0.0,1,0.0,0,0,0,0,0,0.1
1433,5.0,,1,0.0,0,0,0,0,0,0.2
1434,18.0,60.35726965329032,2,0.0,1,0,0,0,0,0.4
1435,9.0,7.071067811865475,1,0.0,0,0,0,0,0,0.3
1436,39.5,21.234798484249072,1,0.0,1,1,0,0,0,0.5
1437,26.0,,1,0.0,0,0,0,0,0,0.2
1438,0.0,0.0,1,0.0,0,0,0,0,0,0.1
1439,15.0,,1,0.0,0,0,0,0,0,0.2
1440,7.0,2.8284271247461903,1,0.0,0,0,0,0,0,0.3
1441,9.0,,1,0.0,0,0,0,0,0,0.2
1442,2.0,,1,0.0,0,0,0,0,0,0.2
1443,18.0,,1,0.0,0,0,0,0,0,0.2
1444,6.0,,1,0.0,0,0,0,0,0,0.2
1445,39.0,46.66904755831214,1,0.0,0,0,0,0,0,0.3
1446,26.0,33.94112549695428,1,0.0,0,0,0,0,0,0.3
1447,27.5,17.417150824895064,1,0.0,1,1,1,1,0,0.9
1448,34.0,,1,0.0,0,0,0,0,0,0.2
1449,28.0,24.232209969377532,1,0.0,1,1,1,0,0,0.6
1450,9.0,,1,0.0,0,0,0,0,0,0.2
1451,34.0,26.425096296621405,2,1.0,1,1,1,0,0,0.9
1452,9.0,,1,0.0,0,0,0,0,0,0.2
1453,6.0,,1,0.0,0,0,0,0,0,0.2
1454,0.0,0.0,1,0.0,0,0,0,0,0,0.1
1455,17.0,36.11555528208494,1,0.0,1,0,0,0,0,0.4
1456,0.0,0.0,1,0.0,0,0,0,0,0,0.1
1457,20.0,33.88952640566109,1,0.0,1,1,1,0,0,0.6
1458,38.0,27.2213151776324,1,0.0,1,0,0,0,0,0.4
1459,43.0,,1,0.0,0,0,0,0,0,0.2
1460,0.0,0.0,1,0.0,0,0,0,0,0,0.1
1461,0.0,0.0,1,0.0,0,0,0,0,0,0.1
1462,5.0,,1,0.0,0,0,0,0,0,0.2
1463,0.0,0.0,1,0.0,0,0,0,0,0,0.1
1464,28.0,,1,0.0,0,0,0,0,0,0.2
1465,24.5,13.435028842544403,1,0.0,0,0,0,0,0,0.3
1466,36.0,5.656854249492381,1,0.0,0,0,0,0,0,0.3
1467,21.0,11.502173707608488,1,0.0,1,1,1,0,0,0.6
1468,0.0,0.0,1,0.0,0,0,0,0,0,0.1
1469,47.0,5.656854249492381,1,0.0,0,0,0,0,0,0.3
1470,18.0,67.30474404845896,1,1.0,1,1,1,0,0,0.9
1471,0.0,0.0,1,0.0,0,0,0,0,0,0.1
1472,0.0,0.0,1,0.0,0,0,0,0,0,0.1
1473,0.0,0.0,1,0.0,0,0,0,0,0,0.1
1474,0.0,,2,0.0,0,0,0,0,0,0.2
1475,27.0,24.873680869545627,1,0.0,1,1,1,0,0,0.6
1476,14.0,47.77342357420075,1,0.0,1,1,1,0,0,0.6
1477,36.0,19.79898987322333,1,0.0,0,0,0,0,0,0.3
1478,27.0,54.41813423238005,1,0.0,1,0,0,0,0,0.4
1479,29.0,,1,0.0,0,0,0,0,0,0.2
1480,50.0,24.041630560342618,1,0.0,0,0,0,0,0,0.3
1481,36.0,,1,0.0,0,0,0,0,0,0.2
1482,40.5,41.71930009000631,1,0.0,0,0,0,0,0,0.3
1483,1.0,,1,0.0,0,0,0,0,0,0.2
1484,0.0,0.0,1,0.0,0,0,0,0,0,0.1
1485,12.0,5.656854249492381,1,0.0,0,0,0,0,0,0.3
1486,12.5,79.435508432942,1,1.0,1,1,1,0,0,0.9
1487,9.5,4.949747468305833,1,0.0,0,0,0,0,0,0.3
1488,37.0,,1,0.0,0,0,0,0,0,0.2
1489,24.0,,1,0.0,0,0,0,0,0,0.2
1490,17.0,,1,0.0,0,0,0,0,0,0.2
1491,0.0,0.0,1,0.0,0,0,0,0,0,0.1
1492,27.0,1.4142135623730951,1,0.0,0,0,0,0,0,0.3
1493,0.0,0.0,1,0.0,0,0,0,0,0,0.1
1494,0.0,0.0,1,0.0,0,0,0,0,0,0.1
1495,25.5,31.81980515339464,1,0.0,0,0,0,0,0,0.3
1496,43.5,14.849242404917497,1,0.0,0,0,0,0,0,0.3
1497,24.0,16.97056274847714,1,0.0,0,0,0,0,0,0.3
1498,42.0,32.04996099841621,1,0.0,1,1,1,0,0,0.6
1499,27.0,22.60530911091463,1,0.0,1,0,0,0,0,0.4
1500,26.0,35.35533905932738,2,0.0,0,0,0,0,0,0.3
1501,2.0,,1,0.0,0,0,0,0,0,0.2
1502,25.0,52.88667128870941,1,0.0,1,0,0,0,0,0.4
1503,29.0,,1,0.0,0,0,0,0,0,0.2
1504,29.0,46.184412955021955,1,0.0,1,0,0,0,0,0.4
1505,14.0,7.071067811865475,1,0.0,0,0,0,0,0,0.3
1506,0.0,0.0,1,0.0,0,0,0,0,0,0.1
1507,0.0,0.0,1,0.0,0,0,0,0,0,0.1
1508,13.0,,1,0.0,0,0,0,0,0,0.2
1509,21.0,,1,0.0,0,0,0,0,0,0.2
1510,31.5,28.991378028648448,1,0.0,0,0,0,0,0,0.3
1511,18.0,,1,0.0,0,0,0,0,0,0.2
1512,11.5,12.020815280171309,1,0.0,0,0,0,0,0,0.3
1513,0.0,0.0,1,0.0,0,0,0,0,0,0.1
1514,0.0,0.0,1,0.0,0,0,0,0,0,0.1
1515,16.5,3.5355339059327373,1,0.0,0,0,0,0,0,0.3
1516,16.0,96.4171554088942,1,1.0,1,1,1,0,0,0.9
1517,35.5,36.062445840513924,1,0.0,0,0,0,0,0,0.3
1518,28.0,33.94112549695428,1,0.0,0,0,0,0,0,0.3
1519,45.5,35.56215216584433,1,0.0,1,1,0,0,0,0.5
1520,0.0,0.0,1,0.0,0,0,0,0,0,0.1
1521,45.5,38.99572626156188,2,0.0,1,1,0,0,0,0.5
1522,0.0,0.0,1,0.0,0,0,0,0,0,0.1
1523,21.0,24.7244817943673,1,0.0,1,1,1,0,0,0.6
1524,41.0,23.501772982763097,1,0.0,1,0,0,0,0,0.4
1525,26.0,,1,0.0,0,0,0,0,0,0.2
1526,53.5,40.2854398842394,2,0.0,1,1,0,0,0,0.5
1527,47.5,26.625489040892127,1,0.0,1,1,0,0,0,0.5
1528,0.0,0.0,1,0.0,0,0,0,0,0,0.1
1529,26.0,17.34070356127455,1,0.0,1,1,1,0,0,0.6
1530,42.5,37.476659402887016,1,0.0,0,0,0,0,0,0.3
1531,27.0,29.698484809834994,1,0.0,0,0,0,0,0,0.3
1532,35.5,13.425721582097552,1,0.0,1,1,0,0,0,0.5
1533,0.0,0.0,1,0.0,0,0,0,0,0,0.1
1534,0.0,0.0,1,0.0,0,0,0,0,0,0.1
1535,21.0,29.698484809834994,2,0.0,0,0,0,0,0,0.3
1536,5.0,,1,0.0,0,0,0,0,0,0.2
1537,0.0,0.0,1,0.0,0,0,0,0,0,0.1
1538,39.0,32.65475973473597,2,0.0,1,0,0,0,0,0.4
1539,16.0,21.197484127446195,2,0.0,1,0,0,0,0,0.4
1540,18.0,40.326170162811145,1,0.0,1,1,1,0,0,0.6
1541,54.5,24.748737341529164,1,0.0,0,0,0,0,0,0.3
1542,5.0,4.242640687119285,1,0.0,0,0,0,0,0,0.3
1543,37.0,17.398275776639476,1,0.0,1,1,1,0,0,0.6
1544,13.0,,1,0.0,0,0,0,0,0,0.2
1545,38.5,27.577164466275352,1,0.0,0,0,0,0,0,0.3
1546,55.0,30.859898466024372,1,0.0,1,0,0,0,0,0.4
1547,9.0,,1,0.0,0,0,0,0,0,0.2
1548,17.5,56.94969584767645,1,0.0,1,1,1,1,0,0.9
1549,13.0,34.35597958628648,1,0.0,1,0,0,0,0,0.4
1550,36.0,35.388321990924254,1,0.0,1,0,0,0,0,0.4
1551,6.0,,1,0.0,0,0,0,0,0,0.2
1552,30.0,16.47725705328408,1,0.0,1,1,1,0,0,0.6
1553,27.0,15.565988564816564,1,0.0,1,1,1,0,0,0.6
1554,39.5,0.7071067811865476,1,0.0,0,0,0,0,0,0.3
1555,24.0,31.07732292202789,2,0.0,1,1,1,0,0,0.6
1556,0.0,0.0,1,0.0,0,0,0,0,0,0.1
1557,40.0,33.421549934136806,1,0.0,1,0,0,0,0,0.4
1558,19.0,24.041630560342618,1,0.0,0,0,0,0,0,0.3
1559,7.0,,1,0.0,0,0,0,0,0,0.2
1560,28.5,23.33452377915607,1,0.0,0,0,0,0,0,0.3
1561,46.0,32.7414110874898,1,0.0,1,0,0,0,0,0.4
1562,2.0,43.015501081974314,2,0.0,1,0,0,0,0,0.4
1563,25.0,47.29904861622483,1,0.0,1,1,1,0,0,0.6
1564,0.0,0.0,1,0.0,0,0,0,0,0,0.1
1565,43.0,25.53429066960741,1,0.0,1,0,0,0,0,0.4
1566,36.0,11.313708498984761,1,0.0,0,0,0,0,0,0.3
1567,23.0,,1,0.0,0,0,0,0,0,0.2
1568,10.0,19.347695814575268,1,0.0,1,0,0,0,0,0.4
1569,19.5,62.76031503153201,1,0.0,1,1,1,1,0,0.9
1570,22.5,20.506096654409877,1,0.0,0,0,0,0,0,0.3
1571,0.0,0.0,1,0.0,0,0,0,0,0,0.1
1572,0.0,0.0,1,0.0,0,0,0,0,0,0.1
1573,23.0,9.813256340277675,1,0.0,1,1,1,0,0,0.6
1574,0.0,0.0,1,0.0,0,0,0,0,0,0.1
1575,0.0,0.0,1,0.0,0,0,0,0,0,0.1
1576,30.0,16.97056274847714,1,0.0,0,0,0,0,0,0.3
1577,50.0,28.335784207723396,1,0.0,1,1,0,0,0,0.5
1578,64.0,32.39341496868358,1,0.0,1,0,0,0,0,0.4
1579,27.0,38.18376618407356,2,0.0,0,0,0,0,0,0.3
1580,0.0,0.0,1,0.0,0,0,0,0,0,0.1
1581,19.5,20.506096654409877,1,0.0,0,0,0,0,0,0.3
1582,38.0,22.259829289552062,1,0.0,1,1,1,0,0,0.6
1583,26.0,18.384776310850235,1,0.0,0,0,0,0,0,0.3
1584,33.0,29.698484809834994,1,0.0,0,0,0,0,0,0.3
1585,51.0,48.877397639399746,1,0.0,1,0,0,0,0,0.4
1586,37.0,,1,0.0,0,0,0,0,0,0.2
1587,2.0,20.502032419575706,1,0.0,1,0,0,0,0,0.4
1588,5.0,,1,0.0,0,0,0,0,0,0.2
1589,31.0,36.76955262170047,1,0.0,0,0,0,0,0,0.3
1590,19.0,44.76885077819175,1,0.0,1,1,0,0,0,0.5
1591,33.0,22.78157149978903,1,0.0,1,1,0,0,0,0.5
1592,19.0,27.617023735370182,1,0.0,1,1,1,0,0,0.6
1593,32.0,,1,0.0,0,0,0,0,0,0.2
1594,8.0,,1,0.0,0,0,0,0,0,0.2
1595,23.0,,1,0.0,0,0,0,0,0,0.2
1596,0.0,0.0,1,0.0,0,0,0,0,0,0.1
1597,42.0,35.937445652132816,1,0.0,1,1,1,0,0,0.6
1598,34.0,37.393849761692096,1,0.0,1,1,1,0,0,0.6
1599,22.5,32.150686877058575,1,0.0,1,1,0,0,0,0.5
1600,53.0,32.2335229225724,1,0.0,1,0,0,0,0,0.4
1601,0.0,0.0,1,0.0,0,0,0,0,0,0.1
1602,0.0,0.0,1,0.0,0,0,0,0,0,0.1
1603,14.0,34.122328955294556,1,0.0,1,0,0,0,0,0.4
1604,28.5,14.849242404917497,1,0.0,0,0,0,0,0,0.3
1605,35.0,49.82218381404011,1,0.0,1,1,0,0,0,0.5
1606,38.0,,1,0.0,0,0,0,0,0,0.2
1607,2.0,,1,0.0,0,0,0,0,0,0.2
1608,50.0,26.6520793435209,1,0.0,1,0,0,0,0,0.4
1609,23.0,,1,0.0,0,0,0,0,0,0.2
1610,38.0,16.772994167212165,1,0.0,1,0,0,0,0,0.4
1611,52.0,30.237945256470937,1,0.0,1,0,0,0,0,0.4
1612,17.5,4.949747468305833,1,0.0,0,0,0,0,0,0.3
1613,16.0,,1,0.0,0,0,0,0,0,0.2
1614,9.0,28.61817604250837,1,0.0,1,0,0,0,0,0.4
1615,8.0,51.47167505855365,1,0.0,1,0,0,0,0,0.4
1616,0.0,0.0,1,0.0,0,0,0,0,0,0.1
1617,29.0,,1,0.0,0,0,0,0,0,0.2
1618,3.0,,1,0.0,0,0,0,0,0,0.2
1619,18.0,,1,0.0,0,0,0,0,0,0.2
1620,16.0,36.97465348045874,1,1.0,1,1,1,0,0,0.9
1621,0.0,0.0,1,0.0,0,0,0,0,0,0.1
1622,32.0,25.455844122715714,1,0.0,0,0,0,0,0,0.3
1623,23.0,48.08672720547047,1,0.0,1,0,0,0,0,0.4
1624,16.0,,1,0.0,0,0,0,0,0,0.2
1625,25.0,28.041635710730805,1,0.0,1,0,0,0,0,0.4
1626,37.0,30.501366089625122,1,0.0,1,0,0,0,0,0.4
1627,16.0,0.0,1,0.0,0,0,0,0,0,0.3
1628,0.0,0.0,1,0.0,0,0,0,0,0,0.1
1629,7.0,,1,0.0,0,0,0,0,0,0.2
1630,9.0,,1,0.0,0,0,0,0,0,0.2
1631,27.0,23.479778533878893,1,0.0,1,1,1,0,0,0.6
1632,0.0,0.0,1,0.0,0,0,0,0,0,0.1
1633,38.0,14.14213562373095,1,0.0,0,0,0,0,0,0.3
1634,0.0,0.0,1,0.0,0,0,0,0,0,0.1
1635,15.0,,1,0.0,0,0,0,0,0,0.2
1636,34.0,22.556595487794695,2,0.0,1,1,1,0,0,0.6
1637,35.0,44.48595283907045,2,0.0,1,1,1,0,0,0.6
1638,28.0,37.938107491017526,1,0.0,1,1,1,0,0,0.6
1639,29.0,,1,0.0,0,0,0,0,0,0.2
1640,19.0,,1,0.0,0,0,0,0,0,0.2
1641,28.0,11.74734012447073,1,0.0,1,1,0,0,0,0.5
1642,43.0,20.29778313018444,1,0.0,1,1,1,0,0,0.6
1643,35.0,1.4142135623730951,1,0.0,0,0,0,0,0,0.3
1644,23.0,81.40189099242632,1,0.0,1,1,1,1,0,0.9
1645,19.5,33.66828732544278,1,1.0,1,1,1,0,0,0.9
1646,34.5,0.7071067811865476,1,0.0,0,0,0,0,0,0.3
1647,3.5,3.5355339059327373,2,0.0,0,0,0,0,0,0.3
1648,25.0,28.431203515386635,1,0.0,1,0,0,0,0,0.4
1649,14.0,,1,0.0,0,0,0,0,0,0.2
1650,38.0,21.213203435596427,1,0.0,0,0,0,0,0,0.3
1651,0.0,0.0,1,0.0,0,0,0,0,0,0.1
1652,12.0,11.313708498984761,1,0.0,0,0,0,0,0,0.3
1653,41.5,34.64823227814083,1,0.0,0,0,0,0,0,0.3
1654,0.0,0.0,1,0.0,0,0,0,0,0,0.1
1655,19.5,12.020815280171309,1,0.0,0,0,0,0,0,0.3
1656,39.0,18.083141320025124,1,0.0,1,0,0,0,0,0.4
1657,48.0,8.020806277010644,1,0.0,1,0,0,0,0,0.4
1658,28.5,17.67766952966369,1,0.0,0,0,0,0,0,0.3
1659,24.0,,1,0.0,0,0,0,0,0,0.2
1660,35.5,16.263455967290593,1,0.0,0,0,0,0,0,0.3
1661,18.0,1.4142135623730951,1,0.0,0,0,0,0,0,0.3
1662,31.5,3.5355339059327373,1,0.0,0,0,0,0,0,0.3
1663,19.0,49.96331987902058,1,0.0,1,0,0,0,0,0.4
1664,0.0,0.0,1,0.0,0,0,0,0,0,0.1
1665,11.0,,1,0.0,0,0,0,0,0,0.2
1666,7.0,,1,0.0,0,0,0,0,0,0.2
1667,36.0,45.254833995939045,1,0.0,0,0,0,0,0,0.3
1668,38.0,18.35755975068582,1,0.0,1,0,0,0,0,0.4
1669,0.0,0.0,1,0.0,0,0,0,0,0,0.1
1670,20.0,,1,0.0,0,0,0,0,0,0.2
1671,34.5,38.890872965260115,1,0.0,0,0,0,0,0,0.3
1672,9.0,38.31448812133603,1,0.0,1,0,0,0,0,0.4
1673,18.0,24.041630560342618,2,0.0,0,0,0,0,0,0.3
1674,40.5,37.476659402887016,1,0.0,0,0,0,0,0,0.3
1675,46.0,21.455380055672126,1,0.0,1,0,0,0,0,0.4
1676,0.0,0.0,1,0.0,0,0,0,0,0,0.1
1677,23.0,,1,0.0,0,0,0,0,0,0.2
1678,36.0,22.810816147900834,1,0.0,1,0,0,0,0,0.4
1679,0.0,0.0,1,0.0,0,0,0,0,0,0.1
1680,36.5,48.79036790187178,1,0.0,0,0,0,0,0,0.3
1681,2.0,,1,0.0,0,0,0,0,0,0.2
1682,13.0,22.678918257565403,1,0.0,1,0,0,0,0,0.4
1683,38.0,19.519221295943133,1,0.0,1,0,0,0,0,0.4
1684,0.0,0.0,1,0.0,0,0,0,0,0,0.1
1685,0.0,,2,0.0,0,0,0,0,0,0.2
1686,0.0,0.0,1,0.0,0,0,0,0,0,0.1
1687,23.0,22.47665455533808,1,0.0,1,1,1,0,0,0.6
1688,44.0,,1,0.0,0,0,0,0,0,0.2
1689,36.0,,1,0.0,0,0,0,0,0,0.2
1690,0.0,0.0,1,0.0,0,0,0,0,0,0.1
1691,33.0,5.656854249492381,1,0.0,0,0,0,0,0,0.3
1692,4.0,,1,0.0,0,0,0,0,0,0.2
1693,1.0,,1,0.0,0,0,0,0,0,0.2
1694,29.0,2.8284271247461903,1,0.0,0,0,0,0,0,0.3
1695,28.5,3.5355339059327373,1,0.0,0,0,0,0,0,0.3
1696,5.0,,1,0.0,0,0,0,0,0,0.2
1697,22.0,,1,0.0,0,0,0,0,0,0.2
1698,29.0,58.432297005451815,1,0.0,1,0,0,0,0,0.4
1699,28.0,22.368132093076824,1,0.0,1,0,0,0,0,0.4
1700,14.0,,1,0.0,0,0,0,0,0,0.2
1701,38.0,11.532562594670797,1,0.0,1,0,0,0,0,0.4
1702,30.0,29.261749776799064,1,0.0,1,1,0,0,0,0.5
1703,20.5,79.2464510246358,1,0.0,1,1,1,1,0,0.9
1704,0.0,0.0,1,0.0,0,0,0,0,0,0.1
1705,39.5,9.192388155425117,1,0.0,0,0,0,0,0,0.3
1706,44.0,19.313207915827963,1,0.0,1,0,0,0,0,0.4
1707,12.0,,1,0.0,0,0,0,0,0,0.2
1708,26.0,16.258331197676263,1,0.0,1,0,0,0,0,0.4
1709,37.0,12.662279942148386,1,0.0,1,0,0,0,0,0.4
1710,44.5,6.3639610306789285,1,0.0,0,0,0,0,0,0.3
1711,0.0,0.0,1,0.0,0,0,0,0,0,0.1
1712,44.0,,1,0.0,0,0,0,0,0,0.2
1713,34.0,42.15447781671598,1,0.0,1,0,0,0,0,0.4
1714,0.0,0.0,1,0.0,0,0,0,0,0,0.1
1715,47.0,23.629078131263043,1,0.0,1,0,0,0,0,0.4
1716,45.0,31.722231951740092,1,0.0,1,1,1,0,0,0.6
1717,0.0,,2,0.0,0,0,0,0,0,0.2
1718,33.0,,1,0.0,0,0,0,0,0,0.2
1719,40.0,42.71221527073178,1,0.0,1,0,0,0,0,0.4
1720,14.0,51.69461609619839,1,0.0,1,0,0,0,0,0.4
1721,55.0,29.143323992525858,1,0.0,1,0,0,0,0,0.4
1722,35.0,25.106440076867393,1,0.0,1,0,0,0,0,0.4
1723,42.0,25.455844122715714,1,0.0,0,0,0,0,0,0.3
1724,0.0,0.0,1,0.0,0,0,0,0,0,0.1
1725,15.0,63.29748358798656,2,0.0,1,1,1,1,0,0.9
1726,31.0,38.88873015840622,1,0.0,1,0,0,0,0,0.4
1727,31.0,,1,0.0,0,0,0,0,0,0.2
1728,13.5,16.263455967290593,1,0.0,0,0,0,0,0,0.3
1729,16.0,15.556349186104045,1,0.0,0,0,0,0,0,0.3
1730,30.0,28.96179749749166,1,1.0,1,1,1,0,0,0.9
1731,36.0,38.18376618407356,1,0.0,0,0,0,0,0,0.3
1732,36.5,24.041630560342618,1,0.0,1,1,0,0,0,0.5
1733,15.0,18.94201678808252,1,0.0,1,1,1,0,0,0.6
1734,18.5,24.748737341529164,1,0.0,0,0,0,0,0,0.3
1735,0.0,0.0,1,0.0,0,0,0,0,0,0.1
1736,9.0,,1,0.0,0,0,0,0,0,0.2
1737,16.0,11.077003204838391,1,0.0,1,1,1,0,0,0.6
1738,36.0,19.79898987322333,1,0.0,0,0,0,0,0,0.3
1739,19.5,12.020815280171309,1,0.0,0,0,0,0,0,0.3
1740,41.0,31.11269837220809,1,0.0,0,0,0,0,0,0.3
1741,23.0,33.15116890850155,1,0.0,1,0,0,0,0,0.4
1742,25.0,22.00757445365875,1,0.0,1,0,0,0,0,0.4
1743,40.0,22.60530911091463,1,0.0,1,0,0,0,0,0.4
1744,62.0,55.560777532356404,1,0.0,1,0,0,0,0,0.4
1745,16.0,,1,0.0,0,0,0,0,0,0.2
1746,0.0,0.0,1,0.0,0,0,0,0,0,0.1
1747,16.0,,1,0.0,0,0,0,0,0,0.2
1748,10.0,7.071067811865475,1,0.0,0,0,0,0,0,0.3
1749,18.5,112.78424408704309,1,1.0,1,1,1,0,0,0.9
1750,0.0,0.0,1,0.0,0,0,0,0,0,0.1
1751,0.0,0.0,1,0.0,0,0,0,0,0,0.1
1752,0.0,0.0,1,0.0,0,0,0,0,0,0.1
1753,27.0,2.8284271247461903,1,0.0,0,0,0,0,0,0.3
1754,6.0,26.38812864401971,1,0.0,1,0,0,0,0,0.4
1755,30.0,26.615986066379623,1,1.0,1,1,1,0,0,0.9
1756,17.0,,1,0.0,0,0,0,0,0,0.2
1757,32.0,48.41831609353358,1,0.0,1,0,0,0,0,0.4
1758,24.5,13.435028842544403,1,0.0,0,0,0,0,0,0.3
1759,21.0,61.22776564365456,1,1.0,1,1,1,0,0,0.9
1760,24.0,32.62361108154644,1,0.0,1,1,1,0,0,0.6
1761,57.0,55.62673218276743,1,0.0,1,0,0,0,0,0.4
1762,34.0,20.8806130178211,2,0.0,1,0,0,0,0,0.4
1763,48.0,43.26661530556787,1,0.0,1,0,0,0,0,0.4
1764,36.0,34.07345007480164,1,0.0,1,1,0,0,0,0.5
1765,24.0,38.44086367396029,1,0.0,1,1,1,0,0,0.6
1766,52.0,13.0,1,0.0,1,0,0,0,0,0.4
1767,14.0,,1,0.0,0,0,0,0,0,0.2
1768,26.5,17.67766952966369,1,0.0,0,0,0,0,0,0.3
1769,20.0,,1,0.0,0,0,0,0,0,0.2
1770,18.0,,1,0.0,0,0,0,0,0,0.2
1771,24.5,111.18702069679075,1,1.0,1,1,1,0,0,0.9
1772,21.0,36.96394639825858,1,0.0,1,0,0,0,0,0.4
1773,34.0,36.76955262170047,1,0.0,0,0,0,0,0,0.3
1774,21.0,24.041630560342618,1,0.0,0,0,0,0,0,0.3
1775,0.0,0.0,1,0.0,0,0,0,0,0,0.1
1776,11.0,40.80808743374284,1,0.0,1,1,1,0,0,0.6
1777,6.0,,1,0.0,0,0,0,0,0,0.2
1778,12.0,26.17823523463719,1,0.0,1,1,1,0,0,0.6
1779,31.0,28.2842712474619,1,0.0,0,0,0,0,0,0.3
1780,10.5,3.5355339059327373,1,0.0,0,0,0,0,0,0.3
1781,29.0,29.698484809834994,1,0.0,0,0,0,0,0,0.3
1782,27.0,25.166114784235834,1,0.0,1,0,0,0,0,0.4
1783,35.0,36.76955262170047,1,0.0,0,0,0,0,0,0.3
1784,0.0,,2,0.0,0,0,0,0,0,0.2
1785,0.0,0.0,1,0.0,0,0,0,0,0,0.1
1786,41.0,40.253364248635584,1,0.0,1,0,0,0,0,0.4
1787,30.0,29.091808698211484,1,0.0,1,0,0,0,0,0.4
1788,24.0,14.52522436512231,1,0.0,1,1,1,1,0,0.9
1789,32.0,47.38459665334295,1,0.0,1,1,1,0,0,0.6
1790,24.0,,1,0.0,0,0,0,0,0,0.2
1791,12.5,9.192388155425117,1,0.0,0,0,0,0,0,0.3
1792,39.0,11.458621208504974,1,0.0,1,1,1,0,0,0.6
1793,0.0,0.0,1,0.0,0,0,0,0,0,0.1
1794,35.5,48.79036790187178,1,0.0,0,0,0,0,0,0.3
1795,14.5,19.09188309203678,1,0.0,0,0,0,0,0,0.3
1796,4.5,2.1213203435596424,1,0.0,0,0,0,0,0,0.3
1797,10.5,10.606601717798213,1,0.0,0,0,0,0,0,0.3
1798,32.0,91.65063712661406,1,1.0,1,1,1,0,0,0.9
1799,29.0,26.451843035977664,1,0.0,1,1,1,0,0,0.6
1800,3.5,2.1213203435596424,1,0.0,0,0,0,0,0,0.3
1801,33.0,,1,0.0,0,0,0,0,0,0.2
1802,32.5,7.7781745930520225,1,0.0,0,0,0,0,0,0.3
1803,11.0,1.4142135623730951,1,0.0,0,0,0,0,0,0.3
1804,12.0,,1,0.0,0,0,0,0,0,0.2
1805,67.0,50.30241876225569,1,0.0,1,0,0,0,0,0.4
1806,10.0,,1,0.0,0,0,0,0,0,0.2
1807,1.0,,2,0.0,0,0,0,0,0,0.2
1808,32.0,33.12602199681292,1,0.0,1,0,0,0,0,0.4
1809,0.0,0.0,1,0.0,0,0,0,0,0,0.1
1810,29.0,29.659737018389087,1,0.0,1,1,1,0,0,0.6
1811,19.0,39.85240627257388,1,1.0,1,1,1,0,0,0.9
1812,7.0,,1,0.0,0,0,0,0,0,0.2
1813,14.5,3.5355339059327373,1,0.0,0,0,0,0,0,0.3
1814,42.0,33.94112549695428,1,0.0,0,0,0,0,0,0.3
1815,15.0,24.606909598728567,1,0.0,1,1,1,0,0,0.6
1816,4.0,,1,0.0,0,0,0,0,0,0.2
1817,22.0,,1,0.0,0,0,0,0,0,0.2
1818,2.5,0.7071067811865476,1,0.0,0,0,0,0,0,0.3
1819,0.0,0.0,1,0.0,0,0,0,0,0,0.1
1820,14.0,,1,0.0,0,0,0,0,0,0.2
1821,52.0,24.041630560342618,1,0.0,0,0,0,0,0,0.3
1822,25.5,19.09188309203678,1,0.0,0,0,0,0,0,0.3
1823,21.0,17.169740825067805,1,0.0,1,1,1,0,0,0.6
1824,11.0,11.313708498984761,1,0.0,0,0,0,0,0,0.3
1825,19.0,66.8408290535914,1,1.0,1,1,1,0,0,0.9
1826,16.0,,1,0.0,0,0,0,0,0,0.2
1827,2.0,,1,0.0,0,0,0,0,0,0.2
1828,8.0,,1,0.0,0,0,0,0,0,0.2
1829,12.0,,1,0.0,0,0,0,0,0,0.2
1830,36.5,2.1213203435596424,1,0.0,0,0,0,0,0,0.3
1831,17.0,20.27806696901852,1,0.0,1,1,1,0,0,0.6
1832,0.0,0.0,1,0.0,0,0,0,0,0,0.1
1833,48.0,29.46183972531247,1,0.0,1,0,0,0,0,0.4
1834,10.0,23.24865587512534,1,0.0,1,1,1,0,0,0.6
1835,12.5,14.849242404917497,1,0.0,0,0,0,0,0,0.3
1836,34.0,25.455844122715714,1,0.0,0,0,0,0,0,0.3
1837,19.0,,1,0.0,0,0,0,0,0,0.2
1838,0.0,0.0,1,0.0,0,0,0,0,0,0.1
1839,12.5,16.263455967290593,1,0.0,0,0,0,0,0,0.3
1840,22.0,22.627416997969522,1,0.0,0,0,0,0,0,0.3
1841,19.5,14.849242404917497,1,0.0,0,0,0,0,0,0.3
1842,59.0,44.992591982829055,1,0.0,1,0,0,0,0,0.4
1843,20.0,31.83865575051811,1,0.0,1,1,1,0,0,0.6
1844,7.0,,1,0.0,0,0,0,0,0,0.2
1845,39.5,27.577164466275352,1,0.0,0,0,0,0,0,0.3
1846,42.5,38.14633477993472,1,1.0,1,1,1,0,0,0.9
1847,20.5,24.748737341529164,1,0.0,0,0,0,0,0,0.3
1848,28.0,33.94112549695428,1,0.0,0,0,0,0,0,0.3
1849,29.0,6.557438524302001,1,0.0,1,0,0,0,0,0.4
1850,11.0,,1,0.0,0,0,0,0,0,0.2
1851,36.0,14.047538337136986,1,0.0,1,0,0,0,0,0.4
1852,36.0,43.840620433565945,1,0.0,0,0,0,0,0,0.3
1853,27.0,19.157244060668017,1,0.0,1,1,1,0,0,0.6
1854,27.0,27.75427894938004,1,0.0,1,1,1,0,0,0.6
1855,28.0,24.361855430159668,1,0.0,1,1,1,0,0,0.6
1856,22.0,,1,0.0,0,0,0,0,0,0.2
1857,18.0,,1,0.0,0,0,0,0,0,0.2
1858,0.0,0.0,1,0.0,0,0,0,0,0,0.1
1859,30.0,8.48528137423857,1,0.0,0,0,0,0,0,0.3
1860,27.0,36.90979996333404,1,0.0,1,0,0,0,0,0.4
1861,42.5,14.849242404917497,1,0.0,0,0,0,0,0,0.3
1862,51.0,45.50091574170055,1,0.0,1,0,0,0,0,0.4
1863,14.0,5.656854249492381,1,0.0,0,0,0,0,0,0.3
1864,2.0,,1,0.0,0,0,0,0,0,0.2
1865,51.5,30.2709982216202,2,0.0,1,1,0,0,0,0.5
1866,46.0,39.50105483823607,1,0.0,1,0,0,0,0,0.4
1867,0.0,0.0,1,0.0,0,0,0,0,0,0.1
1868,16.0,,1,0.0,0,0,0,0,0,0.2
1869,32.0,15.556349186104045,1,0.0,0,0,0,0,0,0.3
1870,17.0,,1,0.0,0,0,0,0,0,0.2
1871,30.0,42.42640687119285,2,0.0,0,0,0,0,0,0.3
1872,25.0,,1,0.0,0,0,0,0,0,0.2
1873,0.0,0.0,1,0.0,0,0,0,0,0,0.1
1874,35.0,53.563046963368315,1,0.0,1,0,0,0,0,0.4
1875,18.0,21.69792616818483,1,0.0,1,1,1,0,0,0.6
1876,35.5,14.849242404917497,1,0.0,0,0,0,0,0,0.3
1877,15.0,46.285346853332896,1,0.0,1,0,0,0,0,0.4
1878,20.5,28.991378028648448,2,0.0,0,0,0,0,0,0.3
1879,35.0,23.895606290697042,1,0.0,1,0,0,0,0,0.4
1880,0.0,0.0,1,0.0,0,0,0,0,0,0.1
1881,21.0,28.5657137141714,1,0.0,1,1,1,0,0,0.6
1882,0.0,0.0,1,0.0,0,0,0,0,0,0.1
1883,16.0,41.93248541803042,1,0.0,1,0,0,0,0,0.4
1884,0.0,0.0,1,0.0,0,0,0,0,0,0.1
1885,1.0,,2,0.0,0,0,0,0,0,0.2
1886,8.0,,1,0.0,0,0,0,0,0,0.2
1887,26.0,25.942243542145693,1,0.0,1,0,0,0,0,0.4
1888,37.0,18.384776310850235,1,0.0,0,0,0,0,0,0.3
1889,16.0,9.273618495495704,1,0.0,1,1,1,0,0,0.6
1890,38.0,14.14213562373095,1,0.0,0,0,0,0,0,0.3
1891,20.0,,1,0.0,0,0,0,0,0,0.2
1892,2.0,,1,0.0,0,0,0,0,0,0.2
1893,22.0,16.97056274847714,1,0.0,0,0,0,0,0,0.3
1894,24.5,7.7781745930520225,1,0.0,0,0,0,0,0,0.3
1895,21.0,,1,0.0,0,0,0,0,0,0.2
1896,17.0,,1,0.0,0,0,0,0,0,0.2
1897,0.0,0.0,1,0.0,0,0,0,0,0,0.1
1898,11.0,,1,0.0,0,0,0,0,0,0.2
1899,24.0,,1,0.0,0,0,0,0,0,0.2
1900,70.0,48.3356321292412,1,0.0,1,0,0,0,0,0.4
1901,23.0,13.065221008463654,1,0.0,1,1,1,0,0,0.6
1902,39.0,35.38361202590826,1,0.0,1,0,0,0,0,0.4
1903,1.0,,1,0.0,0,0,0,0,0,0.2
1904,18.5,19.09188309203678,1,0.0,0,0,0,0,0,0.3
1905,8.0,,1,0.0,0,0,0,0,0,0.2
1906,23.0,29.664793948382652,1,0.0,1,1,1,0,0,0.6
1907,28.0,11.313708498984761,1,0.0,0,0,0,0,0,0.3
1908,32.0,43.840620433565945,1,0.0,0,0,0,0,0,0.3
1909,0.0,,2,0.0,0,0,0,0,0,0.2
1910,53.0,22.722969289539016,1,0.0,1,0,0,0,0,0.4
1911,45.0,32.020826556060875,1,0.0,1,0,0,0,0,0.4
1912,22.5,9.192388155425117,1,0.0,0,0,0,0,0,0.3
1913,20.0,44.16257842714048,1,0.0,1,0,0,0,0,0.4
1914,33.0,,1,0.0,0,0,0,0,0,0.2
1915,15.0,19.79898987322333,2,0.0,0,0,0,0,0,0.3
1916,34.5,22.037846234754127,1,0.0,1,1,0,0,0,0.5
1917,32.0,,1,0.0,0,0,0,0,0,0.2
1918,30.0,4.242640687119285,1,0.0,0,0,0,0,0,0.3
1919,0.0,0.0,1,0.0,0,0,0,0,0,0.1
1920,17.0,,1,0.0,0,0,0,0,0,0.2
1921,27.0,93.8950782218414,1,1.0,1,1,1,0,0,0.9
1922,3.0,,1,0.0,0,0,0,0,0,0.2
1923,20.0,34.47027705139603,2,0.0,1,1,1,0,0,0.6
1924,6.0,,1,0.0,0,0,0,0,0,0.2
1925,45.0,28.988503468329185,1,0.0,1,0,0,0,0,0.4
1926,6.0,7.071067811865475,1,0.0,0,0,0,0,0,0.3
1927,0.0,0.0,1,0.0,0,0,0,0,0,0.1
1928,23.0,,1,0.0,0,0,0,0,0,0.2
1929,16.0,,1,0.0,0,0,0,0,0,0.2
1930,23.0,14.14213562373095,1,0.0,0,0,0,0,0,0.3
1931,64.0,24.55605831561735,1,0.0,1,0,0,0,0,0.4
1932,16.0,,1,0.0,0,0,0,0,0,0.2
1933,23.0,50.71817557181383,1,0.0,1,0,0,0,0,0.4
1934,33.0,29.698484809834994,1,0.0,0,0,0,0,0,0.3
1935,18.0,,1,0.0,0,0,0,0,0,0.2
1936,0.0,0.0,1,0.0,0,0,0,0,0,0.1
1937,28.0,,1,0.0,0,0,0,0,0,0.2
1938,0.0,0.0,1,0.0,0,0,0,0,0,0.1
1939,22.0,,1,0.0,0,0,0,0,0,0.2
1940,0.0,0.0,1,0.0,0,0,0,0,0,0.1
1941,23.0,21.431285542402726,1,0.0,1,1,1,0,0,0.6
1942,41.0,15.556349186104045,1,0.0,0,0,0,0,0,0.3
1943,0.0,0.0,1,0.0,0,0,0,0,0,0.1
1944,36.0,,1,0.0,0,0,0,0,0,0.2
1945,4.0,,1,0.0,0,0,0,0,0,0.2
1946,21.5,3.5355339059327373,1,0.0,0,0,0,0,0,0.3
1947,0.0,0.0,1,0.0,0,0,0,0,0,0.1
1948,17.0,,1,0.0,0,0,0,0,0,0.2
1949,21.0,26.870057685088806,1,0.0,0,0,0,0,0,0.3
1950,33.0,25.455844122715714,1,0.0,0,0,0,0,0,0.3
1951,45.5,9.192388155425117,1,0.0,0,0,0,0,0,0.3
1952,50.0,59.22837157984338,2,0.0,1,0,0,0,0,0.4
1953,14.5,30.15081140817654,1,1.0,1,1,1,0,0,0.9
1954,26.0,18.448125469362285,2,0.0,1,0,0,0,0,0.4
1955,21.0,,1,0.0,0,0,0,0,0,0.2
1956,35.0,21.213203435596427,1,0.0,0,0,0,0,0,0.3
1957,26.0,29.698484809834994,1,0.0,0,0,0,0,0,0.3
1958,6.0,,1,0.0,0,0,0,0,0,0.2
1959,0.0,0.0,1,0.0,0,0,0,0,0,0.1
1960,47.5,24.748737341529164,1,0.0,0,0,0,0,0,0.3
1961,36.5,12.020815280171309,1,0.0,0,0,0,0,0,0.3
1962,20.0,64.65167658857955,1,1.0,1,1,1,0,0,0.9
1963,36.0,39.802009999496256,1,0.0,1,1,1,0,0,0.6
1964,39.0,41.18656738954259,1,0.0,1,0,0,0,0,0.4
1965,21.0,,1,0.0,0,0,0,0,0,0.2
1966,0.0,0.0,1,0.0,0,0,0,0,0,0.1
1967,15.5,7.7781745930520225,1,0.0,0,0,0,0,0,0.3
1968,28.0,7.071067811865475,1,0.0,0,0,0,0,0,0.3
1969,0.0,0.0,1,0.0,0,0,0,0,0,0.1
1970,32.5,24.748737341529164,1,0.0,0,0,0,0,0,0.3
1971,19.0,42.744882734661935,2,0.0,1,1,1,1,0,0.9
1972,3.5,0.7071067811865476,1,0.0,0,0,0,0,0,0.3
1973,3.5,3.5355339059327373,2,0.0,0,0,0,0,0,0.3
1974,36.0,16.97056274847714,1,0.0,0,0,0,0,0,0.3
1975,26.5,2.1213203435596424,1,0.0,0,0,0,0,0,0.3
1976,0.0,0.0,1,0.0,0,0,0,0,0,0.1
1977,17.0,,1,0.0,0,0,0,0,0,0.2
1978,8.5,4.949747468305833,1,0.0,0,0,0,0,0,0.3
1979,0.0,0.0,1,0.0,0,0,0,0,0,0.1
1980,33.0,38.927282634847934,1,0.0,1,1,0,0,0,0.5
1981,3.0,,1,0.0,0,0,0,0,0,0.2
1982,19.0,34.99714274051526,2,0.0,1,1,1,0,0,0.6
1983,34.0,37.673598182281445,1,0.0,1,1,1,0,0,0.6
1984,29.5,40.30508652763321,2,0.0,0,0,0,0,0,0.3
1985,31.0,22.733235581412515,1,0.0,1,1,1,0,0,0.6
1986,12.0,,1,0.0,0,0,0,0,0,0.2
1987,35.0,,1,0.0,0,0,0,0,0,0.2
1988,3.0,,1,0.0,0,0,0,0,0,0.2
1989,32.5,19.09188309203678,1,0.0,0,0,0,0,0,0.3
1990,0.0,0.0,1,0.0,0,0,0,0,0,0.1
1991,11.0,7.071067811865475,1,0.0,0,0,0,0,0,0.3
1992,0.0,0.0,1,0.0,0,0,0,0,0,0.1
1993,24.0,43.08608492640883,1,1.0,1,1,1,0,0,0.9
1994,0.0,0.0,1,0.0,0,0,0,0,0,0.1
1995,0.0,0.0,1,0.0,0,0,0,0,0,0.1
1996,35.5,2.1213203435596424,1,0.0,0,0,0,0,0,0.3
1997,25.0,10.430723848324238,1,0.0,1,1,1,0,0,0.6
1998,19.0,18.384776310850235,1,0.0,0,0,0,0,0,0.3
1999,29.5,85.45832317568606,1,1.0,1,1,1,0,0,0.9
2000,19.0,18.24828759089466,1,0.0,1,0,0,0,0,0.4
2001,18.0,,1,0.0,0,0,0,0,0,0.2
2002,49.0,55.668662638867126,1,0.0,1,0,0,0,0,0.4
2003,15.0,,1,0.0,0,0,0,0,0,0.2
2004,23.0,,1,0.0,0,0,0,0,0,0.2
2005,16.0,27.227437142216182,1,0.0,1,0,0,0,0,0.4
2006,49.0,17.243356208503418,1,0.0,1,0,0,0,0,0.4
2007,16.0,31.035463586033316,1,0.0,1,1,1,0,0,0.6
2008,0.0,0.0,1,0.0,0,0,0,0,0,0.1
2009,13.0,14.14213562373095,1,0.0,0,0,0,0,0,0.3
2010,0.0,0.0,1,0.0,0,0,0,0,0,0.1
2011,5.0,40.15843622453445,1,0.0,1,1,1,0,0,0.6
2012,32.0,41.012193308819754,1,0.0,0,0,0,0,0,0.3
2013,29.0,2.8284271247461903,1,0.0,0,0,0,0,0,0.3
2014,20.0,24.49081460466352,1,0.0,1,1,1,0,0,0.6
2015,0.0,0.0,1,0.0,0,0,0,0,0,0.1
2016,55.0,44.6579593503032,1,0.0,1,0,0,0,0,0.4
2017,29.0,26.565014586858407,1,0.0,1,1,1,0,0,0.6
2018,2.0,,1,0.0,0,0,0,0,0,0.2
2019,26.0,29.698484809834994,1,0.0,0,0,0,0,0,0.3
2020,19.0,46.92902442341342,1,0.0,1,0,0,0,0,0.4
2021,35.5,40.30508652763321,1,0.0,0,0,0,0,0,0.3
2022,0.0,0.0,1,0.0,0,0,0,0,0,0.1
2023,0.0,0.0,1,0.0,0,0,0,0,0,0.1
2024,24.5,14.849242404917497,1,0.0,0,0,0,0,0,0.3
2025,26.0,19.969977466186585,1,0.0,1,1,1,0,0,0.6
2026,9.0,7.767453465154029,1,0.0,1,0,0,0,0,0.4
2027,0.0,0.0,1,0.0,0,0,0,0,0,0.1
2028,2.0,,1,0.0,0,0,0,0,0,0.2
2029,19.0,36.85274752308164,1,1.0,1,1,1,0,0,0.9
2030,29.0,9.899494936611665,1,0.0,0,0,0,0,0,0.3
2031,6.0,,1,0.0,0,0,0,0,0,0.2
2032,26.0,21.702534414210707,1,0.0,1,0,0,0,0,0.4
2033,1.5,2.1213203435596424,2,0.0,0,0,0,0,0,0.3
2034,3.0,,1,0.0,0,0,0,0,0,0.2
2035,44.0,9.899494936611665,1,0.0,0,0,0,0,0,0.3
2036,19.0,32.96513309543889,1,0.0,1,1,1,0,0,0.6
2037,27.0,,1,0.0,0,0,0,0,0,0.2
2038,15.5,14.849242404917497,1,0.0,0,0,0,0,0,0.3
2039,0.0,0.0,1,0.0,0,0,0,0,0,0.1
2040,23.5,52.43754788862107,1,1.0,1,1,1,0,0,0.9
2041,43.0,36.90979996333404,1,0.0,1,0,0,0,0,0.4
2042,5.0,,1,0.0,0,0,0,0,0,0.2
2043,29.5,40.30508652763321,2,0.0,0,0,0,0,0,0.3
2044,0.0,0.0,1,0.0,0,0,0,0,0,0.1
2045,5.0,,1,0.0,0,0,0,0,0,0.2
2046,23.5,10.606601717798213,1,0.0,0,0,0,0,0,0.3
2047,47.0,,1,0.0,0,0,0,0,0,0.2
2048,38.0,,1,0.0,0,0,0,0,0,0.2
2049,0.0,0.0,1,0.0,0,0,0,0,0,0.1
2050,0.0,,2,0.0,0,0,0,0,0,0.2
2051,0.0,0.0,1,0.0,0,0,0,0,0,0.1
2052,21.0,45.904248169423276,1,0.0,1,1,1,0,0,0.6
2053,0.0,0.0,1,0.0,0,0,0,0,0,0.1
2054,4.0,,1,0.0,0,0,0,0,0,0.2
2055,27.0,5.656854249492381,1,0.0,0,0,0,0,0,0.3
2056,0.0,0.0,1,0.0,0,0,0,0,0,0.1
2057,38.0,,1,0.0,0,0,0,0,0,0.2
2058,23.5,20.506096654409877,1,0.0,0,0,0,0,0,0.3
2059,26.0,26.870057685088806,1,0.0,0,0,0,0,0,0.3
2060,37.5,99.59910713885513,1,1.0,1,1,1,0,0,0.9
2061,21.0,59.19459434779497,1,0.0,1,0,0,0,0,0.4
2062,29.0,14.14213562373095,1,0.0,0,0,0,0,0,0.3
2063,0.0,0.0,1,0.0,0,0,0,0,0,0.1
2064,26.0,31.037074604414638,1,0.0,1,1,1,0,0,0.6
2065,3.0,,1,0.0,0,0,0,0,0,0.2
2066,47.0,41.0162569395762,1,0.0,1,0,0,0,0,0.4
2067,0.0,0.0,1,0.0,0,0,0,0,0,0.1
2068,35.5,30.072135496724098,1,0.0,1,1,0,0,0,0.5
2069,43.5,43.94395781642145,1,1.0,1,1,1,0,0,0.9
2070,24.0,,1,0.0,0,0,0,0,0,0.2
2071,24.0,28.2842712474619,1,0.0,0,0,0,0,0,0.3
2072,50.5,43.400268816371785,1,0.0,1,1,0,0,0,0.5
2073,0.0,0.0,1,0.0,0,0,0,0,0,0.1
2074,34.0,11.313708498984761,1,0.0,0,0,0,0,0,0.3
2075,0.0,0.0,1,0.0,0,0,0,0,0,0.1
2076,28.0,,1,0.0,0,0,0,0,0,0.2
2077,0.0,0.0,1,0.0,0,0,0,0,0,0.1
2078,6.0,,1,0.0,0,0,0,0,0,0.2
2079,34.5,37.476659402887016,1,0.0,0,0,0,0,0,0.3
2080,0.0,0.0,1,0.0,0,0,0,0,0,0.1
2081,30.5,41.71930009000631,1,0.0,0,0,0,0,0,0.3
2082,10.0,,1,0.0,0,0,0,0,0,0.2
2083,14.5,6.3639610306789285,1,0.0,0,0,0,0,0,0.3
2084,27.0,11.313708498984761,1,0.0,0,0,0,0,0,0.3
2085,24.5,0.7071067811865476,1,0.0,0,0,0,0,0,0.3
2086,25.0,37.27288367087872,2,0.0,1,1,1,1,0,0.9
2087,15.0,36.50114153466071,1,0.0,1,0,0,0,0,0.4
2088,8.0,,1,0.0,0,0,0,0,0,0.2
2089,30.0,23.24507116214819,1,0.0,1,0,0,0,0,0.4
2090,0.0,0.0,1,0.0,0,0,0,0,0,0.1
2091,5.0,,1,0.0,0,0,0,0,0,0.2
2092,51.0,46.090490703976386,1,0.0,1,0,0,0,0,0.4
2093,16.0,,1,0.0,0,0,0,0,0,0.2
2094,29.0,,1,0.0,0,0,0,0,0,0.2
2095,0.0,0.0,1,0.0,0,0,0,0,0,0.1
2096,6.0,,1,0.0,0,0,0,0,0,0.2
2097,32.0,15.08973160795115,1,0.0,1,1,1,0,0,0.6
2098,17.0,,1,0.0,0,0,0,0,0,0.2
2099,9.5,2.1213203435596424,1,0.0,0,0,0,0,0,0.3
2100,44.0,24.94660965609021,1,0.0,1,0,0,0,0,0.4
2101,8.0,,1,0.0,0,0,0,0,0,0.2
2102,19.0,20.6082507748717,1,0.0,1,1,1,0,0,0.6
2103,22.0,21.0,1,0.0,1,0,0,0,0,0.4
2104,49.0,28.53652630109932,1,0.0,1,0,0,0,0,0.4
2105,37.0,37.68730997740928,1,0.0,1,0,0,0,0,0.4
2106,15.0,16.802777548171413,1,0.0,1,0,0,0,0,0.4
2107,41.0,,1,0.0,0,0,0,0,0,0.2
2108,16.0,,1,0.0,0,0,0,0,0,0.2
2109,26.5,7.9582242575422155,1,0.0,1,1,0,0,0,0.5
2110,42.0,19.078784028338912,1,0.0,1,0,0,0,0,0.4
2111,32.0,7.094598884597588,1,0.0,1,0,0,0,0,0.4
2112,19.0,,1,0.0,0,0,0,0,0,0.2
2113,29.0,25.683976846794323,1,0.0,1,1,0,0,0,0.5
2114,22.0,24.041630560342618,1,0.0,0,0,0,0,0,0.3
2115,6.5,3.5355339059327373,1,0.0,0,0,0,0,0,0.3
2116,0.0,,2,0.0,0,0,0,0,0,0.2
2117,21.0,67.20916179042429,2,1.0,1,1,1,0,0,0.9
2118,19.0,24.041630560342618,1,0.0,0,0,0,0,0,0.3
2119,20.0,40.253364248635584,1,0.0,1,0,0,0,0,0.4
2120,0.0,0.0,1,0.0,0,0,0,0,0,0.1
2121,0.0,0.0,1,0.0,0,0,0,0,0,0.1
2122,40.0,21.64948036327893,1,0.0,1,1,1,0,0,0.6
2123,30.5,37.3217988133834,1,0.0,1,1,0,0,0,0.5
2124,40.0,27.832834326864138,1,0.0,1,1,0,0,0,0.5
2125,17.0,,1,0.0,0,0,0,0,0,0.2
2126,0.0,0.0,1,0.0,0,0,0,0,0,0.1
2127,0.0,0.0,1,0.0,0,0,0,0,0,0.1
2128,25.5,6.3639610306789285,1,0.0,0,0,0,0,0,0.3
2129,0.0,0.0,1,0.0,0,0,0,0,0,0.1
2130,4.0,,1,0.0,0,0,0,0,0,0.2
2131,16.5,7.7781745930520225,1,0.0,0,0,0,0,0,0.3
2132,38.0,,1,0.0,0,0,0,0,0,0.2
2133,31.0,,1,0.0,0,0,0,0,0,0.2
2134,0.0,0.0,1,0.0,0,0,0,0,0,0.1
2135,26.5,27.577164466275352,1,0.0,0,0,0,0,0,0.3
2136,23.5,2.1213203435596424,1,0.0,0,0,0,0,0,0.3
2137,14.0,31.01128826733904,2,0.0,1,1,1,0,0,0.6
2138,21.0,4.242640687119285,1,0.0,0,0,0,0,0,0.3
2139,26.0,,1,0.0,0,0,0,0,0,0.2
2140,28.0,23.679104712805337,1,0.0,1,1,1,0,0,0.6
2141,25.0,45.7362001045124,2,0.0,1,1,1,0,0,0.6
2142,0.0,0.0,1,0.0,0,0,0,0,0,0.1
2143,0.0,0.0,1,0.0,0,0,0,0,0,0.1
2144,0.0,0.0,1,0.0,0,0,0,0,0,0.1
2145,24.5,53.16875648975314,1,0.0,1,1,0,0,0,0.5
2146,35.0,,1,0.0,0,0,0,0,0,0.2
2147,9.5,7.7781745930520225,1,0.0,0,0,0,0,0,0.3
2148,38.5,16.263455967290593,1,0.0,0,0,0,0,0,0.3
2149,20.0,34.12770135828078,1,0.0,1,1,1,0,0,0.6
2150,46.0,28.005951748393294,1,0.0,1,0,0,0,0,0.4
2151,26.0,56.88878038184097,1,0.0,1,0,0,0,0,0.4
2152,37.0,,1,0.0,0,0,0,0,0,0.2
2153,5.0,,1,0.0,0,0,0,0,0,0.2
2154,56.0,39.06831623366092,1,0.0,1,0,0,0,0,0.4
2155,22.0,44.6799731423375,1,0.0,1,1,1,0,0,0.6
2156,0.0,0.0,1,0.0,0,0,0,0,0,0.1
2157,19.5,58.14022458062674,1,1.0,1,1,1,0,0,0.9
2158,43.0,,1,0.0,0,0,0,0,0,0.2
2159,11.0,8.384509526501834,1,0.0,1,1,1,0,0,0.6
2160,24.0,43.93555887129847,1,0.0,1,0,0,0,0,0.4
2161,6.0,,1,0.0,0,0,0,0,0,0.2
2162,17.0,21.213203435596427,1,0.0,0,0,0,0,0,0.3
2163,6.0,,1,0.0,0,0,0,0,0,0.2
2164,1.0,,2,0.0,0,0,0,0,0,0.2
2165,46.0,,1,0.0,0,0,0,0,0,0.2
2166,0.0,,2,0.0,0,0,0,0,0,0.2
2167,17.0,,1,0.0,0,0,0,0,0,0.2
2168,41.0,32.526911934581186,1,0.0,0,0,0,0,0,0.3
2169,9.5,7.7781745930520225,1,0.0,0,0,0,0,0,0.3
2170,44.0,43.09679029038396,1,0.0,1,0,0,0,0,0.4
2171,9.0,,1,0.0,0,0,0,0,0,0.2
2172,25.0,8.54400374531753,1,0.0,1,0,0,0,0,0.4
2173,29.0,8.48528137423857,1,0.0,0,0,0,0,0,0.3
2174,1.0,,2,0.0,0,0,0,0,0,0.2
2175,15.0,,1,0.0,0,0,0,0,0,0.2
2176,35.5,27.577164466275352,1,0.0,0,0,0,0,0,0.3
2177,0.0,0.0,1,0.0,0,0,0,0,0,0.1
2178,50.0,24.63736998950984,1,0.0,1,0,0,0,0,0.4
2179,30.0,,1,0.0,0,0,0,0,0,0.2
2180,18.0,,1,0.0,0,0,0,0,0,0.2
2181,0.0,0.0,1,0.0,0,0,0,0,0,0.1
2182,19.0,,1,0.0,0,0,0,0,0,0.2
2183,5.0,38.68246803570493,1,0.0,1,0,0,0,0,0.4
2184,16.0,,1,0.0,0,0,0,0,0,0.2
2185,30.0,27.055498516937366,2,0.0,1,0,0,0,0,0.4
2186,25.0,71.09739296003958,1,0.0,1,1,1,1,0,0.9
2187,29.0,52.290853247325515,1,0.0,1,0,0,0,0,0.4
2188,18.0,24.041630560342618,2,0.0,0,0,0,0,0,0.3
2189,34.5,92.82770137656725,1,1.0,1,1,1,0,0,0.9
2190,41.0,25.455844122715714,1,0.0,0,0,0,0,0,0.3
2191,33.0,47.98263574808426,1,0.0,1,0,0,0,0,0.4
2192,56.0,58.53488988059457,2,0.0,1,0,0,0,0,0.4
2193,20.0,39.13693907295255,1,0.0,1,1,1,0,0,0.6
2194,10.0,,1,0.0,0,0,0,0,0,0.2
2195,12.0,,1,0.0,0,0,0,0,0,0.2
2196,28.5,13.435028842544403,1,0.0,0,0,0,0,0,0.3
2197,0.0,0.0,1,0.0,0,0,0,0,0,0.1
2198,0.0,0.0,1,0.0,0,0,0,0,0,0.1
2199,8.0,,1,0.0,0,0,0,0,0,0.2
2200,63.0,36.35014901390823,1,0.0,1,0,0,0,0,0.4
2201,34.0,17.4441967427566,2,0.0,1,1,1,0,0,0.6
2202,0.0,0.0,1,0.0,0,0,0,0,0,0.1
2203,4.0,,1,0.0,0,0,0,0,0,0.2
2204,17.0,23.79525763076092,1,1.0,1,1,1,0,0,0.9
2205,23.0,42.19399641339196,1,0.0,1,0,0,0,0,0.4
2206,12.0,11.970797801316333,1,0.0,1,1,1,0,0,0.6
2207,11.0,,1,0.0,0,0,0,0,0,0.2
2208,10.0,,1,0.0,0,0,0,0,0,0.2
2209,22.0,20.008331597945226,1,0.0,1,0,0,0,0,0.4
2210,17.0,,1,0.0,0,0,0,0,0,0.2
2211,38.0,38.22302970723278,1,0.0,1,0,0,0,0,0.4
2212,34.5,40.30508652763321,1,0.0,0,0,0,0,0,0.3
2213,8.0,,1,0.0,0,0,0,0,0,0.2
2214,0.0,0.0,1,0.0,0,0,0,0,0,0.1
2215,30.0,78.17459854161618,1,1.0,1,1,1,0,0,0.9
2216,28.0,47.23875527572673,1,0.0,1,1,1,0,0,0.6
2217,15.0,25.709920264364882,1,0.0,1,0,0,0,0,0.4
2218,30.0,28.041635710730805,1,0.0,1,0,0,0,0,0.4
2219,0.0,0.0,1,0.0,0,0,0,0,0,0.1
2220,31.5,26.162950903902257,1,0.0,0,0,0,0,0,0.3
2221,20.0,,1,0.0,0,0,0,0,0,0.2
2222,23.0,32.40678941209697,1,0.0,1,1,1,0,0,0.6
2223,40.0,31.13411847689498,1,0.0,1,0,0,0,0,0.4
2224,67.0,38.940124978399,1,0.0,1,0,0,0,0,0.4
2225,19.0,,1,0.0,0,0,0,0,0,0.2
2226,7.0,,1,0.0,0,0,0,0,0,0.2
2227,18.0,,1,0.0,0,0,0,0,0,0.2
2228,16.5,79.75307875830607,1,1.0,1,1,1,0,0,0.9
2229,8.0,13.179529581893277,1,0.0,1,1,1,0,0,0.6
2230,22.0,8.48528137423857,1,0.0,0,0,0,0,0,0.3
2231,0.0,0.0,1,0.0,0,0,0,0,0,0.1
2232,42.0,42.930175867331364,1,0.0,1,0,0,0,0,0.4
2233,1.0,,2,0.0,0,0,0,0,0,0.2
2234,31.5,16.263455967290593,1,0.0,0,0,0,0,0,0.3
2235,0.0,0.0,1,0.0,0,0,0,0,0,0.1
2236,0.0,0.0,1,0.0,0,0,0,0,0,0.1
2237,15.0,19.79898987322333,1,0.0,0,0,0,0,0,0.3
2238,0.0,0.0,1,0.0,0,0,0,0,0,0.1
2239,16.0,27.44448942866309,1,0.0,1,1,1,0,0,0.6
2240,56.0,42.22558466143482,1,0.0,1,0,0,0,0,0.4
2241,33.5,41.71930009000631,1,0.0,0,0,0,0,0,0.3
2242,9.0,,1,0.0,0,0,0,0,0,0.2
2243,27.5,54.52112958687275,1,1.0,1,1,1,0,0,0.9
2244,0.0,0.0,1,0.0,0,0,0,0,0,0.1
2245,23.5,23.33452377915607,1,0.0,0,0,0,0,0,0.3
2246,28.0,14.742229591663987,1,0.0,1,0,0,0,0,0.4
2247,11.0,,1,0.0,0,0,0,0,0,0.2
2248,33.5,102.35643255660236,1,1.0,1,1,1,0,0,0.9
2249,22.0,24.041630560342618,1,0.0,0,0,0,0,0,0.3
2250,7.0,,1,0.0,0,0,0,0,0,0.2
2251,23.5,10.606601717798213,1,0.0,0,0,0,0,0,0.3
2252,14.0,12.767145334803706,1,0.0,1,0,0,0,0,0.4
2253,24.0,29.143323992525858,1,0.0,1,0,0,0,0,0.4
2254,45.5,36.062445840513924,1,0.0,0,0,0,0,0,0.3
2255,9.0,22.264321233758736,1,0.0,1,1,1,0,0,0.6
2256,11.0,,1,0.0,0,0,0,0,0,0.2
2257,6.0,,1,0.0,0,0,0,0,0,0.2
2258,23.0,,1,0.0,0,0,0,0,0,0.2
2259,0.0,0.0,1,0.0,0,0,0,0,0,0.1
2260,23.0,,1,0.0,0,0,0,0,0,0.2
2261,34.0,42.42640687119285,1,0.0,0,0,0,0,0,0.3
2262,21.0,,1,0.0,0,0,0,0,0,0.2
2263,22.0,34.178940884702676,2,0.0,1,1,1,0,0,0.6
2264,25.0,,1,0.0,0,0,0,0,0,0.2
2265,27.0,,1,0.0,0,0,0,0,0,0.2
2266,38.0,28.45522799065226,1,0.0,1,1,1,0,0,0.6
2267,0.0,0.0,1,0.0,0,0,0,0,0,0.1
2268,2.0,,1,0.0,0,0,0,0,0,0.2
2269,27.0,,1,0.0,0,0,0,0,0,0.2
2270,0.0,0.0,1,0.0,0,0,0,0,0,0.1
2271,25.0,5.656854249492381,1,0.0,0,0,0,0,0,0.3
2272,15.0,7.071067811865475,1,0.0,0,0,0,0,0,0.3
2273,17.0,,1,0.0,0,0,0,0,0,0.2
2274,0.0,0.0,1,0.0,0,0,0,0,0,0.1
2275,30.5,37.10682776345435,1,0.0,1,1,0,0,0,0.5
2276,31.0,28.525677655654135,1,1.0,1,1,1,0,0,0.9
2277,19.0,17.700282483621553,1,0.0,1,1,1,0,0,0.6
2278,7.0,,1,0.0,0,0,0,0,0,0.2
2279,10.0,,1,0.0,0,0,0,0,0,0.2
2280,18.0,,1,0.0,0,0,0,0,0,0.2
2281,26.0,14.14213562373095,1,0.0,0,0,0,0,0,0.3
2282,22.0,,1,0.0,0,0,0,0,0,0.2
2283,31.0,,1,0.0,0,0,0,0,0,0.2
2284,69.0,50.500825075768155,1,0.0,1,0,0,0,0,0.4
2285,0.0,0.0,1,0.0,0,0,0,0,0,0.1
2286,23.5,2.1213203435596424,1,0.0,0,0,0,0,0,0.3
2287,14.0,,1,0.0,0,0,0,0,0,0.2
2288,0.0,0.0,1,0.0,0,0,0,0,0,0.1
2289,19.0,86.89885335426304,1,1.0,1,1,1,0,0,0.9
2290,0.0,0.0,1,0.0,0,0,0,0,0,0.1
2291,27.5,103.07140382140086,1,1.0,1,1,1,0,0,0.9
2292,20.0,26.153393661244042,1,0.0,1,0,0,0,0,0.4
2293,2.0,,1,0.0,0,0,0,0,0,0.2
2294,6.0,,1,0.0,0,0,0,0,0,0.2
2295,45.0,26.0710567488163,1,0.0,1,1,1,0,0,0.6
2296,0.0,0.0,1,0.0,0,0,0,0,0,0.1
2297,13.0,,1,0.0,0,0,0,0,0,0.2
2298,11.0,23.317375495539803,1,0.0,1,1,1,0,0,0.6
2299,0.0,0.0,1,0.0,0,0,0,0,0,0.1
2300,0.0,0.0,1,0.0,0,0,0,0,0,0.1
2301,16.0,,1,0.0,0,0,0,0,0,0.2
2302,0.0,0.0,1,0.0,0,0,0,0,0,0.1
2303,15.0,,1,0.0,0,0,0,0,0,0.2
2304,35.0,27.061042108536764,1,0.0,1,1,1,0,0,0.6
2305,11.5,3.5355339059327373,1,0.0,0,0,0,0,0,0.3
2306,50.0,22.941955743426348,1,0.0,1,1,0,0,0,0.5
2307,20.0,20.984120980716188,1,0.0,1,0,0,0,0,0.4
2308,32.0,28.2842712474619,1,0.0,0,0,0,0,0,0.3
2309,8.0,7.071067811865475,1,0.0,0,0,0,0,0,0.3
2310,20.0,,1,0.0,0,0,0,0,0,0.2
2311,12.0,14.14213562373095,1,0.0,0,0,0,0,0,0.3
2312,0.0,0.0,1,0.0,0,0,0,0,0,0.1
2313,10.0,,1,0.0,0,0,0,0,0,0.2
2314,28.0,18.58314648635514,1,0.0,1,0,0,0,0,0.4
2315,38.0,30.227470949452584,1,0.0,1,1,1,0,0,0.6
2316,38.5,26.162950903902257,1,0.0,0,0,0,0,0,0.3
2317,17.5,103.44598314372303,1,1.0,1,1,1,0,0,0.9
2318,25.0,10.830512453249847,1,0.0,1,1,1,0,0,0.6
2319,37.0,,1,0.0,0,0,0,0,0,0.2
2320,18.0,20.784609690826525,1,0.0,1,0,0,0,0,0.4
2321,0.0,0.0,1,0.0,0,0,0,0,0,0.1
2322,41.0,42.27647099747092,1,0.0,1,1,1,0,0,0.6
2323,37.0,25.865034312755125,1,0.0,1,0,0,0,0,0.4
2324,0.0,0.0,1,0.0,0,0,0,0,0,0.1
2325,0.0,0.0,1,0.0,0,0,0,0,0,0.1
2326,0.0,0.0,1,0.0,0,0,0,0,0,0.1
2327,0.0,0.0,1,0.0,0,0,0,0,0,0.1
2328,19.0,104.92165444477405,1,1.0,1,1,1,0,0,0.9
2329,46.0,33.60059523282288,1,0.0,1,0,0,0,0,0.4
2330,23.0,31.8767156401032,1,1.0,1,1,1,0,0,0.9
2331,28.5,21.644860821913362,1,1.0,1,1,1,0,0,0.9
2332,0.0,0.0,1,0.0,0,0,0,0,0,0.1
2333,12.5,0.7071067811865476,1,0.0,0,0,0,0,0,0.3
2334,34.0,54.36910887627275,1,0.0,1,0,0,0,0,0.4
2335,2.0,,1,0.0,0,0,0,0,0,0.2
2336,34.0,38.85485812610825,1,0.0,1,1,1,0,0,0.6
2337,17.0,17.952715672009067,1,0.0,1,1,1,0,0,0.6
2338,14.5,19.09188309203678,2,0.0,0,0,0,0,0,0.3
2339,41.0,2.8284271247461903,1,0.0,0,0,0,0,0,0.3
2340,6.0,14.364307617610162,1,0.0,1,0,0,0,0,0.4
2341,17.0,30.509015061125783,1,0.0,1,1,1,0,0,0.6
2342,0.0,0.0,1,0.0,0,0,0,0,0,0.1
2343,0.0,0.0,1,0.0,0,0,0,0,0,0.1
2344,30.5,3.5355339059327373,1,0.0,0,0,0,0,0,0.3
2345,28.5,7.7781745930520225,1,0.0,0,0,0,0,0,0.3
2346,18.0,,1,0.0,0,0,0,0,0,0.2
2347,0.0,0.0,1,0.0,0,0,0,0,0,0.1
2348,34.5,21.920310216782973,1,0.0,0,0,0,0,0,0.3
2349,24.0,15.307950004273378,1,0.0,1,0,0,0,0,0.4
2350,35.0,48.083261120685236,2,0.0,0,0,0,0,0,0.3
2351,12.0,33.724372986511305,1,0.0,1,0,0,0,0,0.4
2352,20.5,12.020815280171309,1,0.0,0,0,0,0,0,0.3
2353,33.0,102.19650189708061,1,1.0,1,1,1,0,0,0.9
2354,0.0,0.0,1,0.0,0,0,0,0,0,0.1
2355,45.0,,1,0.0,0,0,0,0,0,0.2
2356,13.0,46.5008960487143,1,0.0,1,0,0,0,0,0.4
2357,19.0,1.4142135623730951,1,0.0,0,0,0,0,0,0.3
2358,34.0,9.451631252505218,1,0.0,1,0,0,0,0,0.4
2359,19.0,23.255106965997815,1,0.0,1,1,1,0,0,0.6
2360,28.0,25.106440076867393,1,0.0,1,0,0,0,0,0.4
2361,35.0,36.99010485444529,1,0.0,1,1,1,1,0,0.9
2362,2.0,,1,0.0,0,0,0,0,0,0.2
2363,23.0,,1,0.0,0,0,0,0,0,0.2
2364,69.0,38.97435053981015,1,0.0,1,0,0,0,0,0.4
2365,14.0,10.969655114602888,1,0.0,1,0,0,0,0,0.4
2366,1.0,,2,0.0,0,0,0,0,0,0.2
2367,17.0,,1,0.0,0,0,0,0,0,0.2
2368,32.0,25.357444666211936,1,0.0,1,0,0,0,0,0.4
2369,14.5,7.7781745930520225,1,0.0,0,0,0,0,0,0.3
2370,22.0,48.78865988458111,1,0.0,1,0,0,0,0,0.4
2371,27.0,21.213203435596427,1,0.0,0,0,0,0,0,0.3
2372,18.0,22.86737122335374,1,0.0,1,1,0,0,0,0.5
2373,2.0,,1,0.0,0,0,0,0,0,0.2
2374,0.0,0.0,1,0.0,0,0,0,0,0,0.1
2375,9.0,,1,0.0,0,0,0,0,0,0.2
2376,2.0,1.4142135623730951,1,0.0,0,0,0,0,0,0.3
2377,5.0,,1,0.0,0,0,0,0,0,0.2
2378,0.0,0.0,1,0.0,0,0,0,0,0,0.1
2379,0.0,0.0,1,0.0,0,0,0,0,0,0.1
2380,22.5,93.14504817756014,1,0.0,1,1,1,1,0,0.9
2381,0.0,0.0,1,0.0,0,0,0,0,0,0.1
2382,33.5,37.193189340702325,1,0.0,1,1,0,0,0,0.5
2383,3.0,,1,0.0,0,0,0,0,0,0.2
2384,26.0,46.45786621588784,1,0.0,1,0,0,0,0,0.4
2385,25.0,38.72079544637481,1,0.0,1,1,1,0,0,0.6
2386,0.0,0.0,1,0.0,0,0,0,0,0,0.1
2387,4.0,,1,0.0,0,0,0,0,0,0.2
2388,0.0,0.0,1,0.0,0,0,0,0,0,0.1
2389,16.0,,1,0.0,0,0,0,0,0,0.2
2390,4.0,,1,0.0,0,0,0,0,0,0.2
2391,12.5,6.3639610306789285,1,0.0,0,0,0,0,0,0.3
2392,60.0,22.030282189144405,1,0.0,1,0,0,0,0,0.4
2393,0.0,0.0,1,0.0,0,0,0,0,0,0.1
2394,0.0,0.0,1,0.0,0,0,0,0,0,0.1
2395,33.0,,1,0.0,0,0,0,0,0,0.2
2396,26.5,14.849242404917497,1,0.0,0,0,0,0,0,0.3
2397,23.0,111.92400163886718,1,0.0,1,1,1,1,0,0.9
2398,19.0,29.77135088190211,1,0.0,1,1,0,0,0,0.5
2399,0.0,0.0,1,0.0,0,0,0,0,0,0.1
2400,22.0,,1,0.0,0,0,0,0,0,0.2
2401,34.5,104.36714042264452,1,1.0,1,1,1,0,0,0.9
2402,0.0,0.0,1,0.0,0,0,0,0,0,0.1
2403,23.5,47.93398237854504,1,0.0,1,1,0,0,0,0.5
2404,0.0,0.0,1,0.0,0,0,0,0,0,0.1
2405,0.0,0.0,1,0.0,0,0,0,0,0,0.1
2406,56.0,27.53785273643051,1,0.0,1,0,0,0,0,0.4
2407,28.0,,1,0.0,0,0,0,0,0,0.2
2408,0.0,0.0,1,0.0,0,0,0,0,0,0.1
2409,19.5,17.67766952966369,1,0.0,0,0,0,0,0,0.3
2410,0.0,0.0,1,0.0,0,0,0,0,0,0.1
2411,20.0,,1,0.0,0,0,0,0,0,0.2
2412,0.0,0.0,1,0.0,0,0,0,0,0,0.1
2413,20.0,42.62276387096454,2,0.0,1,1,1,0,0,0.6
2414,0.0,0.0,1,0.0,0,0,0,0,0,0.1
2415,12.0,11.313708498984761,1,0.0,0,0,0,0,0,0.3
2416,0.0,0.0,1,0.0,0,0,0,0,0,0.1
2417,33.0,,1,0.0,0,0,0,0,0,0.2
2418,34.0,21.213203435596427,1,0.0,0,0,0,0,0,0.3
2419,35.0,28.044607324760314,1,0.0,1,1,1,0,0,0.6
2420,16.0,18.384776310850235,1,0.0,0,0,0,0,0,0.3
2421,6.0,,1,0.0,0,0,0,0,0,0.2
2422,15.0,5.656854249492381,1,0.0,0,0,0,0,0,0.3
2423,4.5,2.1213203435596424,1,0.0,0,0,0,0,0,0.3
2424,28.5,36.062445840513924,1,0.0,0,0,0,0,0,0.3
2425,49.5,31.81980515339464,1,0.0,0,0,0,0,0,0.3
2426,25.5,30.405591591021544,1,0.0,0,0,0,0,0,0.3
2427,31.0,,1,0.0,0,0,0,0,0,0.2
2428,0.0,0.0,1,0.0,0,0,0,0,0,0.1
2429,12.0,,1,0.0,0,0,0,0,0,0.2
2430,18.0,35.388321990924254,2,0.0,1,0,0,0,0,0.4
2431,8.0,,1,0.0,0,0,0,0,0,0.2
2432,28.0,39.95414037785487,1,0.0,1,0,0,0,0,0.4
2433,12.0,,1,0.0,0,0,0,0,0,0.2
2434,12.5,13.435028842544403,1,0.0,0,0,0,0,0,0.3
2435,20.0,,1,0.0,0,0,0,0,0,0.2
2436,14.0,,1,0.0,0,0,0,0,0,0.2
2437,51.0,29.73774257292126,1,0.0,1,0,0,0,0,0.4
2438,0.0,0.0,1,0.0,0,0,0,0,0,0.1
2439,12.5,6.3639610306789285,1,0.0,0,0,0,0,0,0.3
2440,6.0,2.8284271247461903,1,0.0,0,0,0,0,0,0.3
2441,42.0,21.571586249817916,1,0.0,1,0,0,0,0,0.4
2442,21.0,,1,0.0,0,0,0,0,0,0.2
2443,10.0,,1,0.0,0,0,0,0,0,0.2
2444,19.0,,1,0.0,0,0,0,0,0,0.2
2445,34.5,33.23401871576773,1,0.0,0,0,0,0,0,0.3
2446,25.0,16.3707055437449,1,0.0,1,0,0,0,0,0.4
2447,7.0,,1,0.0,0,0,0,0,0,0.2
2448,34.0,33.201405592735576,1,0.0,1,0,0,0,0,0.4
2449,0.0,0.0,1,0.0,0,0,0,0,0,0.1
2450,1.0,,2,0.0,0,0,0,0,0,0.2
2451,51.0,46.057934531775665,1,0.0,1,0,0,0,0,0.4
2452,10.5,0.7071067811865476,1,0.0,0,0,0,0,0,0.3
2453,40.5,36.062445840513924,1,0.0,0,0,0,0,0,0.3
2454,37.5,19.646882704388503,1,0.0,1,1,0,0,0,0.5
2455,25.0,4.242640687119285,1,0.0,0,0,0,0,0,0.3
2456,15.0,12.727922061357857,1,0.0,0,0,0,0,0,0.3
2457,13.5,4.949747468305833,1,0.0,0,0,0,0,0,0.3
2458,6.0,,1,0.0,0,0,0,0,0,0.2
2459,24.0,13.228756555322953,1,0.0,1,0,0,0,0,0.4
2460,18.0,27.844209451877063,1,0.0,1,1,1,0,0,0.6
2461,8.0,,1,0.0,0,0,0,0,0,0.2
2462,10.0,,1,0.0,0,0,0,0,0,0.2
2463,44.0,44.2978554785669,1,0.0,1,1,1,0,0,0.6
2464,6.0,35.828759398003164,1,0.0,1,1,1,0,0,0.6
2465,12.0,1.4142135623730951,1,0.0,0,0,0,0,0,0.3
2466,21.0,31.817186131607134,1,0.0,1,0,0,0,0,0.4
2467,34.0,33.94112549695428,1,0.0,0,0,0,0,0,0.3
2468,1.0,,1,0.0,0,0,0,0,0,0.2
2469,9.0,37.52776749732568,1,0.0,1,0,0,0,0,0.4
2470,33.0,,1,0.0,0,0,0,0,0,0.2
2471,50.5,27.577164466275352,1,0.0,0,0,0,0,0,0.3
2472,0.0,0.0,1,0.0,0,0,0,0,0,0.1
2473,29.0,1.4142135623730951,1,0.0,0,0,0,0,0,0.3
2474,0.0,0.0,1,0.0,0,0,0,0,0,0.1
2475,10.0,,1,0.0,0,0,0,0,0,0.2
2476,34.0,19.078784028338912,1,0.0,1,0,0,0,0,0.4
2477,14.0,12.727922061357857,1,0.0,0,0,0,0,0,0.3
2478,32.0,77.0425439054849,1,0.0,1,1,1,1,0,0.9
2479,40.0,,1,0.0,0,0,0,0,0,0.2
2480,56.0,55.04846349657121,1,0.0,1,0,0,0,0,0.4
2481,3.5,2.1213203435596424,1,0.0,0,0,0,0,0,0.3
2482,12.0,2.8284271247461903,1,0.0,0,0,0,0,0,0.3
2483,6.0,,1,0.0,0,0,0,0,0,0.2
2484,28.0,21.213203435596427,1,0.0,0,0,0,0,0,0.3
2485,24.0,48.948953002081666,1,0.0,1,1,1,0,0,0.6
2486,36.0,26.851443164195103,1,0.0,1,0,0,0,0,0.4
2487,15.0,,1,0.0,0,0,0,0,0,0.2
2488,0.0,0.0,1,0.0,0,0,0,0,0,0.1
2489,0.0,0.0,1,0.0,0,0,0,0,0,0.1
2490,42.0,30.13856886670854,1,0.0,1,0,0,0,0,0.4
2491,0.0,0.0,1,0.0,0,0,0,0,0,0.1
2492,26.5,3.5355339059327373,1,0.0,0,0,0,0,0,0.3
2493,31.0,2.8284271247461903,1,0.0,0,0,0,0,0,0.3
2494,13.0,12.727922061357857,1,0.0,0,0,0,0,0,0.3
2495,8.0,,1,0.0,0,0,0,0,0,0.2
2496,10.0,,1,0.0,0,0,0,0,0,0.2
2497,22.5,24.748737341529164,1,0.0,0,0,0,0,0,0.3
2498,0.0,0.0,1,0.0,0,0,0,0,0,0.1
2499,0.0,0.0,1,0.0,0,0,0,0,0,0.1
2500,33.5,40.30508652763321,1,0.0,0,0,0,0,0,0.3
2501,19.0,20.90454496036687,1,0.0,1,1,1,0,0,0.6
2502,18.0,14.14213562373095,1,0.0,0,0,0,0,0,0.3
2503,40.0,26.414011433328334,1,0.0,1,1,1,0,0,0.6
2504,46.0,35.837596645608556,1,0.0,1,0,0,0,0,0.4
2505,12.5,6.3639610306789285,1,0.0,0,0,0,0,0,0.3
2506,7.0,,1,0.0,0,0,0,0,0,0.2
2507,0.0,0.0,1,0.0,0,0,0,0,0,0.1
2508,4.0,,1,0.0,0,0,0,0,0,0.2
2509,7.0,,1,0.0,0,0,0,0,0,0.2
2510,36.0,17.334935823359714,1,0.0,1,1,1,0,0,0.6
2511,13.0,,1,0.0,0,0,0,0,0,0.2
2512,9.0,,1,0.0,0,0,0,0,0,0.2
2513,8.0,9.899494936611665,1,0.0,0,0,0,0,0,0.3
2514,0.0,0.0,1,0.0,0,0,0,0,0,0.1
2515,0.0,0.0,1,0.0,0,0,0,0,0,0.1
2516,18.0,18.552627846210896,1,0.0,1,1,1,0,0,0.6
2517,18.0,54.37217425607821,1,0.0,1,0,0,0,0,0.4
2518,18.5,2.1213203435596424,1,0.0,0,0,0,0,0,0.3
2519,63.0,47.014182257413914,1,0.0,1,0,0,0,0,0.4
2520,27.0,,1,0.0,0,0,0,0,0,0.2
2521,37.0,14.14213562373095,1,0.0,0,0,0,0,0,0.3
2522,0.0,0.0,1,0.0,0,0,0,0,0,0.1
2523,0.0,0.0,1,0.0,0,0,0,0,0,0.1
2524,5.0,,1,0.0,0,0,0,0,0,0.2
2525,9.5,13.435028842544403,2,0.0,0,0,0,0,0,0.3
2526,44.0,7.071067811865475,1,0.0,0,0,0,0,0,0.3
2527,13.5,19.09188309203678,2,0.0,0,0,0,0,0,0.3
2528,1.0,,1,0.0,0,0,0,0,0,0.2
2529,25.0,1.4142135623730951,1,0.0,0,0,0,0,0,0.3
2530,33.0,,1,0.0,0,0,0,0,0,0.2
2531,13.0,38.4993506438745,1,0.0,1,1,1,0,0,0.6
2532,21.0,4.242640687119285,1,0.0,0,0,0,0,0,0.3
2533,16.0,58.34666514320534,1,0.0,1,0,0,0,0,0.4
2534,9.0,,1,0.0,0,0,0,0,0,0.2
2535,14.0,18.384776310850235,2,0.0,0,0,0,0,0,0.3
2536,13.5,4.949747468305833,1,0.0,0,0,0,0,0,0.3
2537,2.0,,1,0.0,0,0,0,0,0,0.2
2538,5.0,,1,0.0,0,0,0,0,0,0.2
2539,32.0,43.176961449365564,1,0.0,1,1,0,0,0,0.5
2540,13.0,28.728615235220325,1,0.0,1,0,0,0,0,0.4
2541,44.5,19.09188309203678,1,0.0,0,0,0,0,0,0.3
2542,22.0,22.634045153264143,1,0.0,1,1,1,0,0,0.6
2543,43.0,41.012193308819754,1,0.0,0,0,0,0,0,0.3
2544,6.0,,1,0.0,0,0,0,0,0,0.2
2545,21.0,,1,0.0,0,0,0,0,0,0.2
2546,15.0,,1,0.0,0,0,0,0,0,0.2
2547,26.0,,1,0.0,0,0,0,0,0,0.2
2548,23.5,4.949747468305833,1,0.0,0,0,0,0,0,0.3
2549,31.0,29.46183972531247,1,0.0,1,0,0,0,0,0.4
2550,31.5,26.162950903902257,1,0.0,0,0,0,0,0,0.3
2551,16.0,7.071067811865475,1,0.0,0,0,0,0,0,0.3
2552,14.5,10.606601717798213,1,0.0,0,0,0,0,0,0.3
2553,22.0,55.01211987674474,1,0.0,1,0,0,0,0,0.4
2554,6.0,,1,0.0,0,0,0,0,0,0.2
2555,0.0,0.0,1,0.0,0,0,0,0,0,0.1
2556,25.0,7.637626158259733,1,0.0,1,0,0,0,0,0.4
2557,4.0,,1,0.0,0,0,0,0,0,0.2
2558,21.5,9.192388155425117,1,0.0,0,0,0,0,0,0.3
2559,19.5,3.5355339059327373,1,0.0,0,0,0,0,0,0.3
2560,22.0,29.698484809834994,1,0.0,0,0,0,0,0,0.3
2561,0.0,0.0,1,0.0,0,0,0,0,0,0.1
2562,15.0,26.359059163786554,2,0.0,1,1,1,0,0,0.6
2563,34.0,14.131525041551601,1,0.0,1,1,1,0,0,0.6
2564,20.0,,1,0.0,0,0,0,0,0,0.2
2565,12.5,2.1213203435596424,1,0.0,0,0,0,0,0,0.3
2566,7.0,,1,0.0,0,0,0,0,0,0.2
2567,13.0,,1,0.0,0,0,0,0,0,0.2
2568,14.0,15.556349186104045,1,0.0,0,0,0,0,0,0.3
2569,22.0,29.06151111988894,1,1.0,1,1,1,0,0,0.9
2570,30.0,,1,0.0,0,0,0,0,0,0.2
2571,31.0,24.056184236075346,1,0.0,1,1,1,0,0,0.6
2572,30.0,19.28730152198591,1,0.0,1,0,0,0,0,0.4
2573,0.0,,2,0.0,0,0,0,0,0,0.2
2574,6.0,,1,0.0,0,0,0,0,0,0.2
2575,26.5,28.991378028648448,1,0.0,0,0,0,0,0,0.3
2576,40.0,21.213203435596427,1,0.0,0,0,0,0,0,0.3
2577,45.0,34.51086785347479,1,0.0,1,0,0,0,0,0.4
2578,24.0,15.582040944625962,1,0.0,1,1,1,0,0,0.6
2579,2.0,,1,0.0,0,0,0,0,0,0.2
2580,12.0,38.397048497681865,1,0.0,1,0,0,0,0,0.4
2581,47.0,31.5705559026128,1,0.0,1,1,1,0,0,0.6
2582,14.0,44.43347086750408,2,0.0,1,0,0,0,0,0.4
2583,0.0,0.0,1,0.0,0,0,0,0,0,0.1
2584,0.0,0.0,1,0.0,0,0,0,0,0,0.1
2585,23.0,34.97570585420686,1,0.0,1,1,1,0,0,0.6
2586,19.0,41.403502267320334,1,0.0,1,1,0,0,0,0.5
2587,9.0,,1,0.0,0,0,0,0,0,0.2
2588,6.0,21.1266025033211,1,0.0,1,0,0,0,0,0.4
2589,55.0,25.709920264364882,1,0.0,1,0,0,0,0,0.4
2590,32.0,43.840620433565945,1,0.0,0,0,0,0,0,0.3
2591,39.0,27.862160720231298,1,0.0,1,1,1,0,0,0.6
2592,13.0,16.28803241647069,1,0.0,1,1,1,0,0,0.6
2593,11.0,,1,0.0,0,0,0,0,0,0.2
2594,10.5,44.69899327725402,1,0.0,1,1,0,0,0,0.5
2595,24.5,33.23401871576773,1,0.0,0,0,0,0,0,0.3
2596,32.0,21.93171219946131,1,0.0,1,0,0,0,0,0.4
2597,39.0,,1,0.0,0,0,0,0,0,0.2
2598,17.0,2.8284271247461903,1,0.0,0,0,0,0,0,0.3
2599,36.0,28.2842712474619,1,0.0,0,0,0,0,0,0.3
2600,42.0,24.041630560342618,1,0.0,0,0,0,0,0,0.3
2601,21.0,0.0,1,0.0,0,0,0,0,0,0.3
2602,27.5,20.506096654409877,1,0.0,0,0,0,0,0,0.3
2603,41.0,,1,0.0,0,0,0,0,0,0.2
2604,14.0,,1,0.0,0,0,0,0,0,0.2
2605,0.0,0.0,1,0.0,0,0,0,0,0,0.1
2606,0.0,0.0,1,0.0,0,0,0,0,0,0.1
2607,23.5,20.506096654409877,1,0.0,0,0,0,0,0,0.3
2608,4.0,,1,0.0,0,0,0,0,0,0.2
2609,16.0,36.11555528208494,2,0.0,1,0,0,0,0,0.4
2610,0.0,0.0,1,0.0,0,0,0,0,0,0.1
2611,5.5,3.5355339059327373,1,0.0,0,0,0,0,0,0.3
2612,12.5,0.7071067811865476,1,0.0,0,0,0,0,0,0.3
2613,51.0,52.51983752196243,2,0.0,1,0,0,0,0,0.4
2614,0.0,0.0,1,0.0,0,0,0,0,0,0.1
2615,47.0,31.027407239406905,1,0.0,1,1,1,0,0,0.6
2616,16.0,54.51801799143367,1,1.0,1,1,1,0,0,0.9
2617,66.0,33.291640592396966,1,0.0,1,0,0,0,0,0.4
2618,45.0,34.70230539892127,1,0.0,1,1,0,0,0,0.5
2619,57.0,26.501572280401277,1,0.0,1,0,0,0,0,0.4
2620,32.0,17.349351572897472,1,0.0,1,0,0,0,0,0.4
2621,21.0,15.556349186104045,1,0.0,0,0,0,0,0,0.3
2622,29.0,37.819747927945436,2,0.0,1,0,0,0,0,0.4
2623,34.0,11.590225767142474,1,0.0,1,0,0,0,0,0.4
2624,16.5,88.36844540251425,2,1.0,1,1,1,0,0,0.9
2625,26.5,26.162950903902257,1,0.0,0,0,0,0,0,0.3
2626,0.0,0.0,1,0.0,0,0,0,0,0,0.1
2627,33.5,13.435028842544403,1,0.0,0,0,0,0,0,0.3
2628,0.0,0.0,1,0.0,0,0,0,0,0,0.1
2629,19.5,4.949747468305833,1,0.0,0,0,0,0,0,0.3
2630,24.0,38.08936859544931,1,0.0,1,1,1,0,0,0.6
2631,35.0,49.49747468305833,2,0.0,0,0,0,0,0,0.3
2632,0.0,0.0,1,0.0,0,0,0,0,0,0.1
2633,23.0,20.596116138728682,1,0.0,1,1,1,0,0,0.6
2634,34.5,43.1335136523794,1,0.0,0,0,0,0,0,0.3
2635,0.0,0.0,1,0.0,0,0,0,0,0,0.1
2636,63.0,33.50124375800596,1,0.0,1,0,0,0,0,0.4
2637,6.0,,1,0.0,0,0,0,0,0,0.2
2638,38.0,46.715450691750085,1,0.0,1,0,0,0,0,0.4
2639,17.0,,1,0.0,0,0,0,0,0,0.2
2640,19.0,50.24274408641842,1,0.0,1,0,0,0,0,0.4
2641,17.0,37.3563916887057,1,0.0,1,1,1,0,0,0.6
2642,18.0,37.87743391519547,1,0.0,1,1,1,0,0,0.6
2643,39.0,,1,0.0,0,0,0,0,0,0.2
2644,25.0,22.188585654190156,1,0.0,1,0,0,0,0,0.4
2645,27.0,22.479620400116485,1,0.0,1,0,0,0,0,0.4
2646,0.0,0.0,1,0.0,0,0,0,0,0,0.1
2647,16.0,1.4142135623730951,1,0.0,0,0,0,0,0,0.3
2648,16.0,,1,0.0,0,0,0,0,0,0.2
2649,16.0,,1,0.0,0,0,0,0,0,0.2
2650,24.5,21.517019841445116,1,0.0,1,1,1,1,0,0.9
2651,16.5,2.1213203435596424,1,0.0,0,0,0,0,0,0.3
2652,20.0,22.627416997969522,1,0.0,0,0,0,0,0,0.3
2653,30.0,,1,0.0,0,0,0,0,0,0.2
2654,23.0,33.94554462665167,1,0.0,1,1,1,0,0,0.6
2655,25.0,11.06044001535804,1,0.0,1,0,0,0,0,0.4
2656,32.5,2.1213203435596424,1,0.0,0,0,0,0,0,0.3
2657,33.0,29.974989574643725,1,0.0,1,1,1,0,0,0.6
2658,41.0,32.723080539582455,1,0.0,1,1,1,0,0,0.6
2659,30.0,14.805404418657398,1,0.0,1,1,1,0,0,0.6
2660,26.5,24.748737341529164,1,0.0,0,0,0,0,0,0.3
2661,58.0,41.198705481281,1,0.0,1,0,0,0,0,0.4
2662,0.0,0.0,1,0.0,0,0,0,0,0,0.1
2663,11.0,,1,0.0,0,0,0,0,0,0.2
2664,24.5,13.642763649642253,2,0.0,1,1,1,1,0,0.9
2665,25.0,16.97056274847714,1,0.0,0,0,0,0,0,0.3
2666,41.0,12.727922061357857,1,0.0,0,0,0,0,0,0.3
2667,22.0,,1,0.0,0,0,0,0,0,0.2
2668,0.0,0.0,1,0.0,0,0,0,0,0,0.1
2669,0.0,0.0,1,0.0,0,0,0,0,0,0.1
2670,0.0,0.0,1,0.0,0,0,0,0,0,0.1
2671,31.5,38.42742076521226,1,0.0,1,1,0,0,0,0.5
2672,11.0,,1,0.0,0,0,0,0,0,0.2
2673,5.0,,1,0.0,0,0,0,0,0,0.2
2674,0.0,0.0,1,0.0,0,0,0,0,0,0.1
2675,71.0,34.50120770833006,1,0.0,1,0,0,0,0,0.4
2676,69.0,30.6648550189518,1,0.0,1,0,0,0,0,0.4
2677,38.5,23.33452377915607,1,0.0,0,0,0,0,0,0.3
2678,34.0,8.48528137423857,1,0.0,0,0,0,0,0,0.3
2679,7.0,,1,0.0,0,0,0,0,0,0.2
2680,35.0,8.082903768654761,1,0.0,1,0,0,0,0,0.4
2681,7.0,,1,0.0,0,0,0,0,0,0.2
2682,5.0,,1,0.0,0,0,0,0,0,0.2
2683,19.5,16.760568804985905,1,0.0,1,1,0,0,0,0.5
2684,8.0,,1,0.0,0,0,0,0,0,0.2
2685,33.0,36.76955262170047,1,0.0,0,0,0,0,0,0.3
2686,14.5,96.73786376447583,1,0.0,1,1,1,1,0,0.9
2687,36.0,48.083261120685236,1,0.0,0,0,0,0,0,0.3
2688,5.5,3.5355339059327373,1,0.0,0,0,0,0,0,0.3
2689,15.5,13.435028842544403,1,0.0,0,0,0,0,0,0.3
2690,31.0,,1,0.0,0,0,0,0,0,0.2
2691,42.5,40.30508652763321,1,0.0,0,0,0,0,0,0.3
2692,27.0,18.14754345175493,1,0.0,1,0,0,0,0,0.4
2693,11.0,,1,0.0,0,0,0,0,0,0.2
2694,6.0,,1,0.0,0,0,0,0,0,0.2
2695,6.0,45.339827966149144,2,0.0,1,1,1,0,0,0.6
2696,6.0,,1,0.0,0,0,0,0,0,0.2
2697,0.0,0.0,1,0.0,0,0,0,0,0,0.1
2698,17.5,13.435028842544403,1,0.0,0,0,0,0,0,0.3
2699,36.0,49.49747468305833,1,0.0,0,0,0,0,0,0.3
2700,49.0,45.50824101193101,1,0.0,1,0,0,0,0,0.4
2701,24.0,,1,0.0,0,0,0,0,0,0.2
2702,28.0,51.73329037798904,1,0.0,1,0,0,0,0,0.4
2703,37.0,32.86842456421259,1,0.0,1,0,0,0,0,0.4
2704,0.0,0.0,1,0.0,0,0,0,0,0,0.1
2705,12.0,60.25224753760919,1,0.0,1,0,0,0,0,0.4
2706,49.0,32.526911934581186,1,0.0,0,0,0,0,0,0.3
2707,3.5,3.5355339059327373,2,0.0,0,0,0,0,0,0.3
2708,0.0,0.0,1,0.0,0,0,0,0,0,0.1
2709,16.0,32.16830738475371,1,0.0,1,1,1,0,0,0.6
2710,35.0,20.502032419575706,1,0.0,1,0,0,0,0,0.4
2711,0.0,0.0,1,0.0,0,0,0,0,0,0.1
2712,33.0,47.51490994063512,1,0.0,1,1,0,0,0,0.5
2713,6.0,,1,0.0,0,0,0,0,0,0.2
2714,12.0,35.8706007755655,2,0.0,1,1,1,0,0,0.6
2715,52.0,46.057934531775665,1,0.0,1,0,0,0,0,0.4
2716,0.0,0.0,1,0.0,0,0,0,0,0,0.1
2717,32.0,41.012193308819754,1,0.0,0,0,0,0,0,0.3
2718,0.0,0.0,1,0.0,0,0,0,0,0,0.1
2719,0.0,0.0,1,0.0,0,0,0,0,0,0.1
2720,31.0,41.69172579781269,1,0.0,1,1,1,0,0,0.6
2721,0.0,0.0,1,0.0,0,0,0,0,0,0.1
2722,22.5,21.920310216782973,1,0.0,0,0,0,0,0,0.3
2723,24.0,7.071067811865475,1,0.0,0,0,0,0,0,0.3
2724,1.0,,2,0.0,0,0,0,0,0,0.2
2725,15.5,13.435028842544403,1,0.0,0,0,0,0,0,0.3
2726,22.0,13.576941236277534,1,0.0,1,0,0,0,0,0.4
2727,10.0,,1,0.0,0,0,0,0,0,0.2
2728,63.0,26.0,1,0.0,1,0,0,0,0,0.4
2729,67.0,40.26578365477733,1,0.0,1,0,0,0,0,0.4
2730,43.0,25.455844122715714,1,0.0,0,0,0,0,0,0.3
2731,16.0,,1,0.0,0,0,0,0,0,0.2
2732,0.0,0.0,1,0.0,0,0,0,0,0,0.1
2733,22.0,24.96397404260788,1,0.0,1,1,1,0,0,0.6
2734,8.0,,1,0.0,0,0,0,0,0,0.2
2735,9.0,16.25730604989646,1,0.0,1,1,1,0,0,0.6
2736,71.0,44.0,1,0.0,1,0,0,0,0,0.4
2737,32.0,16.194134740701646,1,0.0,1,1,0,0,0,0.5
2738,0.0,0.0,1,0.0,0,0,0,0,0,0.1
2739,29.5,38.890872965260115,1,0.0,0,0,0,0,0,0.3
2740,37.0,26.67395733669828,2,0.0,1,1,1,0,0,0.6
2741,0.0,0.0,1,0.0,0,0,0,0,0,0.1
2742,20.5,23.33452377915607,1,0.0,0,0,0,0,0,0.3
2743,0.0,0.0,1,0.0,0,0,0,0,0,0.1
2744,0.0,0.0,1,0.0,0,0,0,0,0,0.1
2745,0.0,0.0,1,0.0,0,0,0,0,0,0.1
2746,0.0,0.0,1,0.0,0,0,0,0,0,0.1
2747,14.0,,1,0.0,0,0,0,0,0,0.2
2748,22.0,,1,0.0,0,0,0,0,0,0.2
2749,30.0,17.7857620959388,1,0.0,1,0,0,0,0,0.4
2750,21.0,,1,0.0,0,0,0,0,0,0.2
2751,16.0,,1,0.0,0,0,0,0,0,0.2
2752,0.0,0.0,1,0.0,0,0,0,0,0,0.1
2753,26.0,,1,0.0,0,0,0,0,0,0.2
2754,15.0,12.727922061357857,1,0.0,0,0,0,0,0,0.3
2755,32.0,18.902380802428034,1,0.0,1,1,1,0,0,0.6
2756,11.0,,1,0.0,0,0,0,0,0,0.2
2757,15.0,21.213203435596427,2,0.0,0,0,0,0,0,0.3
2758,26.0,2.8284271247461903,1,0.0,0,0,0,0,0,0.3
2759,31.0,4.041451884327381,1,0.0,1,0,0,0,0,0.4
2760,43.0,,1,0.0,0,0,0,0,0,0.2
2761,15.0,2.8284271247461903,1,0.0,0,0,0,0,0,0.3
2762,0.0,0.0,1,0.0,0,0,0,0,0,0.1
2763,0.0,0.0,1,0.0,0,0,0,0,0,0.1
2764,4.0,,1,0.0,0,0,0,0,0,0.2
2765,10.0,35.85154575933001,1,0.0,1,0,0,0,0,0.4
2766,27.5,14.849242404917497,1,0.0,0,0,0,0,0,0.3
2767,23.0,,1,0.0,0,0,0,0,0,0.2
2768,36.0,,1,0.0,0,0,0,0,0,0.2
2769,27.5,0.7071067811865476,1,0.0,0,0,0,0,0,0.3
2770,35.0,,1,0.0,0,0,0,0,0,0.2
2771,33.5,21.920310216782973,1,0.0,0,0,0,0,0,0.3
2772,24.0,29.698484809834994,1,0.0,0,0,0,0,0,0.3
2773,13.0,5.656854249492381,1,0.0,0,0,0,0,0,0.3
2774,16.5,12.020815280171309,1,0.0,0,0,0,0,0,0.3
2775,28.0,52.34228009663207,1,0.0,1,1,1,1,0,0.9
2776,14.0,23.308796622734516,1,0.0,1,1,1,0,0,0.6
2777,0.0,0.0,1,0.0,0,0,0,0,0,0.1
2778,40.0,45.254833995939045,1,0.0,0,0,0,0,0,0.3
2779,22.0,,1,0.0,0,0,0,0,0,0.2
2780,32.0,,1,0.0,0,0,0,0,0,0.2
2781,9.0,,1,0.0,0,0,0,0,0,0.2
2782,2.0,,1,0.0,0,0,0,0,0,0.2
2783,18.0,40.0374824383352,1,0.0,1,0,0,0,0,0.4
2784,27.0,25.455844122715714,1,0.0,0,0,0,0,0,0.3
2785,28.0,8.48528137423857,1,0.0,0,0,0,0,0,0.3
2786,35.0,,1,0.0,0,0,0,0,0,0.2
2787,31.0,,1,0.0,0,0,0,0,0,0.2
2788,0.0,0.0,1,0.0,0,0,0,0,0,0.1
2789,15.0,26.210684844162316,2,0.0,1,0,0,0,0,0.4
2790,41.0,28.35489375751565,1,0.0,1,0,0,0,0,0.4
2791,30.0,33.08070938376826,2,0.0,1,0,0,0,0,0.4
2792,37.0,23.24507116214819,1,0.0,1,0,0,0,0,0.4
2793,0.0,0.0,1,0.0,0,0,0,0,0,0.1
2794,26.0,19.79898987322333,1,0.0,0,0,0,0,0,0.3
2795,0.0,0.0,1,0.0,0,0,0,0,0,0.1
2796,25.0,22.12088003071608,1,0.0,1,0,0,0,0,0.4
2797,26.0,11.5,1,0.0,1,1,0,0,0,0.5
2798,41.0,,1,0.0,0,0,0,0,0,0.2
2799,23.5,3.5355339059327373,1,0.0,0,0,0,0,0,0.3
2800,24.0,26.870057685088806,1,0.0,0,0,0,0,0,0.3
2801,0.0,0.0,1,0.0,0,0,0,0,0,0.1
2802,40.0,27.06165799305973,1,0.0,1,0,0,0,0,0.4
2803,15.0,89.55285749608599,1,0.0,1,1,1,1,0,0.9
2804,10.5,3.5355339059327373,1,0.0,0,0,0,0,0,0.3
2805,30.0,12.727922061357857,1,0.0,0,0,0,0,0,0.3
2806,30.0,,1,0.0,0,0,0,0,0,0.2
2807,23.0,34.083720454199245,1,0.0,1,1,1,0,0,0.6
2808,17.0,8.48528137423857,1,0.0,0,0,0,0,0,0.3
2809,44.0,34.23935357645254,1,0.0,1,0,0,0,0,0.4
2810,25.5,21.920310216782973,1,0.0,0,0,0,0,0,0.3
2811,8.0,30.315012782448235,1,0.0,1,0,0,0,0,0.4
2812,19.0,,1,0.0,0,0,0,0,0,0.2
2813,32.0,,1,0.0,0,0,0,0,0,0.2
2814,15.0,19.320973060381817,1,0.0,1,1,1,0,0,0.6
2815,30.0,32.526911934581186,1,0.0,0,0,0,0,0,0.3
2816,20.0,46.694039591079864,2,0.0,1,0,0,0,0,0.4
2817,30.0,,1,0.0,0,0,0,0,0,0.2
2818,53.0,15.88500340992514,1,0.0,1,0,0,0,0,0.4
2819,34.0,34.55792239125495,1,0.0,1,1,0,0,0,0.5
2820,0.0,0.0,1,0.0,0,0,0,0,0,0.1
2821,29.0,18.520259177452136,1,0.0,1,0,0,0,0,0.4
2822,17.0,,1,0.0,0,0,0,0,0,0.2
2823,35.0,39.80368492154129,1,0.0,1,0,0,0,0,0.4
2824,54.0,55.10898293381942,1,0.0,1,0,0,0,0,0.4
2825,26.0,17.615334229017627,1,0.0,1,1,1,0,0,0.6
2826,24.0,12.377398757412642,1,0.0,1,1,1,0,0,0.6
2827,0.0,0.0,1,0.0,0,0,0,0,0,0.1
2828,52.0,27.622454633866266,1,0.0,1,0,0,0,0,0.4
2829,1.0,,1,0.0,0,0,0,0,0,0.2
2830,0.0,0.0,1,0.0,0,0,0,0,0,0.1
2831,32.5,21.920310216782973,1,0.0,0,0,0,0,0,0.3
2832,37.0,46.875722216658524,1,0.0,1,0,0,0,0,0.4
2833,2.0,,1,0.0,0,0,0,0,0,0.2
2834,6.0,,1,0.0,0,0,0,0,0,0.2
2835,47.0,32.448677425538726,1,0.0,1,1,0,0,0,0.5
2836,48.5,27.577164466275352,1,0.0,0,0,0,0,0,0.3
2837,0.0,0.0,1,0.0,0,0,0,0,0,0.1
2838,43.0,25.832150510555643,1,0.0,1,1,1,0,0,0.6
2839,46.5,34.18942331579558,1,0.0,1,1,0,0,0,0.5
2840,26.0,,1,0.0,0,0,0,0,0,0.2
2841,0.0,0.0,1,0.0,0,0,0,0,0,0.1
2842,13.0,20.923670806051216,1,0.0,1,1,1,0,0,0.6
2843,11.0,,1,0.0,0,0,0,0,0,0.2
2844,44.0,32.526911934581186,1,0.0,0,0,0,0,0,0.3
2845,15.5,10.606601717798213,1,0.0,0,0,0,0,0,0.3
2846,25.0,3.605551275463989,1,0.0,1,0,0,0,0,0.4
2847,11.0,,1,0.0,0,0,0,0,0,0.2
2848,46.0,25.455844122715714,1,0.0,0,0,0,0,0,0.3
2849,31.5,19.09188309203678,1,0.0,0,0,0,0,0,0.3
2850,34.0,43.58898943540673,1,0.0,1,0,0,0,0,0.4
2851,12.0,,1,0.0,0,0,0,0,0,0.2
2852,10.0,5.656854249492381,1,0.0,0,0,0,0,0,0.3
2853,5.0,,1,0.0,0,0,0,0,0,0.2
2854,30.5,41.71930009000631,1,0.0,0,0,0,0,0,0.3
2855,9.0,11.146748404803976,1,0.0,1,1,0,0,0,0.5
2856,32.0,41.012193308819754,1,0.0,0,0,0,0,0,0.3
2857,13.5,71.62688541522459,1,1.0,1,1,1,0,0,0.9
2858,0.0,0.0,1,0.0,0,0,0,0,0,0.1
2859,34.0,19.139836293274126,1,0.0,1,0,0,0,0,0.4
2860,18.5,12.020815280171309,1,0.0,0,0,0,0,0,0.3
2861,0.0,0.0,1,0.0,0,0,0,0,0,0.1
2862,0.0,0.0,1,0.0,0,0,0,0,0,0.1
2863,38.0,47.05670338361298,1,0.0,1,0,0,0,0,0.4
2864,38.0,,1,0.0,0,0,0,0,0,0.2
2865,49.0,43.4664621672081,1,0.0,1,0,0,0,0,0.4
2866,3.0,,1,0.0,0,0,0,0,0,0.2
2867,10.0,,1,0.0,0,0,0,0,0,0.2
2868,0.0,0.0,1,0.0,0,0,0,0,0,0.1
2869,43.0,23.46699810372004,1,0.0,1,1,1,0,0,0.6
2870,10.0,29.727092020579477,2,0.0,1,1,1,0,0,0.6
2871,26.5,35.59870583522465,1,1.0,1,1,1,0,0,0.9
2872,28.0,40.02873967538823,1,0.0,1,1,1,0,0,0.6
2873,19.0,,1,0.0,0,0,0,0,0,0.2
2874,24.0,1.7320508075688774,1,0.0,1,0,0,0,0,0.4
2875,6.0,5.656854249492381,1,0.0,0,0,0,0,0,0.3
2876,31.0,14.6401275039985,1,0.0,1,0,0,0,0,0.4
2877,0.0,0.0,1,0.0,0,0,0,0,0,0.1
2878,24.0,34.158454297582026,1,0.0,1,1,1,0,0,0.6
2879,29.5,28.991378028648448,1,0.0,0,0,0,0,0,0.3
2880,0.0,0.0,1,0.0,0,0,0,0,0,0.1
2881,0.0,0.0,1,0.0,0,0,0,0,0,0.1
2882,23.0,11.313708498984761,1,0.0,0,0,0,0,0,0.3
2883,26.0,5.8594652770823155,1,0.0,1,0,0,0,0,0.4
2884,9.0,,1,0.0,0,0,0,0,0,0.2
2885,29.0,14.404860290887932,2,0.0,1,1,1,0,0,0.6
2886,32.5,37.476659402887016,1,0.0,0,0,0,0,0,0.3
2887,27.0,21.213203435596427,1,0.0,0,0,0,0,0,0.3
2888,56.0,21.571586249817916,1,0.0,1,0,0,0,0,0.4
2889,0.0,0.0,1,0.0,0,0,0,0,0,0.1
2890,11.0,,1,0.0,0,0,0,0,0,0.2
2891,0.0,0.0,1,0.0,0,0,0,0,0,0.1
2892,28.5,17.67766952966369,1,0.0,0,0,0,0,0,0.3
2893,35.0,36.18425071768103,1,0.0,1,1,1,0,0,0.6
2894,29.0,7.810249675906655,1,0.0,1,0,0,0,0,0.4
2895,19.0,17.763827611992056,1,1.0,1,1,1,0,0,0.9
2896,24.5,28.991378028648448,1,0.0,0,0,0,0,0,0.3
2897,2.0,,1,0.0,0,0,0,0,0,0.2
2898,10.0,,1,0.0,0,0,0,0,0,0.2
2899,24.0,11.313708498984761,1,0.0,0,0,0,0,0,0.3
2900,0.0,0.0,1,0.0,0,0,0,0,0,0.1
2901,22.5,17.67766952966369,1,0.0,0,0,0,0,0,0.3
2902,43.0,,1,0.0,0,0,0,0,0,0.2
2903,40.0,21.361959960016154,1,0.0,1,0,0,0,0,0.4
2904,0.0,0.0,1,0.0,0,0,0,0,0,0.1
2905,20.0,,1,0.0,0,0,0,0,0,0.2
2906,0.0,0.0,1,0.0,0,0,0,0,0,0.1
2907,3.0,,1,0.0,0,0,0,0,0,0.2
2908,46.0,22.627416997969522,1,0.0,0,0,0,0,0,0.3
2909,30.0,9.899494936611665,1,0.0,0,0,0,0,0,0.3
2910,18.0,6.534523701081817,1,0.0,1,1,1,0,0,0.6
2911,10.0,64.15605972938175,1,0.0,1,0,0,0,0,0.4
2912,9.0,,1,0.0,0,0,0,0,0,0.2
2913,0.0,0.0,1,0.0,0,0,0,0,0,0.1
2914,26.5,24.748737341529164,1,0.0,0,0,0,0,0,0.3
2915,27.0,,1,0.0,0,0,0,0,0,0.2
2916,27.0,29.959198444360478,1,1.0,1,1,1,0,0,0.9
2917,0.0,0.0,1,0.0,0,0,0,0,0,0.1
2918,29.0,,1,0.0,0,0,0,0,0,0.2
2919,22.0,38.318402889473354,1,0.0,1,1,1,0,0,0.6
2920,27.0,,1,0.0,0,0,0,0,0,0.2
2921,20.5,7.7781745930520225,1,0.0,0,0,0,0,0,0.3
2922,0.0,0.0,1,0.0,0,0,0,0,0,0.1
2923,0.0,0.0,1,0.0,0,0,0,0,0,0.1
2924,22.0,,1,0.0,0,0,0,0,0,0.2
2925,12.0,24.582514110643768,1,0.0,1,1,1,0,0,0.6
2926,34.0,,1,0.0,0,0,0,0,0,0.2
2927,16.0,,1,0.0,0,0,0,0,0,0.2
2928,27.0,,1,0.0,0,0,0,0,0,0.2
2929,27.0,54.09779504352676,1,1.0,1,1,1,0,0,0.9
2930,24.0,,1,0.0,0,0,0,0,0,0.2
2931,44.5,24.748737341529164,1,0.0,0,0,0,0,0,0.3
2932,36.5,0.7071067811865476,1,0.0,0,0,0,0,0,0.3
2933,10.0,,1,0.0,0,0,0,0,0,0.2
2934,14.0,61.40304009846201,1,0.0,1,0,0,0,0,0.4
2935,14.0,56.004942383941184,1,1.0,1,1,1,0,0,0.9
2936,20.0,8.48528137423857,1,0.0,0,0,0,0,0,0.3
2937,34.0,47.878317987721054,1,0.0,1,0,0,0,0,0.4
2938,0.0,0.0,1,0.0,0,0,0,0,0,0.1
2939,30.5,50.93132631298737,1,0.0,1,1,1,1,0,0.9
2940,28.5,6.3639610306789285,1,0.0,0,0,0,0,0,0.3
2941,21.5,16.263455967290593,1,0.0,0,0,0,0,0,0.3
2942,29.5,40.30508652763321,2,0.0,0,0,0,0,0,0.3
2943,22.0,21.213203435596427,1,0.0,0,0,0,0,0,0.3
2944,0.0,0.0,1,0.0,0,0,0,0,0,0.1
2945,31.0,,1,0.0,0,0,0,0,0,0.2
2946,33.0,,1,0.0,0,0,0,0,0,0.2
2947,23.5,18.88562063228706,1,0.0,1,1,0,0,0,0.5
2948,13.0,23.22283359110167,1,0.0,1,1,1,0,0,0.6
2949,29.0,5.656854249492381,1,0.0,0,0,0,0,0,0.3
2950,28.0,36.35014901390823,1,0.0,1,0,0,0,0,0.4
2951,24.0,29.971653274385783,1,0.0,1,1,1,0,0,0.6
2952,17.0,43.31858723458095,1,0.0,1,1,1,0,0,0.6
2953,17.0,,1,0.0,0,0,0,0,0,0.2
2954,21.0,,1,0.0,0,0,0,0,0,0.2
2955,0.0,,2,0.0,0,0,0,0,0,0.2
2956,1.0,,1,0.0,0,0,0,0,0,0.2
2957,21.0,16.379865689315036,1,0.0,1,1,1,0,0,0.6
2958,49.5,10.688779163215976,1,0.0,1,1,0,0,0,0.5
2959,26.0,,1,0.0,0,0,0,0,0,0.2
2960,26.5,10.606601717798213,1,0.0,0,0,0,0,0,0.3
2961,14.0,18.384776310850235,1,0.0,0,0,0,0,0,0.3
2962,34.5,23.33452377915607,1,0.0,0,0,0,0,0,0.3
2963,0.0,0.0,1,0.0,0,0,0,0,0,0.1
2964,11.5,0.7071067811865476,1,0.0,0,0,0,0,0,0.3
2965,19.0,,1,0.0,0,0,0,0,0,0.2
2966,13.0,,1,0.0,0,0,0,0,0,0.2
2967,20.5,44.004666960286315,1,1.0,1,1,1,0,0,0.9
2968,37.5,38.890872965260115,1,0.0,0,0,0,0,0,0.3
2969,41.0,53.163270528940686,1,0.0,1,0,0,0,0,0.4
2970,13.0,,1,0.0,0,0,0,0,0,0.2
2971,13.0,17.349351572897472,1,0.0,1,0,0,0,0,0.4
2972,24.0,22.627416997969522,1,0.0,0,0,0,0,0,0.3
2973,15.0,43.4856298103178,1,0.0,1,0,0,0,0,0.4
2974,0.0,0.0,1,0.0,0,0,0,0,0,0.1
2975,0.0,0.0,1,0.0,0,0,0,0,0,0.1
2976,18.0,72.88628618804577,1,0.0,1,1,1,1,0,0.9
2977,31.0,,1,0.0,0,0,0,0,0,0.2
2978,22.0,,1,0.0,0,0,0,0,0,0.2
2979,17.0,39.9787443524681,1,0.0,1,1,1,0,0,0.6
2980,10.5,14.849242404917497,2,0.0,0,0,0,0,0,0.3
2981,31.0,,1,0.0,0,0,0,0,0,0.2
2982,27.0,8.48528137423857,1,0.0,0,0,0,0,0,0.3
2983,0.0,0.0,1,0.0,0,0,0,0,0,0.1
2984,0.0,0.0,1,0.0,0,0,0,0,0,0.1
2985,27.0,31.76003778335284,1,0.0,1,1,1,0,0,0.6
2986,0.0,0.0,1,0.0,0,0,0,0,0,0.1
2987,22.0,28.376046236218322,2,0.0,1,1,1,0,0,0.6
2988,0.0,0.0,1,0.0,0,0,0,0,0,0.1
2989,45.0,29.698484809834994,1,0.0,0,0,0,0,0,0.3
2990,0.0,0.0,1,0.0,0,0,0,0,0,0.1
2991,21.0,2.8284271247461903,1,0.0,0,0,0,0,0,0.3
2992,21.5,12.020815280171309,1,0.0,0,0,0,0,0,0.3
2993,69.0,45.1811169996198,1,0.0,1,0,0,0,0,0.4
2994,53.0,30.610455730027933,1,0.0,1,0,0,0,0,0.4
2995,43.0,38.18376618407356,1,0.0,0,0,0,0,0,0.3
2996,23.0,4.242640687119285,1,0.0,0,0,0,0,0,0.3
2997,18.0,5.656854249492381,1,0.0,0,0,0,0,0,0.3
2998,17.0,43.15476026272575,1,0.0,1,0,0,0,0,0.4
2999,42.0,19.79898987322333,1,0.0,0,0,0,0,0,0.3
3000,19.0,40.8313604965595,1,0.0,1,1,1,0,0,0.6
3001,34.0,20.256686138984662,1,0.0,1,0,0,0,0,0.4
3002,72.0,37.1618083521241,1,0.0,1,0,0,0,0,0.4
3003,42.5,31.81980515339464,1,0.0,0,0,0,0,0,0.3
3004,5.0,,1,0.0,0,0,0,0,0,0.2
3005,5.0,,1,0.0,0,0,0,0,0,0.2
3006,39.0,26.130442016927308,1,0.0,1,1,1,0,0,0.6
3007,10.0,19.5021366350801,1,0.0,1,0,0,0,0,0.4
3008,29.0,37.178622890042604,1,0.0,1,1,0,0,0,0.5
3009,48.0,33.842773723992146,1,0.0,1,0,0,0,0,0.4
3010,32.0,,1,0.0,0,0,0,0,0,0.2
3011,40.0,31.659648345067467,1,0.0,1,0,0,0,0,0.4
3012,28.0,,1,0.0,0,0,0,0,0,0.2
3013,25.5,34.64823227814083,2,0.0,0,0,0,0,0,0.3
3014,31.0,60.83877992577713,1,1.0,1,1,1,0,0,0.9
3015,18.0,,1,0.0,0,0,0,0,0,0.2
3016,10.0,55.77036249956901,1,0.0,1,0,0,0,0,0.4
3017,0.0,0.0,1,0.0,0,0,0,0,0,0.1
3018,33.0,44.034077712607996,1,0.0,1,0,0,0,0,0.4
3019,6.0,,1,0.0,0,0,0,0,0,0.2
3020,14.0,13.612494260788505,1,0.0,1,1,1,0,0,0.6
3021,0.0,0.0,1,0.0,0,0,0,0,0,0.1
3022,0.0,0.0,1,0.0,0,0,0,0,0,0.1
3023,20.0,9.67987603226405,1,0.0,1,1,1,0,0,0.6
3024,36.0,27.300793639257694,1,0.0,1,0,0,0,0,0.4
3025,8.5,3.5355339059327373,1,0.0,0,0,0,0,0,0.3
3026,8.0,24.734591162984685,1,0.0,1,1,1,0,0,0.6
3027,7.0,,1,0.0,0,0,0,0,0,0.2
3028,40.0,21.213203435596427,1,0.0,0,0,0,0,0,0.3
3029,21.0,43.47182995918162,1,0.0,1,1,1,0,0,0.6
3030,13.0,,1,0.0,0,0,0,0,0,0.2
3031,38.5,13.435028842544403,1,0.0,0,0,0,0,0,0.3
3032,9.0,40.953632317536865,1,0.0,1,1,1,0,0,0.6
3033,34.0,32.526911934581186,1,0.0,0,0,0,0,0,0.3
3034,32.5,9.192388155425117,1,0.0,0,0,0,0,0,0.3
3035,4.0,,1,0.0,0,0,0,0,0,0.2
3036,14.0,28.728035087697872,1,0.0,1,1,1,0,0,0.6
3037,18.0,,1,0.0,0,0,0,0,0,0.2
3038,27.0,5.656854249492381,1,0.0,0,0,0,0,0,0.3
3039,60.0,29.73774257292126,1,0.0,1,0,0,0,0,0.4
3040,15.0,25.628109567426154,1,0.0,1,1,1,0,0,0.6
3041,16.0,42.77031680967537,1,0.0,1,1,1,0,0,0.6
3042,32.0,21.82506204649447,1,0.0,1,0,0,0,0,0.4
3043,17.5,21.920310216782973,1,0.0,0,0,0,0,0,0.3
3044,6.0,2.8284271247461903,1,0.0,0,0,0,0,0,0.3
3045,34.0,34.698703145794944,1,0.0,1,0,0,0,0,0.4
3046,16.0,,1,0.0,0,0,0,0,0,0.2
3047,42.5,19.91649232838621,1,0.0,1,1,0,0,0,0.5
3048,46.0,25.442746183015174,1,0.0,1,1,0,0,0,0.5
3049,67.0,32.41913015489466,1,0.0,1,0,0,0,0,0.4
3050,31.5,40.30508652763321,1,0.0,0,0,0,0,0,0.3
3051,0.0,0.0,1,0.0,0,0,0,0,0,0.1
3052,21.0,5.656854249492381,1,0.0,0,0,0,0,0,0.3
3053,19.0,,1,0.0,0,0,0,0,0,0.2
3054,0.0,0.0,1,0.0,0,0,0,0,0,0.1
3055,7.0,,1,0.0,0,0,0,0,0,0.2
3056,25.5,31.81980515339464,1,0.0,0,0,0,0,0,0.3
3057,27.0,28.844410203711913,1,0.0,1,0,0,0,0,0.4
3058,48.0,21.213203435596427,1,0.0,0,0,0,0,0,0.3
3059,0.0,0.0,1,0.0,0,0,0,0,0,0.1
3060,17.0,,1,0.0,0,0,0,0,0,0.2
3061,0.0,0.0,1,0.0,0,0,0,0,0,0.1
3062,7.0,16.165807537309522,1,0.0,1,0,0,0,0,0.4
3063,1.0,,2,0.0,0,0,0,0,0,0.2
3064,40.0,19.75685535031659,1,0.0,1,0,0,0,0,0.4
3065,18.0,1.4142135623730951,1,0.0,0,0,0,0,0,0.3
3066,24.0,37.345236197762446,1,0.0,1,1,0,0,0,0.5
3067,24.0,11.313708498984761,1,0.0,0,0,0,0,0,0.3
3068,42.0,38.18376618407356,1,0.0,0,0,0,0,0,0.3
3069,14.0,45.97281805589038,1,0.0,1,1,1,0,0,0.6
3070,33.0,51.758884675552494,1,1.0,1,1,1,0,0,0.9
3071,56.0,36.3455636907725,1,0.0,1,0,0,0,0,0.4
3072,35.0,21.213203435596427,1,0.0,0,0,0,0,0,0.3
3073,19.0,70.86405496240168,1,1.0,1,1,1,0,0,0.9
3074,0.0,0.0,1,0.0,0,0,0,0,0,0.1
3075,28.0,111.97161630137728,2,1.0,1,1,1,0,0,0.9
3076,41.5,0.7071067811865476,1,0.0,0,0,0,0,0,0.3
3077,30.0,,1,0.0,0,0,0,0,0,0.2
3078,15.0,,1,0.0,0,0,0,0,0,0.2
3079,45.5,24.748737341529164,1,0.0,0,0,0,0,0,0.3
3080,18.0,0.0,1,0.0,0,0,0,0,0,0.3
3081,59.0,53.67494760127857,1,0.0,1,0,0,0,0,0.4
3082,24.5,32.83291031876401,1,0.0,1,1,0,0,0,0.5
3083,0.0,0.0,1,0.0,0,0,0,0,0,0.1
3084,29.0,,1,0.0,0,0,0,0,0,0.2
3085,2.0,,1,0.0,0,0,0,0,0,0.2
3086,0.0,0.0,1,0.0,0,0,0,0,0,0.1
3087,58.0,24.090108620206205,1,0.0,1,0,0,0,0,0.4
3088,0.0,0.0,1,0.0,0,0,0,0,0,0.1
3089,0.0,0.0,1,0.0,0,0,0,0,0,0.1
3090,5.0,,1,0.0,0,0,0,0,0,0.2
3091,37.0,42.42640687119285,1,0.0,0,0,0,0,0,0.3
3092,30.5,21.920310216782973,1,0.0,0,0,0,0,0,0.3
3093,46.0,29.439769020833026,1,0.0,1,1,1,0,0,0.6
3094,29.0,,1,0.0,0,0,0,0,0,0.2
3095,27.0,9.899494936611665,1,0.0,0,0,0,0,0,0.3
3096,2.0,,1,0.0,0,0,0,0,0,0.2
3097,24.0,22.027255843613386,1,0.0,1,1,1,0,0,0.6
3098,28.0,26.38812864401971,1,0.0,1,0,0,0,0,0.4
3099,26.0,49.44019956809776,1,0.0,1,0,0,0,0,0.4
3100,46.5,48.18281159639123,1,0.0,1,1,0,0,0,0.5
3101,32.0,42.42640687119285,1,0.0,0,0,0,0,0,0.3
3102,11.0,,1,0.0,0,0,0,0,0,0.2
3103,13.0,41.385987966943595,1,0.0,1,1,1,0,0,0.6
3104,70.0,47.08856903042747,1,0.0,1,0,0,0,0,0.4
3105,29.0,37.986839826445156,1,0.0,1,0,0,0,0,0.4
3106,8.0,,1,0.0,0,0,0,0,0,0.2
3107,29.0,12.93058390019569,1,0.0,1,1,1,0,0,0.6
3108,10.0,7.071067811865475,1,0.0,0,0,0,0,0,0.3
3109,49.0,56.12783029240782,1,0.0,1,0,0,0,0,0.4
3110,5.5,2.1213203435596424,1,0.0,0,0,0,0,0,0.3
3111,0.0,0.0,1,0.0,0,0,0,0,0,0.1
3112,1.0,,2,0.0,0,0,0,0,0,0.2
3113,8.5,22.58317958127243,1,0.0,1,1,0,0,0,0.5
3114,11.0,,1,0.0,0,0,0,0,0,0.2
3115,28.5,96.08032353936248,2,1.0,1,1,1,0,0,0.9
3116,19.0,,1,0.0,0,0,0,0,0,0.2
3117,7.0,42.97092039973079,1,0.0,1,1,1,0,0,0.6
3118,1.0,,2,0.0,0,0,0,0,0,0.2
3119,1.0,,2,0.0,0,0,0,0,0,0.2
3120,11.0,51.15662224971465,1,0.0,1,0,0,0,0,0.4
3121,44.0,31.50132272355136,1,0.0,1,0,0,0,0,0.4
3122,25.0,,1,0.0,0,0,0,0,0,0.2
3123,17.0,31.754264805429415,1,0.0,1,0,0,0,0,0.4
3124,4.0,24.72245942457991,1,0.0,1,1,1,0,0,0.6
3125,24.0,22.67597847943943,2,0.0,1,1,1,0,0,0.6
3126,30.0,5.656854249492381,1,0.0,0,0,0,0,0,0.3
3127,41.0,24.041630560342618,1,0.0,0,0,0,0,0,0.3
3128,14.5,30.262836709639195,2,1.0,1,1,1,0,0,0.9
3129,23.0,16.522711641858304,1,0.0,1,0,0,0,0,0.4
3130,33.0,1.4142135623730951,1,0.0,0,0,0,0,0,0.3
3131,25.0,46.04707735929973,2,0.0,1,0,0,0,0,0.4
3132,18.5,63.1817107352165,2,1.0,1,1,1,0,0,0.9
3133,15.0,,1,0.0,0,0,0,0,0,0.2
3134,25.0,7.54983443527075,1,0.0,1,0,0,0,0,0.4
3135,6.0,55.15735067362584,1,0.0,1,0,0,0,0,0.4
3136,8.0,8.48528137423857,1,0.0,0,0,0,0,0,0.3
3137,8.0,59.23118547972287,1,0.0,1,0,0,0,0,0.4
3138,21.5,12.945398152754258,1,0.0,1,1,0,0,0,0.5
3139,21.0,25.436194683953808,1,0.0,1,1,1,0,0,0.6
3140,42.0,8.082903768654761,1,0.0,1,0,0,0,0,0.4
3141,16.0,,1,0.0,0,0,0,0,0,0.2
3142,30.0,,1,0.0,0,0,0,0,0,0.2
3143,58.0,29.46183972531247,1,0.0,1,0,0,0,0,0.4
3144,12.0,44.65758614166243,1,0.0,1,1,1,0,0,0.6
3145,40.0,26.0710567488163,2,0.0,1,1,1,0,0,0.6
3146,33.5,28.991378028648448,1,0.0,0,0,0,0,0,0.3
3147,16.0,23.61559714619617,2,1.0,1,1,1,0,0,0.9
3148,35.0,23.00724523564986,1,0.0,1,0,0,0,0,0.4
3149,0.0,0.0,1,0.0,0,0,0,0,0,0.1
3150,27.0,12.096831541082704,1,0.0,1,0,0,0,0,0.4
3151,42.5,19.95620204347511,1,0.0,1,1,0,0,0,0.5
3152,7.0,,1,0.0,0,0,0,0,0,0.2
3153,11.0,,1,0.0,0,0,0,0,0,0.2
3154,0.0,0.0,1,0.0,0,0,0,0,0,0.1
3155,21.0,17.210461934532727,1,0.0,1,1,1,0,0,0.6
3156,36.5,50.20458146424487,2,0.0,0,0,0,0,0,0.3
3157,0.0,0.0,1,0.0,0,0,0,0,0,0.1
3158,15.0,,1,0.0,0,0,0,0,0,0.2
3159,38.0,,1,0.0,0,0,0,0,0,0.2
3160,0.0,0.0,1,0.0,0,0,0,0,0,0.1
3161,33.0,,1,0.0,0,0,0,0,0,0.2
3162,13.0,,1,0.0,0,0,0,0,0,0.2
3163,0.0,0.0,1,0.0,0,0,0,0,0,0.1
3164,0.0,0.0,1,0.0,0,0,0,0,0,0.1
3165,0.0,,2,0.0,0,0,0,0,0,0.2
3166,5.0,4.242640687119285,1,0.0,0,0,0,0,0,0.3
3167,6.0,,1,0.0,0,0,0,0,0,0.2
3168,3.0,,1,0.0,0,0,0,0,0,0.2
3169,10.0,,1,0.0,0,0,0,0,0,0.2
3170,25.0,,1,0.0,0,0,0,0,0,0.2
3171,22.0,16.97056274847714,1,0.0,0,0,0,0,0,0.3
3172,26.0,14.842506526863986,1,0.0,1,1,1,0,0,0.6
3173,34.0,42.42640687119285,1,0.0,0,0,0,0,0,0.3
3174,4.0,4.242640687119285,2,0.0,0,0,0,0,0,0.3
3175,37.0,37.87259343289463,1,0.0,1,0,0,0,0,0.4
3176,21.0,,1,0.0,0,0,0,0,0,0.2
3177,0.0,0.0,1,0.0,0,0,0,0,0,0.1
3178,0.0,0.0,1,0.0,0,0,0,0,0,0.1
3179,5.0,,1,0.0,0,0,0,0,0,0.2
3180,28.5,80.58136970080085,1,1.0,1,1,1,0,0,0.9
3181,1.0,,1,0.0,0,0,0,0,0,0.2
3182,6.5,2.1213203435596424,1,0.0,0,0,0,0,0,0.3
3183,32.0,,1,0.0,0,0,0,0,0,0.2
3184,0.0,0.0,1,0.0,0,0,0,0,0,0.1
3185,15.0,44.071910933533765,1,0.0,1,0,0,0,0,0.4
3186,28.0,,1,0.0,0,0,0,0,0,0.2
3187,17.5,4.949747468305833,1,0.0,0,0,0,0,0,0.3
3188,12.5,7.7781745930520225,1,0.0,0,0,0,0,0,0.3
3189,15.0,,1,0.0,0,0,0,0,0,0.2
3190,7.0,,1,0.0,0,0,0,0,0,0.2
3191,7.0,,1,0.0,0,0,0,0,0,0.2
3192,3.0,,1,0.0,0,0,0,0,0,0.2
3193,0.0,0.0,1,0.0,0,0,0,0,0,0.1
3194,12.0,44.50842616853578,1,0.0,1,0,0,0,0,0.4
3195,15.0,,1,0.0,0,0,0,0,0,0.2
3196,46.0,21.213203435596427,1,0.0,0,0,0,0,0,0.3
3197,0.0,0.0,1,0.0,0,0,0,0,0,0.1
3198,0.0,0.0,1,0.0,0,0,0,0,0,0.1
3199,0.0,0.0,1,0.0,0,0,0,0,0,0.1
3200,27.0,24.089416763383877,1,0.0,1,1,1,0,0,0.6
3201,33.0,27.797481900344856,1,0.0,1,1,1,0,0,0.6
3202,25.5,34.64823227814083,1,0.0,0,0,0,0,0,0.3
3203,1.0,,1,0.0,0,0,0,0,0,0.2
3204,42.0,45.50091574170055,1,0.0,1,1,0,0,0,0.5
3205,16.0,34.42867022313428,1,0.0,1,0,0,0,0,0.4
3206,49.0,5.656854249492381,1,0.0,0,0,0,0,0,0.3
3207,18.0,,1,0.0,0,0,0,0,0,0.2
3208,34.5,0.7071067811865476,1,0.0,0,0,0,0,0,0.3
3209,35.0,,1,0.0,0,0,0,0,0,0.2
3210,32.0,28.005951748393294,1,0.0,1,0,0,0,0,0.4
3211,6.0,,1,0.0,0,0,0,0,0,0.2
3212,18.0,,1,0.0,0,0,0,0,0,0.2
3213,23.5,33.23401871576773,2,0.0,0,0,0,0,0,0.3
3214,0.0,0.0,1,0.0,0,0,0,0,0,0.1
3215,6.0,39.86602563587195,1,0.0,1,1,1,0,0,0.6
3216,27.5,30.405591591021544,1,0.0,0,0,0,0,0,0.3
3217,25.0,9.018499505645789,1,0.0,1,0,0,0,0,0.4
3218,24.0,31.11269837220809,1,0.0,0,0,0,0,0,0.3
3219,28.0,29.698484809834994,1,0.0,0,0,0,0,0,0.3
3220,33.5,4.949747468305833,1,0.0,0,0,0,0,0,0.3
3221,31.0,24.041630560342618,1,0.0,0,0,0,0,0,0.3
3222,33.0,28.960317677815624,1,0.0,1,1,1,0,0,0.6
3223,21.0,,1,0.0,0,0,0,0,0,0.2
3224,33.0,22.54624876411447,1,0.0,1,0,0,0,0,0.4
3225,10.0,,1,0.0,0,0,0,0,0,0.2
3226,26.0,15.482247898803326,1,0.0,1,1,1,0,0,0.6
3227,14.0,,1,0.0,0,0,0,0,0,0.2
3228,24.5,27.577164466275352,1,0.0,0,0,0,0,0,0.3
3229,0.0,0.0,1,0.0,0,0,0,0,0,0.1
3230,0.0,0.0,1,0.0,0,0,0,0,0,0.1
3231,18.0,15.07315494513342,1,0.0,1,1,1,0,0,0.6
3232,41.0,30.512292604784715,1,0.0,1,0,0,0,0,0.4
3233,24.0,8.48528137423857,1,0.0,0,0,0,0,0,0.3
3234,12.5,44.813502429513356,1,0.0,1,1,0,0,0,0.5
3235,0.0,0.0,1,0.0,0,0,0,0,0,0.1
3236,31.0,15.176736583776282,1,0.0,1,0,0,0,0,0.4
3237,0.0,0.0,1,0.0,0,0,0,0,0,0.1
3238,6.0,14.028542333400146,1,0.0,1,1,1,0,0,0.6
3239,6.0,,1,0.0,0,0,0,0,0,0.2
3240,10.0,,1,0.0,0,0,0,0,0,0.2
3241,11.0,,1,0.0,0,0,0,0,0,0.2
3242,0.0,0.0,1,0.0,0,0,0,0,0,0.1
3243,24.0,69.7521121031983,1,1.0,1,1,1,0,0,0.9
3244,5.0,,1,0.0,0,0,0,0,0,0.2
3245,17.5,9.192388155425117,1,0.0,0,0,0,0,0,0.3
3246,33.0,22.063544592834578,2,0.0,1,1,1,0,0,0.6
3247,24.0,14.933184523068078,2,0.0,1,0,0,0,0,0.4
3248,0.0,0.0,1,0.0,0,0,0,0,0,0.1
3249,33.5,26.056029372616745,1,0.0,1,1,0,0,0,0.5
3250,27.0,5.656854249492381,1,0.0,0,0,0,0,0,0.3
3251,35.0,22.627416997969522,1,0.0,0,0,0,0,0,0.3
3252,71.0,49.68903299521938,1,0.0,1,0,0,0,0,0.4
3253,36.0,84.79797420087009,1,0.0,1,1,1,1,0,0.9
3254,26.0,,1,0.0,0,0,0,0,0,0.2
3255,14.0,23.638950907347812,1,0.0,1,1,1,0,0,0.6
3256,10.0,,1,0.0,0,0,0,0,0,0.2
3257,32.0,21.213203435596427,1,0.0,0,0,0,0,0,0.3
3258,34.0,15.716233645501712,1,0.0,1,0,0,0,0,0.4
3259,18.0,,1,0.0,0,0,0,0,0,0.2
3260,10.0,22.368132093076824,1,0.0,1,0,0,0,0,0.4
3261,23.0,11.354147553500733,1,0.0,1,1,0,0,0,0.5
3262,0.0,0.0,1,0.0,0,0,0,0,0,0.1
3263,44.0,41.28357219685977,1,0.0,1,0,0,0,0,0.4
3264,0.0,0.0,1,0.0,0,0,0,0,0,0.1
3265,23.0,5.656854249492381,1,0.0,0,0,0,0,0,0.3
3266,0.0,0.0,1,0.0,0,0,0,0,0,0.1
3267,18.0,34.91847648452034,1,0.0,1,1,1,0,0,0.6
3268,14.0,,1,0.0,0,0,0,0,0,0.2
3269,0.0,0.0,1,0.0,0,0,0,0,0,0.1
3270,21.0,4.242640687119285,1,0.0,0,0,0,0,0,0.3
3271,27.0,27.06165799305973,1,0.0,1,0,0,0,0,0.4
3272,17.5,17.67766952966369,1,0.0,0,0,0,0,0,0.3
3273,0.0,0.0,1,0.0,0,0,0,0,0,0.1
3274,0.0,0.0,1,0.0,0,0,0,0,0,0.1
3275,26.0,24.905822612393273,1,0.0,1,1,1,0,0,0.6
3276,27.0,,1,0.0,0,0,0,0,0,0.2
3277,6.0,,1,0.0,0,0,0,0,0,0.2
3278,37.5,28.991378028648448,1,0.0,0,0,0,0,0,0.3
3279,53.0,22.627416997969522,1,0.0,0,0,0,0,0,0.3
3280,18.0,42.30079364334838,1,1.0,1,1,1,0,0,0.9
3281,16.5,80.9354901846438,1,0.0,1,1,1,1,0,0.9
3282,16.0,21.213203435596427,1,0.0,0,0,0,0,0,0.3
3283,0.0,,2,0.0,0,0,0,0,0,0.2
3284,44.0,,1,0.0,0,0,0,0,0,0.2
3285,56.0,26.08320021265284,1,0.0,1,0,0,0,0,0.4
3286,0.0,0.0,1,0.0,0,0,0,0,0,0.1
3287,17.0,50.84617324178225,1,0.0,1,0,0,0,0,0.4
3288,33.0,30.822070014844883,1,0.0,1,1,1,0,0,0.6
3289,35.0,9.899494936611665,1,0.0,0,0,0,0,0,0.3
3290,38.0,33.885099970340946,1,0.0,1,1,1,0,0,0.6
3291,0.0,0.0,1,0.0,0,0,0,0,0,0.1
3292,21.0,24.263140769488192,1,0.0,1,1,1,0,0,0.6
3293,70.0,50.34216258101486,2,0.0,1,0,0,0,0,0.4
3294,10.0,,1,0.0,0,0,0,0,0,0.2
3295,15.0,18.384776310850235,1,0.0,0,0,0,0,0,0.3
3296,37.0,34.013477720848634,1,0.0,1,1,0,0,0,0.5
3297,0.0,0.0,1,0.0,0,0,0,0,0,0.1
3298,18.5,13.435028842544403,1,0.0,0,0,0,0,0,0.3
3299,16.0,38.31355597472742,1,0.0,1,1,1,1,0,0.9
3300,0.0,0.0,1,0.0,0,0,0,0,0,0.1
3301,0.0,,2,0.0,0,0,0,0,0,0.2
3302,24.0,54.0277706369604,1,0.0,1,0,0,0,0,0.4
3303,0.0,0.0,1,0.0,0,0,0,0,0,0.1
3304,33.0,32.977264895682296,1,0.0,1,1,1,0,0,0.6
3305,14.0,18.384776310850235,2,0.0,0,0,0,0,0,0.3
3306,28.0,,1,0.0,0,0,0,0,0,0.2
3307,3.0,,1,0.0,0,0,0,0,0,0.2
3308,0.0,0.0,1,0.0,0,0,0,0,0,0.1
3309,14.0,,1,0.0,0,0,0,0,0,0.2
3310,0.0,0.0,1,0.0,0,0,0,0,0,0.1
3311,50.0,34.50120770833006,1,0.0,1,0,0,0,0,0.4
3312,0.0,0.0,1,0.0,0,0,0,0,0,0.1
3313,4.5,2.1213203435596424,1,0.0,0,0,0,0,0,0.3
3314,35.0,26.633312473917574,1,0.0,1,0,0,0,0,0.4
3315,15.0,15.323185047502363,1,0.0,1,1,1,0,0,0.6
3316,22.5,28.991378028648448,1,0.0,0,0,0,0,0,0.3
3317,16.0,30.8274769213008,1,0.0,1,0,0,0,0,0.4
3318,16.0,89.24924969672614,2,1.0,1,1,1,0,0,0.9
3319,26.0,20.969024774652727,1,0.0,1,1,1,0,0,0.6
3320,17.0,8.87130204648675,1,0.0,1,1,1,0,0,0.6
3321,35.0,42.42640687119285,1,0.0,0,0,0,0,0,0.3
3322,45.5,43.01162633521314,1,0.0,1,1,0,0,0,0.5
3323,13.0,,1,0.0,0,0,0,0,0,0.2
3324,0.0,0.0,1,0.0,0,0,0,0,0,0.1
3325,19.5,16.263455967290593,1,0.0,0,0,0,0,0,0.3
3326,17.0,,1,0.0,0,0,0,0,0,0.2
3327,0.0,0.0,1,0.0,0,0,0,0,0,0.1
3328,21.0,33.98087697514589,1,0.0,1,1,1,0,0,0.6
3329,16.0,19.86705816169067,1,0.0,1,1,1,0,0,0.6
3330,25.5,27.031397088782306,1,1.0,1,1,1,0,0,0.9
3331,51.0,45.829393770083115,1,0.0,1,0,0,0,0,0.4
3332,22.0,46.51343891823093,1,0.0,1,1,1,0,0,0.6
3333,16.0,,1,0.0,0,0,0,0,0,0.2
3334,20.0,,1,0.0,0,0,0,0,0,0.2
3335,32.0,10.692676621563628,1,0.0,1,0,0,0,0,0.4
3336,27.0,33.70954365359065,1,0.0,1,0,0,0,0,0.4
3337,10.5,3.5355339059327373,1,0.0,0,0,0,0,0,0.3
3338,38.0,,1,0.0,0,0,0,0,0,0.2
3339,44.0,31.11269837220809,1,0.0,0,0,0,0,0,0.3
3340,0.0,0.0,1,0.0,0,0,0,0,0,0.1
3341,36.0,8.48528137423857,1,0.0,0,0,0,0,0,0.3
3342,22.0,,1,0.0,0,0,0,0,0,0.2
3343,19.0,22.255336438706113,1,0.0,1,1,1,0,0,0.6
3344,0.0,0.0,1,0.0,0,0,0,0,0,0.1
3345,2.0,38.97435053981015,1,0.0,1,0,0,0,0,0.4
3346,10.0,1.4142135623730951,1,0.0,0,0,0,0,0,0.3
3347,33.0,27.263528751795867,1,0.0,1,1,1,0,0,0.6
3348,31.0,35.73933407325884,2,0.0,1,1,1,0,0,0.6
3349,22.0,22.627416997969522,1,0.0,0,0,0,0,0,0.3
3350,0.0,0.0,1,0.0,0,0,0,0,0,0.1
3351,13.0,,1,0.0,0,0,0,0,0,0.2
3352,43.0,31.72275734127368,1,0.0,1,0,0,0,0,0.4
3353,23.0,,1,0.0,0,0,0,0,0,0.2
3354,8.0,,1,0.0,0,0,0,0,0,0.2
3355,14.0,27.790286072654954,1,0.0,1,1,1,0,0,0.6
3356,14.0,14.14213562373095,1,0.0,0,0,0,0,0,0.3
3357,31.0,18.384776310850235,1,0.0,0,0,0,0,0,0.3
3358,24.0,10.059821071967434,1,0.0,1,1,1,0,0,0.6
3359,27.0,6.082762530298219,1,0.0,1,0,0,0,0,0.4
3360,22.5,0.7071067811865476,1,0.0,0,0,0,0,0,0.3
3361,28.0,37.365759727322555,1,0.0,1,1,1,0,0,0.6
3362,10.0,,1,0.0,0,0,0,0,0,0.2
3363,42.0,46.1988455844227,1,0.0,1,0,0,0,0,0.4
3364,22.0,2.8284271247461903,1,0.0,0,0,0,0,0,0.3
3365,35.0,37.52776749732568,2,0.0,1,0,0,0,0,0.4
3366,25.0,41.97261011659865,1,0.0,1,1,1,0,0,0.6
3367,13.5,3.5355339059327373,1,0.0,0,0,0,0,0,0.3
3368,19.0,18.384776310850235,1,0.0,0,0,0,0,0,0.3
3369,24.0,54.9939390599849,1,0.0,1,0,0,0,0,0.4
3370,10.0,,1,0.0,0,0,0,0,0,0.2
3371,1.0,,1,0.0,0,0,0,0,0,0.2
3372,12.0,,1,0.0,0,0,0,0,0,0.2
3373,0.0,0.0,1,0.0,0,0,0,0,0,0.1
3374,39.0,42.57933771208754,1,0.0,1,0,0,0,0,0.4
3375,2.0,,1,0.0,0,0,0,0,0,0.2
3376,27.0,15.795568998931314,1,0.0,1,1,1,0,0,0.6
3377,6.0,,1,0.0,0,0,0,0,0,0.2
3378,0.0,0.0,1,0.0,0,0,0,0,0,0.1
3379,16.0,,1,0.0,0,0,0,0,0,0.2
3380,35.5,36.062445840513924,1,0.0,0,0,0,0,0,0.3
3381,20.5,70.97471883907477,1,1.0,1,1,1,0,0,0.9
3382,23.0,,1,0.0,0,0,0,0,0,0.2
3383,6.0,12.759310326189265,1,0.0,1,1,1,0,0,0.6
3384,42.0,,1,0.0,0,0,0,0,0,0.2
3385,19.0,19.79898987322333,1,0.0,0,0,0,0,0,0.3
3386,36.0,43.840620433565945,1,0.0,0,0,0,0,0,0.3
3387,30.0,,1,0.0,0,0,0,0,0,0.2
3388,38.5,4.949747468305833,1,0.0,0,0,0,0,0,0.3
3389,33.0,,1,0.0,0,0,0,0,0,0.2
3390,0.0,0.0,1,0.0,0,0,0,0,0,0.1
3391,0.0,0.0,1,0.0,0,0,0,0,0,0.1
3392,30.0,40.63249930782009,1,0.0,1,0,0,0,0,0.4
3393,0.0,0.0,1,0.0,0,0,0,0,0,0.1
3394,0.0,0.0,1,0.0,0,0,0,0,0,0.1
3395,17.0,,1,0.0,0,0,0,0,0,0.2
3396,19.5,3.5355339059327373,1,0.0,0,0,0,0,0,0.3
3397,11.0,31.92647803939545,3,0.0,1,1,1,0,0,0.6
3398,0.0,0.0,1,0.0,0,0,0,0,0,0.1
3399,31.0,15.534906930308058,1,0.0,1,0,0,0,0,0.4
3400,0.0,0.0,1,0.0,0,0,0,0,0,0.1
3401,31.0,46.23233253285596,1,0.0,1,1,1,1,0,0.9
3402,21.5,3.5355339059327373,1,0.0,0,0,0,0,0,0.3
3403,20.0,31.69858040985432,1,0.0,1,1,1,0,0,0.6
3404,5.5,6.3639610306789285,1,0.0,0,0,0,0,0,0.3
3405,34.0,,1,0.0,0,0,0,0,0,0.2
3406,16.0,,1,0.0,0,0,0,0,0,0.2
3407,7.0,4.242640687119285,1,0.0,0,0,0,0,0,0.3
3408,0.0,0.0,1,0.0,0,0,0,0,0,0.1
3409,0.0,0.0,1,0.0,0,0,0,0,0,0.1
3410,13.0,,1,0.0,0,0,0,0,0,0.2
3411,12.0,21.60555484129024,1,0.0,1,1,1,0,0,0.6
3412,6.0,,1,0.0,0,0,0,0,0,0.2
3413,0.0,0.0,1,0.0,0,0,0,0,0,0.1
3414,31.0,37.06345909382987,1,0.0,1,1,1,0,0,0.6
3415,19.0,24.041630560342618,1,0.0,0,0,0,0,0,0.3
3416,8.0,,1,0.0,0,0,0,0,0,0.2
3417,0.0,0.0,1,0.0,0,0,0,0,0,0.1
3418,12.0,,1,0.0,0,0,0,0,0,0.2
3419,12.0,12.727922061357857,1,0.0,0,0,0,0,0,0.3
3420,31.5,6.3639610306789285,1,0.0,0,0,0,0,0,0.3
3421,29.0,55.339052343582054,1,1.0,1,1,1,0,0,0.9
3422,12.5,14.849242404917497,1,0.0,0,0,0,0,0,0.3
3423,32.5,34.64823227814083,1,0.0,0,0,0,0,0,0.3
3424,31.0,,1,0.0,0,0,0,0,0,0.2
3425,0.0,0.0,1,0.0,0,0,0,0,0,0.1
3426,24.0,,1,0.0,0,0,0,0,0,0.2
3427,12.0,,1,0.0,0,0,0,0,0,0.2
3428,0.0,0.0,1,0.0,0,0,0,0,0,0.1
3429,12.0,9.899494936611665,1,0.0,0,0,0,0,0,0.3
3430,36.5,74.61281008360045,1,1.0,1,1,1,0,0,0.9
3431,30.0,37.87259343289463,1,0.0,1,0,0,0,0,0.4
3432,0.0,0.0,1,0.0,0,0,0,0,0,0.1
3433,8.0,,1,0.0,0,0,0,0,0,0.2
3434,26.0,,1,0.0,0,0,0,0,0,0.2
3435,5.0,4.242640687119285,1,0.0,0,0,0,0,0,0.3
3436,44.5,26.162950903902257,1,0.0,0,0,0,0,0,0.3
3437,0.0,0.0,1,0.0,0,0,0,0,0,0.1
3438,25.0,11.1265448365609,1,0.0,1,1,1,0,0,0.6
3439,24.0,,1,0.0,0,0,0,0,0,0.2
3440,0.0,0.0,1,0.0,0,0,0,0,0,0.1
3441,5.0,21.2179169571379,2,0.0,1,1,1,0,0,0.6
3442,13.5,16.263455967290593,1,0.0,0,0,0,0,0,0.3
3443,13.0,4.242640687119285,1,0.0,0,0,0,0,0,0.3
3444,18.0,20.940391591371924,1,0.0,1,1,1,0,0,0.6
3445,15.0,20.42873792805942,1,0.0,1,0,0,0,0,0.4
3446,25.5,10.606601717798213,1,0.0,0,0,0,0,0,0.3
3447,0.0,0.0,1,0.0,0,0,0,0,0,0.1
3448,7.0,,1,0.0,0,0,0,0,0,0.2
3449,0.0,0.0,1,0.0,0,0,0,0,0,0.1
3450,25.0,,1,0.0,0,0,0,0,0,0.2
3451,11.0,12.583057392117917,2,0.0,1,0,0,0,0,0.4
3452,45.0,30.105370506494907,1,0.0,1,0,0,0,0,0.4
3453,19.0,97.43780067304475,1,0.0,1,1,1,1,0,0.9
3454,25.0,20.199009876724155,1,0.0,1,1,1,0,0,0.6
3455,22.0,,1,0.0,0,0,0,0,0,0.2
3456,13.0,4.242640687119285,1,0.0,0,0,0,0,0,0.3
3457,15.0,13.64551208273255,1,0.0,1,1,1,0,0,0.6
3458,17.0,20.95232683975696,1,0.0,1,1,1,0,0,0.6
3459,60.0,27.784887978899608,1,0.0,1,0,0,0,0,0.4
3460,0.0,0.0,1,0.0,0,0,0,0,0,0.1
3461,0.0,0.0,1,0.0,0,0,0,0,0,0.1
3462,9.0,,1,0.0,0,0,0,0,0,0.2
3463,25.0,22.627416997969522,1,0.0,0,0,0,0,0,0.3
3464,13.0,,1,0.0,0,0,0,0,0,0.2
3465,49.0,31.11269837220809,1,0.0,0,0,0,0,0,0.3
3466,10.0,,1,0.0,0,0,0,0,0,0.2
3467,31.0,5.131601439446884,1,0.0,1,0,0,0,0,0.4
3468,20.0,17.008821240756223,1,0.0,1,1,1,0,0,0.6
3469,15.0,,1,0.0,0,0,0,0,0,0.2
3470,2.0,,1,0.0,0,0,0,0,0,0.2
3471,0.0,,2,0.0,0,0,0,0,0,0.2
3472,34.0,31.78574103797697,1,0.0,1,0,0,0,0,0.4
3473,34.0,14.14213562373095,1,0.0,0,0,0,0,0,0.3
3474,13.0,14.230249470757707,1,0.0,1,1,1,0,0,0.6
3475,12.5,3.5355339059327373,1,0.0,0,0,0,0,0,0.3
3476,0.0,0.0,1,0.0,0,0,0,0,0,0.1
3477,1.0,,1,0.0,0,0,0,0,0,0.2
3478,0.0,,2,0.0,0,0,0,0,0,0.2
3479,13.0,19.730686759461772,2,0.0,1,1,1,0,0,0.6
3480,5.0,,1,0.0,0,0,0,0,0,0.2
3481,11.0,,1,0.0,0,0,0,0,0,0.2
3482,9.0,64.21059102671458,2,0.0,1,0,0,0,0,0.4
3483,7.0,,1,0.0,0,0,0,0,0,0.2
3484,21.0,5.727128425310542,1,0.0,1,1,1,0,0,0.6
3485,26.0,,1,0.0,0,0,0,0,0,0.2
3486,4.0,,1,0.0,0,0,0,0,0,0.2
3487,56.0,21.385353243127255,1,0.0,1,0,0,0,0,0.4
3488,5.0,5.656854249492381,2,0.0,0,0,0,0,0,0.3
3489,49.0,43.034869582700026,1,0.0,1,0,0,0,0,0.4
3490,5.0,,1,0.0,0,0,0,0,0,0.2
3491,35.0,40.95119045888654,1,0.0,1,0,0,0,0,0.4
3492,10.0,,1,0.0,0,0,0,0,0,0.2
3493,49.5,28.991378028648448,1,0.0,0,0,0,0,0,0.3
3494,43.0,49.40985056983408,1,0.0,1,0,0,0,0,0.4
3495,0.0,0.0,1,0.0,0,0,0,0,0,0.1
3496,27.0,25.455844122715714,1,0.0,0,0,0,0,0,0.3
3497,1.0,,1,0.0,0,0,0,0,0,0.2
3498,0.0,0.0,1,0.0,0,0,0,0,0,0.1
3499,55.0,19.79898987322333,1,0.0,0,0,0,0,0,0.3
3500,0.0,0.0,1,0.0,0,0,0,0,0,0.1
3501,25.0,,1,0.0,0,0,0,0,0,0.2
3502,58.0,39.66106403010388,1,0.0,1,0,0,0,0,0.4
3503,0.0,0.0,1,0.0,0,0,0,0,0,0.1
3504,3.0,,1,0.0,0,0,0,0,0,0.2
3505,43.0,11.313708498984761,1,0.0,0,0,0,0,0,0.3
3506,10.0,,1,0.0,0,0,0,0,0,0.2
3507,0.0,0.0,1,0.0,0,0,0,0,0,0.1
3508,62.0,36.90979996333404,1,0.0,1,0,0,0,0,0.4
3509,5.5,6.3639610306789285,1,0.0,0,0,0,0,0,0.3
3510,52.0,53.163270528940686,1,0.0,1,0,0,0,0,0.4
3511,0.0,0.0,1,0.0,0,0,0,0,0,0.1
3512,43.0,16.97056274847714,1,0.0,0,0,0,0,0,0.3
3513,24.0,29.143323992525858,1,0.0,1,0,0,0,0,0.4
3514,24.5,46.84625308999033,1,1.0,1,1,1,0,0,0.9
3515,33.5,41.71930009000631,1,0.0,0,0,0,0,0,0.3
3516,12.0,,1,0.0,0,0,0,0,0,0.2
3517,0.0,0.0,1,0.0,0,0,0,0,0,0.1
3518,18.0,34.52535300326414,1,0.0,1,1,0,0,0,0.5
3519,31.0,26.512575632455377,1,0.0,1,1,0,0,0,0.5
3520,42.5,26.162950903902257,1,0.0,0,0,0,0,0,0.3
3521,30.5,31.81980515339464,1,0.0,0,0,0,0,0,0.3
3522,14.0,,1,0.0,0,0,0,0,0,0.2
3523,29.0,2.516611478423583,1,0.0,1,0,0,0,0,0.4
3524,29.0,24.0,1,0.0,1,0,0,0,0,0.4
3525,16.0,,1,0.0,0,0,0,0,0,0.2
3526,0.0,0.0,1,0.0,0,0,0,0,0,0.1
3527,4.0,41.58124577258358,1,0.0,1,0,0,0,0,0.4
3528,21.0,,1,0.0,0,0,0,0,0,0.2
3529,15.0,38.17503547258775,1,0.0,1,0,0,0,0,0.4
3530,24.0,31.11269837220809,1,0.0,0,0,0,0,0,0.3
3531,10.0,,1,0.0,0,0,0,0,0,0.2
3532,22.0,38.816233717350784,1,0.0,1,1,1,0,0,0.6
3533,33.0,45.883911486852696,1,0.0,1,0,0,0,0,0.4
3534,0.0,0.0,1,0.0,0,0,0,0,0,0.1
3535,18.0,14.14213562373095,1,0.0,0,0,0,0,0,0.3
3536,30.0,45.136459763698795,1,0.0,1,1,1,0,0,0.6
3537,9.0,39.949968710876355,1,0.0,1,0,0,0,0,0.4
3538,33.5,41.71930009000631,1,0.0,0,0,0,0,0,0.3
3539,36.5,20.506096654409877,1,0.0,0,0,0,0,0,0.3
3540,29.0,27.417147918775214,1,0.0,1,1,1,0,0,0.6
3541,18.0,,1,0.0,0,0,0,0,0,0.2
3542,12.0,24.02082429892863,1,0.0,1,0,0,0,0,0.4
3543,0.0,0.0,1,0.0,0,0,0,0,0,0.1
3544,31.0,,1,0.0,0,0,0,0,0,0.2
3545,9.5,6.3639610306789285,1,0.0,0,0,0,0,0,0.3
3546,9.5,9.192388155425117,1,0.0,0,0,0,0,0,0.3
3547,61.0,32.516662395352526,1,0.0,1,0,0,0,0,0.4
3548,0.0,0.0,1,0.0,0,0,0,0,0,0.1
3549,55.0,15.947831618540915,1,0.0,1,0,0,0,0,0.4
3550,71.0,38.57460304397182,1,0.0,1,0,0,0,0,0.4
3551,38.0,23.638950907347812,1,0.0,1,1,1,0,0,0.6
3552,46.0,31.24099870362662,1,0.0,1,1,1,0,0,0.6
3553,0.0,0.0,1,0.0,0,0,0,0,0,0.1
3554,5.0,,1,0.0,0,0,0,0,0,0.2
3555,27.0,13.576941236277534,1,0.0,1,0,0,0,0,0.4
3556,26.0,28.2842712474619,1,0.0,0,0,0,0,0,0.3
3557,0.0,0.0,1,0.0,0,0,0,0,0,0.1
3558,2.0,,1,0.0,0,0,0,0,0,0.2
3559,70.0,30.347981810987037,1,0.0,1,0,0,0,0,0.4
3560,27.0,79.05140732460112,1,0.0,1,1,1,1,0,0.9
3561,30.0,52.306787322488084,1,0.0,1,0,0,0,0,0.4
3562,8.0,,1,0.0,0,0,0,0,0,0.2
3563,59.0,37.63420430052073,1,0.0,1,0,0,0,0,0.4
3564,50.5,45.58142896692321,1,0.0,1,1,0,0,0,0.5
3565,10.5,6.3639610306789285,1,0.0,0,0,0,0,0,0.3
3566,12.0,56.32347053700911,2,0.0,1,0,0,0,0,0.4
3567,40.0,44.09459528483433,1,0.0,1,0,0,0,0,0.4
3568,17.0,,1,0.0,0,0,0,0,0,0.2
3569,0.0,0.0,1,0.0,0,0,0,0,0,0.1
3570,0.0,0.0,1,0.0,0,0,0,0,0,0.1
3571,0.0,0.0,1,0.0,0,0,0,0,0,0.1
3572,33.5,24.748737341529164,1,0.0,0,0,0,0,0,0.3
3573,28.5,16.263455967290593,1,0.0,0,0,0,0,0,0.3
3574,16.0,,1,0.0,0,0,0,0,0,0.2
3575,12.0,,1,0.0,0,0,0,0,0,0.2
3576,38.5,20.506096654409877,1,0.0,0,0,0,0,0,0.3
3577,5.0,,1,0.0,0,0,0,0,0,0.2
3578,0.0,0.0,1,0.0,0,0,0,0,0,0.1
3579,13.0,,1,0.0,0,0,0,0,0,0.2
3580,24.0,4.242640687119285,1,0.0,0,0,0,0,0,0.3
3581,0.0,0.0,1,0.0,0,0,0,0,0,0.1
3582,9.5,7.7781745930520225,1,0.0,0,0,0,0,0,0.3
3583,32.0,,1,0.0,0,0,0,0,0,0.2
3584,14.0,,1,0.0,0,0,0,0,0,0.2
3585,24.5,4.949747468305833,1,0.0,0,0,0,0,0,0.3
3586,46.0,33.605555096342826,1,0.0,1,0,0,0,0,0.4
3587,10.0,,1,0.0,0,0,0,0,0,0.2
3588,0.0,0.0,1,0.0,0,0,0,0,0,0.1
3589,21.0,,1,0.0,0,0,0,0,0,0.2
3590,17.0,,1,0.0,0,0,0,0,0,0.2
3591,26.0,35.306818443063214,1,0.0,1,1,1,1,0,0.9
3592,18.5,14.849242404917497,1,0.0,0,0,0,0,0,0.3
3593,12.0,,1,0.0,0,0,0,0,0,0.2
3594,12.0,,1,0.0,0,0,0,0,0,0.2
3595,14.0,,1,0.0,0,0,0,0,0,0.2
3596,17.0,27.790885796126275,1,0.0,1,0,0,0,0,0.4
3597,5.0,,1,0.0,0,0,0,0,0,0.2
3598,38.5,16.263455967290593,1,0.0,0,0,0,0,0,0.3
3599,58.0,45.54484969053398,1,0.0,1,0,0,0,0,0.4
3600,20.5,16.263455967290593,1,0.0,0,0,0,0,0,0.3
3601,11.0,60.384876693865436,1,0.0,1,0,0,0,0,0.4
3602,13.5,4.949747468305833,1,0.0,0,0,0,0,0,0.3
3603,9.0,43.40506882842141,1,0.0,1,0,0,0,0,0.4
3604,13.0,,1,0.0,0,0,0,0,0,0.2
3605,31.5,0.7071067811865476,1,0.0,0,0,0,0,0,0.3
3606,23.0,,1,0.0,0,0,0,0,0,0.2
3607,15.0,,1,0.0,0,0,0,0,0,0.2
3608,14.0,,1,0.0,0,0,0,0,0,0.2
3609,31.0,,1,0.0,0,0,0,0,0,0.2
3610,0.0,0.0,1,0.0,0,0,0,0,0,0.1
3611,12.0,12.727922061357857,1,0.0,0,0,0,0,0,0.3
3612,5.0,,1,0.0,0,0,0,0,0,0.2
3613,6.0,,1,0.0,0,0,0,0,0,0.2
3614,1.0,,1,0.0,0,0,0,0,0,0.2
3615,36.0,,1,0.0,0,0,0,0,0,0.2
3616,0.0,0.0,1,0.0,0,0,0,0,0,0.1
3617,20.0,23.428970670233607,1,0.0,1,1,0,0,0,0.5
3618,0.0,0.0,1,0.0,0,0,0,0,0,0.1
3619,32.0,21.892921230388602,1,0.0,1,1,1,0,0,0.6
3620,21.0,,1,0.0,0,0,0,0,0,0.2
3621,23.0,32.47746471456345,1,1.0,1,1,1,0,0,0.9
3622,53.5,12.020815280171309,1,0.0,0,0,0,0,0,0.3
3623,5.0,32.38363784382477,1,0.0,1,1,1,0,0,0.6
3624,22.0,105.3168688156976,1,1.0,1,1,1,0,0,0.9
3625,27.5,14.849242404917497,1,0.0,0,0,0,0,0,0.3
3626,33.5,36.815903007881175,1,1.0,1,1,1,0,0,0.9
3627,0.0,0.0,1,0.0,0,0,0,0,0,0.1
3628,13.0,15.98436736314578,1,0.0,1,1,1,0,0,0.6
3629,19.5,9.192388155425117,1,0.0,0,0,0,0,0,0.3
3630,0.0,0.0,1,0.0,0,0,0,0,0,0.1
3631,15.0,12.50333288900737,1,0.0,1,0,0,0,0,0.4
3632,43.0,39.200765298652016,1,0.0,1,1,1,0,0,0.6
3633,13.0,42.87540087276153,1,0.0,1,1,1,0,0,0.6
3634,31.0,31.11269837220809,1,0.0,0,0,0,0,0,0.3
3635,23.0,22.627416997969522,1,0.0,0,0,0,0,0,0.3
3636,47.0,15.706686474237651,1,0.0,1,1,1,0,0,0.6
3637,32.0,39.05124837953327,1,0.0,1,0,0,0,0,0.4
3638,19.0,,1,0.0,0,0,0,0,0,0.2
3639,11.5,6.3639610306789285,1,0.0,0,0,0,0,0,0.3
3640,25.0,,1,0.0,0,0,0,0,0,0.2
3641,9.0,,1,0.0,0,0,0,0,0,0.2
3642,0.0,0.0,1,0.0,0,0,0,0,0,0.1
3643,25.5,25.25866188063018,1,0.0,1,1,0,0,0,0.5
3644,17.0,,1,0.0,0,0,0,0,0,0.2
3645,44.0,45.2990066116245,1,0.0,1,0,0,0,0,0.4
3646,27.0,,1,0.0,0,0,0,0,0,0.2
3647,0.0,0.0,1,0.0,0,0,0,0,0,0.1
3648,41.0,,1,0.0,0,0,0,0,0,0.2
3649,0.0,0.0,1,0.0,0,0,0,0,0,0.1
3650,40.0,26.870057685088806,1,0.0,0,0,0,0,0,0.3
3651,0.0,0.0,1,0.0,0,0,0,0,0,0.1
3652,0.0,0.0,1,0.0,0,0,0,0,0,0.1
3653,43.0,40.65341314084218,1,0.0,1,1,1,0,0,0.6
3654,15.5,14.849242404917497,1,0.0,0,0,0,0,0,0.3
3655,14.5,0.7071067811865476,1,0.0,0,0,0,0,0,0.3
3656,22.0,94.94961069656142,2,1.0,1,1,1,0,0,0.9
3657,19.0,,1,0.0,0,0,0,0,0,0.2
3658,18.0,13.450526631573451,1,0.0,1,1,0,0,0,0.5
3659,13.0,,1,0.0,0,0,0,0,0,0.2
3660,24.0,7.071067811865475,1,0.0,0,0,0,0,0,0.3
3661,48.0,6.658328118479393,1,0.0,1,0,0,0,0,0.4
3662,33.0,,1,0.0,0,0,0,0,0,0.2
3663,0.0,0.0,1,0.0,0,0,0,0,0,0.1
3664,20.5,13.435028842544403,1,0.0,0,0,0,0,0,0.3
3665,39.0,,1,0.0,0,0,0,0,0,0.2
3666,29.0,35.35533905932738,1,0.0,0,0,0,0,0,0.3
3667,25.0,12.509996003196804,1,0.0,1,1,1,0,0,0.6
3668,40.0,7.071067811865475,1,0.0,0,0,0,0,0,0.3
3669,31.0,41.02682049586587,1,0.0,1,1,1,0,0,0.6
3670,35.5,48.79036790187178,2,0.0,0,0,0,0,0,0.3
3671,2.0,,1,0.0,0,0,0,0,0,0.2
3672,15.0,,1,0.0,0,0,0,0,0,0.2
3673,2.0,,1,0.0,0,0,0,0,0,0.2
3674,22.0,30.237945256470937,1,0.0,1,0,0,0,0,0.4
3675,34.0,,1,0.0,0,0,0,0,0,0.2
3676,0.0,0.0,1,0.0,0,0,0,0,0,0.1
3677,0.0,0.0,1,0.0,0,0,0,0,0,0.1
3678,8.0,5.656854249492381,1,0.0,0,0,0,0,0,0.3
3679,39.0,,1,0.0,0,0,0,0,0,0.2
3680,8.0,,1,0.0,0,0,0,0,0,0.2
3681,38.0,38.32362195826486,1,0.0,1,1,1,0,0,0.6
3682,4.0,,1,0.0,0,0,0,0,0,0.2
3683,7.0,,1,0.0,0,0,0,0,0,0.2
3684,17.0,,1,0.0,0,0,0,0,0,0.2
3685,18.0,41.75284421449633,1,0.0,1,1,1,0,0,0.6
3686,22.0,,1,0.0,0,0,0,0,0,0.2
3687,24.5,103.46566027983805,1,0.0,1,1,1,1,0,0.9
3688,47.0,47.521924764610844,1,0.0,1,0,0,0,0,0.4
3689,7.0,22.40535650240808,2,0.0,1,1,1,0,0,0.6
3690,0.0,0.0,1,0.0,0,0,0,0,0,0.1
3691,42.0,21.20141504711419,1,0.0,1,1,1,0,0,0.6
3692,11.5,3.5355339059327373,1,0.0,0,0,0,0,0,0.3
3693,39.0,22.873565528793275,1,0.0,1,1,1,0,0,0.6
3694,0.0,0.0,1,0.0,0,0,0,0,0,0.1
3695,29.0,,1,0.0,0,0,0,0,0,0.2
3696,29.0,,1,0.0,0,0,0,0,0,0.2
3697,20.0,1.4142135623730951,1,0.0,0,0,0,0,0,0.3
3698,24.0,40.08989897717379,1,0.0,1,1,1,0,0,0.6
3699,25.0,18.447222013083707,1,0.0,1,1,1,0,0,0.6
3700,22.5,12.020815280171309,1,0.0,0,0,0,0,0,0.3
3701,0.0,0.0,1,0.0,0,0,0,0,0,0.1
3702,10.0,37.05806255054357,1,0.0,1,1,1,0,0,0.6
3703,36.0,16.592166826548002,1,0.0,1,1,1,0,0,0.6
3704,0.0,0.0,1,0.0,0,0,0,0,0,0.1
3705,39.0,18.3983694929741,1,0.0,1,1,1,0,0,0.6
3706,1.0,,1,0.0,0,0,0,0,0,0.2
3707,33.0,33.94112549695428,1,0.0,0,0,0,0,0,0.3
3708,12.0,,1,0.0,0,0,0,0,0,0.2
3709,27.0,,1,0.0,0,0,0,0,0,0.2
3710,0.0,0.0,1,0.0,0,0,0,0,0,0.1
3711,19.0,44.44820420605153,1,1.0,1,1,1,0,0,0.9
3712,6.0,,1,0.0,0,0,0,0,0,0.2
3713,0.0,0.0,1,0.0,0,0,0,0,0,0.1
3714,17.0,,1,0.0,0,0,0,0,0,0.2
3715,0.0,0.0,1,0.0,0,0,0,0,0,0.1
3716,36.0,33.94112549695428,1,0.0,0,0,0,0,0,0.3
3717,47.0,35.35533905932738,1,0.0,0,0,0,0,0,0.3
3718,0.0,0.0,1,0.0,0,0,0,0,0,0.1
3719,10.0,58.705479585242585,1,0.0,1,0,0,0,0,0.4
3720,1.0,,1,0.0,0,0,0,0,0,0.2
3721,1.0,,2,0.0,0,0,0,0,0,0.2
3722,0.0,0.0,1,0.0,0,0,0,0,0,0.1
3723,14.0,25.34363825499409,1,0.0,1,1,1,0,0,0.6
3724,25.0,34.7951145996101,1,0.0,1,1,1,0,0,0.6
3725,14.0,,1,0.0,0,0,0,0,0,0.2
3726,0.0,0.0,1,0.0,0,0,0,0,0,0.1
3727,33.5,34.85685011586675,1,0.0,1,1,0,0,0,0.5
3728,36.0,37.90514476954283,1,0.0,1,1,1,0,0,0.6
3729,23.0,,1,0.0,0,0,0,0,0,0.2
3730,14.0,17.435595774162696,1,0.0,1,0,0,0,0,0.4
3731,6.0,,1,0.0,0,0,0,0,0,0.2
3732,43.0,34.044089061098404,1,0.0,1,0,0,0,0,0.4
3733,12.0,45.785732857881975,1,0.0,1,0,0,0,0,0.4
3734,10.0,18.47971861257633,1,0.0,1,1,1,0,0,0.6
3735,3.0,,1,0.0,0,0,0,0,0,0.2
3736,17.0,7.094598884597588,1,0.0,1,0,0,0,0,0.4
3737,8.0,,1,0.0,0,0,0,0,0,0.2
3738,44.0,27.392213005402343,1,0.0,1,0,0,0,0,0.4
3739,24.5,2.1213203435596424,1,0.0,0,0,0,0,0,0.3
3740,10.0,,1,0.0,0,0,0,0,0,0.2
3741,9.5,10.606601717798213,1,0.0,0,0,0,0,0,0.3
3742,65.0,42.883563284783136,1,0.0,1,0,0,0,0,0.4
3743,7.0,28.687976575562107,1,0.0,1,0,0,0,0,0.4
3744,15.5,6.3639610306789285,1,0.0,0,0,0,0,0,0.3
3745,10.0,,1,0.0,0,0,0,0,0,0.2
3746,44.0,51.86842327788009,1,0.0,1,0,0,0,0,0.4
3747,40.0,26.286878856189833,1,0.0,1,0,0,0,0,0.4
3748,14.0,,1,0.0,0,0,0,0,0,0.2
3749,20.0,33.85754470326124,1,0.0,1,0,0,0,0,0.4
3750,0.0,0.0,1,0.0,0,0,0,0,0,0.1
3751,29.5,10.606601717798213,1,0.0,0,0,0,0,0,0.3
3752,46.0,47.752835866923476,1,0.0,1,0,0,0,0,0.4
3753,41.5,17.67766952966369,1,0.0,0,0,0,0,0,0.3
3754,41.0,13.503086067019396,1,0.0,1,0,0,0,0,0.4
3755,62.0,25.238858928247925,1,0.0,1,0,0,0,0,0.4
3756,15.0,51.675268101223566,1,0.0,1,0,0,0,0,0.4
3757,30.0,10.606601717798213,1,0.0,1,1,1,0,0,0.6
3758,0.0,0.0,1,0.0,0,0,0,0,0,0.1
3759,32.5,37.06300941190106,1,0.0,1,1,0,0,0,0.5
3760,25.0,30.789608636681304,1,0.0,1,0,0,0,0,0.4
3761,18.0,,1,0.0,0,0,0,0,0,0.2
3762,31.0,49.92327446525651,1,0.0,1,0,0,0,0,0.4
3763,31.5,43.1335136523794,1,0.0,0,0,0,0,0,0.3
3764,17.5,12.020815280171309,1,0.0,0,0,0,0,0,0.3
3765,9.0,,1,0.0,0,0,0,0,0,0.2
3766,0.0,0.0,1,0.0,0,0,0,0,0,0.1
3767,10.0,8.48528137423857,1,0.0,0,0,0,0,0,0.3
3768,52.0,19.73153144926499,1,0.0,1,0,0,0,0,0.4
3769,29.0,22.230609528305788,1,0.0,1,1,1,0,0,0.6
3770,16.5,50.68037095365423,1,0.0,1,1,1,1,0,0.9
3771,54.0,35.04283093587046,1,0.0,1,0,0,0,0,0.4
3772,1.0,,2,0.0,0,0,0,0,0,0.2
3773,0.0,0.0,1,0.0,0,0,0,0,0,0.1
3774,1.0,,1,0.0,0,0,0,0,0,0.2
3775,37.0,,1,0.0,0,0,0,0,0,0.2
3776,0.0,0.0,1,0.0,0,0,0,0,0,0.1
3777,26.5,30.405591591021544,1,0.0,0,0,0,0,0,0.3
3778,14.0,,1,0.0,0,0,0,0,0,0.2
3779,0.0,0.0,1,0.0,0,0,0,0,0,0.1
3780,33.5,16.263455967290593,1,0.0,0,0,0,0,0,0.3
3781,0.0,0.0,1,0.0,0,0,0,0,0,0.1
3782,31.0,70.24231020444262,1,1.0,1,1,1,0,0,0.9
3783,40.0,,1,0.0,0,0,0,0,0,0.2
3784,0.0,0.0,1,0.0,0,0,0,0,0,0.1
3785,18.0,,1,0.0,0,0,0,0,0,0.2
3786,41.0,40.631473843151035,1,0.0,1,1,0,0,0,0.5
3787,9.0,4.242640687119285,1,0.0,0,0,0,0,0,0.3
3788,3.0,,1,0.0,0,0,0,0,0,0.2
3789,17.0,22.627416997969522,1,0.0,0,0,0,0,0,0.3
3790,32.5,36.062445840513924,1,0.0,0,0,0,0,0,0.3
3791,0.0,0.0,1,0.0,0,0,0,0,0,0.1
3792,0.0,0.0,1,0.0,0,0,0,0,0,0.1
3793,14.0,,1,0.0,0,0,0,0,0,0.2
3794,32.5,14.849242404917497,1,0.0,0,0,0,0,0,0.3
3795,0.0,0.0,1,0.0,0,0,0,0,0,0.1
3796,16.0,,1,0.0,0,0,0,0,0,0.2
3797,13.0,46.836595378685104,1,0.0,1,1,0,0,0,0.5
3798,30.0,,1,0.0,0,0,0,0,0,0.2
3799,19.0,42.77070648625451,1,0.0,1,0,0,0,0,0.4
3800,34.0,24.041630560342618,1,0.0,0,0,0,0,0,0.3
3801,30.0,4.242640687119285,1,0.0,0,0,0,0,0,0.3
3802,43.0,84.52715117472188,1,0.0,1,1,1,1,0,0.9
3803,29.0,22.715633383201094,1,0.0,1,0,0,0,0,0.4
3804,0.0,0.0,1,0.0,0,0,0,0,0,0.1
3805,28.0,17.501428513124292,1,0.0,1,1,1,0,0,0.6
3806,53.5,26.162950903902257,1,0.0,0,0,0,0,0,0.3
3807,40.5,25.48855952514121,1,0.0,1,1,0,0,0,0.5
3808,28.0,,1,0.0,0,0,0,0,0,0.2
3809,33.0,,1,0.0,0,0,0,0,0,0.2
3810,5.5,0.7071067811865476,1,0.0,0,0,0,0,0,0.3
3811,0.0,0.0,1,0.0,0,0,0,0,0,0.1
3812,29.0,28.21347195933177,1,0.0,1,1,1,0,0,0.6
3813,0.0,0.0,1,0.0,0,0,0,0,0,0.1
3814,25.5,44.11632350955823,1,0.0,1,1,0,0,0,0.5
3815,30.0,22.722969289539016,1,0.0,1,0,0,0,0,0.4
3816,16.5,39.04271165446034,1,0.0,1,1,0,0,0,0.5
3817,45.5,37.476659402887016,1,0.0,0,0,0,0,0,0.3
3818,32.0,16.65332799572906,1,0.0,1,0,0,0,0,0.4
3819,48.0,32.516662395352526,1,0.0,1,0,0,0,0,0.4
3820,0.0,0.0,1,0.0,0,0,0,0,0,0.1
3821,0.0,0.0,1,0.0,0,0,0,0,0,0.1
3822,11.0,7.071067811865475,1,0.0,0,0,0,0,0,0.3
3823,32.0,,1,0.0,0,0,0,0,0,0.2
3824,0.0,0.0,1,0.0,0,0,0,0,0,0.1
3825,31.0,42.42640687119285,1,0.0,0,0,0,0,0,0.3
3826,44.5,17.67766952966369,1,0.0,0,0,0,0,0,0.3
3827,7.0,,1,0.0,0,0,0,0,0,0.2
3828,33.5,7.7781745930520225,1,0.0,0,0,0,0,0,0.3
3829,19.0,,1,0.0,0,0,0,0,0,0.2
3830,32.0,32.526911934581186,1,0.0,0,0,0,0,0,0.3
3831,29.5,24.748737341529164,1,0.0,0,0,0,0,0,0.3
3832,14.0,,1,0.0,0,0,0,0,0,0.2
3833,30.0,,1,0.0,0,0,0,0,0,0.2
3834,0.0,0.0,1,0.0,0,0,0,0,0,0.1
3835,39.0,26.159765544311234,1,0.0,1,0,0,0,0,0.4
3836,35.0,33.94112549695428,1,0.0,0,0,0,0,0,0.3
3837,34.0,52.48174285723878,2,0.0,1,0,0,0,0,0.4
3838,32.0,15.78923684032892,1,0.0,1,1,1,0,0,0.6
3839,28.0,32.526911934581186,1,0.0,0,0,0,0,0,0.3
3840,52.0,39.153543900903784,1,0.0,1,0,0,0,0,0.4
3841,42.5,41.71930009000631,1,0.0,0,0,0,0,0,0.3
3842,27.0,5.2915026221291805,1,0.0,1,0,0,0,0,0.4
3843,33.0,50.586559479766954,1,0.0,1,0,0,0,0,0.4
3844,15.5,19.09188309203678,1,0.0,0,0,0,0,0,0.3
3845,42.0,14.106735979665885,1,0.0,1,0,0,0,0,0.4
3846,17.0,7.071067811865475,1,0.0,0,0,0,0,0,0.3
3847,10.5,7.7781745930520225,1,0.0,0,0,0,0,0,0.3
3848,13.0,57.23635208501674,1,0.0,1,0,0,0,0,0.4
3849,22.5,14.861263164924537,1,1.0,1,1,1,0,0,0.9
3850,0.0,0.0,1,0.0,0,0,0,0,0,0.1
3851,39.0,,1,0.0,0,0,0,0,0,0.2
3852,5.0,50.23942674832188,1,0.0,1,0,0,0,0,0.4
3853,11.0,14.14213562373095,1,0.0,0,0,0,0,0,0.3
3854,0.0,0.0,1,0.0,0,0,0,0,0,0.1
3855,34.0,46.16275555033516,1,0.0,1,0,0,0,0,0.4
3856,28.0,27.51363298439521,1,0.0,1,0,0,0,0,0.4
3857,45.0,41.621308645131926,1,0.0,1,0,0,0,0,0.4
3858,9.0,2.8284271247461903,1,0.0,0,0,0,0,0,0.3
3859,39.5,27.577164466275352,1,0.0,0,0,0,0,0,0.3
3860,8.0,,1,0.0,0,0,0,0,0,0.2
3861,0.0,0.0,1,0.0,0,0,0,0,0,0.1
3862,0.0,0.0,1,0.0,0,0,0,0,0,0.1
3863,0.0,0.0,1,0.0,0,0,0,0,0,0.1
3864,21.0,7.071067811865475,1,0.0,0,0,0,0,0,0.3
3865,8.0,0.0,1,0.0,0,0,0,0,0,0.3
3866,26.5,27.577164466275352,1,0.0,0,0,0,0,0,0.3
3867,63.0,43.13930922024598,1,0.0,1,0,0,0,0,0.4
3868,35.0,39.59797974644666,1,0.0,0,0,0,0,0,0.3
3869,0.0,0.0,1,0.0,0,0,0,0,0,0.1
3870,19.5,36.04758759513001,1,1.0,1,1,1,0,0,0.9
3871,25.5,26.221810260417442,1,0.0,1,1,0,0,0,0.5
3872,52.5,23.33452377915607,1,0.0,0,0,0,0,0,0.3
3873,23.0,10.663020210053059,1,0.0,1,1,1,0,0,0.6
3874,0.0,0.0,1,0.0,0,0,0,0,0,0.1
3875,23.0,,1,0.0,0,0,0,0,0,0.2
3876,0.0,0.0,1,0.0,0,0,0,0,0,0.1
3877,4.0,,1,0.0,0,0,0,0,0,0.2
3878,3.0,,1,0.0,0,0,0,0,0,0.2
3879,18.0,12.727922061357857,1,0.0,0,0,0,0,0,0.3
3880,0.0,0.0,1,0.0,0,0,0,0,0,0.1
3881,38.0,22.188585654190156,1,0.0,1,0,0,0,0,0.4
3882,13.0,,1,0.0,0,0,0,0,0,0.2
3883,35.0,34.85398112124352,1,0.0,1,1,1,0,0,0.6
3884,33.0,12.780193008453876,1,0.0,1,1,0,0,0,0.5
3885,21.0,20.132891827388665,1,0.0,1,0,0,0,0,0.4
3886,25.0,14.329456840136451,1,0.0,1,1,0,0,0,0.5
3887,7.0,,1,0.0,0,0,0,0,0,0.2
3888,14.0,,1,0.0,0,0,0,0,0,0.2
3889,0.0,0.0,1,0.0,0,0,0,0,0,0.1
3890,6.0,,1,0.0,0,0,0,0,0,0.2
3891,16.0,,1,0.0,0,0,0,0,0,0.2
3892,0.0,0.0,1,0.0,0,0,0,0,0,0.1
3893,36.0,42.15843134336634,1,0.0,1,0,0,0,0,0.4
3894,49.0,34.55912807542073,1,0.0,1,0,0,0,0,0.4
3895,23.0,28.2842712474619,1,0.0,0,0,0,0,0,0.3
3896,23.0,,1,0.0,0,0,0,0,0,0.2
3897,35.0,21.197484127446195,1,0.0,1,0,0,0,0,0.4
3898,0.0,0.0,1,0.0,0,0,0,0,0,0.1
3899,30.5,33.23401871576773,1,0.0,0,0,0,0,0,0.3
3900,0.0,0.0,1,0.0,0,0,0,0,0,0.1
3901,42.5,35.35887441647429,1,0.0,1,1,0,0,0,0.5
3902,53.0,40.55757224818402,1,0.0,1,1,0,0,0,0.5
3903,9.5,7.7781745930520225,1,0.0,0,0,0,0,0,0.3
3904,13.0,,1,0.0,0,0,0,0,0,0.2
3905,11.0,12.727922061357857,1,0.0,0,0,0,0,0,0.3
3906,21.0,47.261682859020866,1,0.0,1,1,0,0,0,0.5
3907,39.0,8.48528137423857,1,0.0,0,0,0,0,0,0.3
3908,18.0,27.079512551004314,1,0.0,1,1,1,0,0,0.6
3909,0.0,0.0,1,0.0,0,0,0,0,0,0.1
3910,27.0,7.211102550927978,1,0.0,1,1,1,0,0,0.6
3911,43.0,48.569537778323564,1,0.0,1,0,0,0,0,0.4
3912,25.5,20.04993765576342,1,0.0,1,1,0,0,0,0.5
3913,31.5,10.606601717798213,1,0.0,0,0,0,0,0,0.3
3914,30.0,37.242448899072144,1,0.0,1,0,0,0,0,0.4
3915,28.0,31.11269837220809,1,0.0,0,0,0,0,0,0.3
3916,22.5,62.08620159561566,1,0.0,1,1,1,1,0,0.9
3917,13.0,22.485180304665857,1,0.0,1,1,0,0,0,0.5
3918,13.0,,1,0.0,0,0,0,0,0,0.2
3919,48.0,26.286878856189833,1,0.0,1,0,0,0,0,0.4
3920,8.0,20.21880312976018,1,0.0,1,1,1,0,0,0.6
3921,0.0,0.0,1,0.0,0,0,0,0,0,0.1
3922,10.0,7.071067811865475,1,0.0,0,0,0,0,0,0.3
3923,10.0,,1,0.0,0,0,0,0,0,0.2
3924,6.5,3.5355339059327373,1,0.0,0,0,0,0,0,0.3
3925,25.0,,1,0.0,0,0,0,0,0,0.2
3926,21.0,,1,0.0,0,0,0,0,0,0.2
3927,24.0,16.97056274847714,1,0.0,0,0,0,0,0,0.3
3928,10.0,,1,0.0,0,0,0,0,0,0.2
3929,26.5,78.62024457569983,1,0.0,1,1,1,1,0,0.9
3930,12.5,17.67766952966369,2,0.0,0,0,0,0,0,0.3
3931,34.0,21.77919496522618,1,0.0,1,0,0,0,0,0.4
3932,0.0,0.0,1,0.0,0,0,0,0,0,0.1
3933,22.0,28.8704000665041,1,0.0,1,1,1,0,0,0.6
3934,17.0,,1,0.0,0,0,0,0,0,0.2
3935,0.0,0.0,1,0.0,0,0,0,0,0,0.1
3936,8.5,3.5355339059327373,1,0.0,0,0,0,0,0,0.3
3937,19.5,62.76031503153201,1,1.0,1,1,1,0,0,0.9
3938,31.5,109.69039220851178,1,0.0,1,1,1,1,0,0.9
3939,29.5,27.577164466275352,1,0.0,0,0,0,0,0,0.3
3940,28.0,0.0,1,0.0,0,0,0,0,0,0.3
3941,24.0,35.10460558578224,1,0.0,1,0,0,0,0,0.4
3942,23.0,57.087651904768336,1,0.0,1,0,0,0,0,0.4
3943,12.0,39.62743157628732,1,0.0,1,0,0,0,0,0.4
3944,14.0,,1,0.0,0,0,0,0,0,0.2
3945,16.0,19.309046732407214,2,0.0,1,1,1,1,0,0.9
3946,40.5,43.1335136523794,1,0.0,0,0,0,0,0,0.3
3947,18.0,2.8284271247461903,1,0.0,0,0,0,0,0,0.3
3948,6.5,7.7781745930520225,1,0.0,0,0,0,0,0,0.3
3949,0.0,0.0,1,0.0,0,0,0,0,0,0.1
3950,34.0,8.48528137423857,1,0.0,0,0,0,0,0,0.3
3951,13.0,60.500688701314246,1,0.0,1,0,0,0,0,0.4
3952,0.0,0.0,1,0.0,0,0,0,0,0,0.1
3953,9.0,7.071067811865475,1,0.0,0,0,0,0,0,0.3
3954,18.0,40.46809442840948,1,0.0,1,1,0,0,0,0.5
3955,36.5,3.5355339059327373,1,0.0,0,0,0,0,0,0.3
3956,38.0,12.489995996796797,1,0.0,1,0,0,0,0,0.4
3957,8.5,9.192388155425117,1,0.0,0,0,0,0,0,0.3
3958,7.0,,1,0.0,0,0,0,0,0,0.2
3959,26.0,19.79898987322333,1,0.0,0,0,0,0,0,0.3
3960,34.0,17.137677789012137,1,0.0,1,1,1,0,0,0.6
3961,22.5,20.506096654409877,1,0.0,0,0,0,0,0,0.3
3962,16.0,,1,0.0,0,0,0,0,0,0.2
3963,34.5,4.949747468305833,1,0.0,0,0,0,0,0,0.3
3964,24.0,,1,0.0,0,0,0,0,0,0.2
3965,29.5,13.241349377360802,1,0.0,1,1,0,0,0,0.5
3966,0.0,0.0,1,0.0,0,0,0,0,0,0.1
3967,41.0,37.06300941190106,1,0.0,1,1,0,0,0,0.5
3968,29.0,,1,0.0,0,0,0,0,0,0.2
3969,34.0,12.288205727444508,1,0.0,1,0,0,0,0,0.4
3970,0.0,,2,0.0,0,0,0,0,0,0.2
3971,0.0,0.0,1,0.0,0,0,0,0,0,0.1
3972,8.5,98.62401547580299,1,0.0,1,1,1,1,0,0.9
3973,15.0,34.81809874188997,1,0.0,1,1,1,0,0,0.6
3974,58.0,53.594153910042586,1,0.0,1,0,0,0,0,0.4
3975,37.0,33.17127271199182,1,0.0,1,0,0,0,0,0.4
3976,14.0,49.44019956809776,1,0.0,1,0,0,0,0,0.4
3977,51.5,24.748737341529164,1,0.0,0,0,0,0,0,0.3
3978,25.5,62.21563882405866,2,1.0,1,1,1,0,0,0.9
3979,0.0,0.0,1,0.0,0,0,0,0,0,0.1
3980,28.0,42.571508469084506,1,0.0,1,0,0,0,0,0.4
3981,5.0,24.00694344004112,1,0.0,1,0,0,0,0,0.4
3982,27.5,30.405591591021544,1,0.0,0,0,0,0,0,0.3
3983,44.0,43.726422218150894,1,0.0,1,1,0,0,0,0.5
3984,18.0,18.384776310850235,1,0.0,0,0,0,0,0,0.3
3985,10.5,6.3639610306789285,1,0.0,0,0,0,0,0,0.3
3986,27.0,24.041630560342618,1,0.0,0,0,0,0,0,0.3
3987,16.0,24.826061575153908,1,0.0,1,0,0,0,0,0.4
3988,10.0,,1,0.0,0,0,0,0,0,0.2
3989,24.0,9.018499505645789,1,0.0,1,0,0,0,0,0.4
3990,0.0,0.0,1,0.0,0,0,0,0,0,0.1
3991,8.0,,1,0.0,0,0,0,0,0,0.2
3992,34.0,1.5275252316519465,1,0.0,1,0,0,0,0,0.4
3993,14.0,16.97056274847714,1,0.0,0,0,0,0,0,0.3
3994,45.0,31.11269837220809,1,0.0,0,0,0,0,0,0.3
3995,40.0,41.32795663954365,1,0.0,1,0,0,0,0,0.4
3996,24.5,2.1213203435596424,1,0.0,0,0,0,0,0,0.3
3997,14.0,35.220732530712645,1,0.0,1,1,1,0,0,0.6
3998,46.0,22.627416997969522,1,0.0,0,0,0,0,0,0.3
3999,0.0,0.0,1,0.0,0,0,0,0,0,0.1
4000,29.0,9.899494936611665,1,0.0,0,0,0,0,0,0.3
4001,30.0,,1,0.0,0,0,0,0,0,0.2
4002,31.0,24.879710609249457,1,0.0,1,0,0,0,0,0.4
4003,22.0,48.387326164330815,1,0.0,1,0,0,0,0,0.4
4004,38.0,40.27033647736259,1,0.0,1,1,1,0,0,0.6
4005,27.0,25.455844122715714,1,0.0,0,0,0,0,0,0.3
4006,40.0,10.066445913694333,1,0.0,1,0,0,0,0,0.4
4007,26.0,43.03002827483772,1,0.0,1,1,0,0,0,0.5
4008,12.0,,1,0.0,0,0,0,0,0,0.2
4009,0.0,0.0,1,0.0,0,0,0,0,0,0.1
4010,25.5,21.920310216782973,1,0.0,0,0,0,0,0,0.3
4011,12.0,34.93326972004386,1,0.0,1,0,0,0,0,0.4
4012,23.5,18.47585296697132,1,1.0,1,1,1,0,0,0.9
4013,18.0,,1,0.0,0,0,0,0,0,0.2
4014,36.0,,1,0.0,0,0,0,0,0,0.2
4015,25.0,13.773162309360911,1,0.0,1,1,1,0,0,0.6
4016,15.0,43.02905994790032,1,0.0,1,1,1,0,0,0.6
4017,18.0,24.66779276708802,1,0.0,1,1,1,0,0,0.6
4018,0.0,0.0,1,0.0,0,0,0,0,0,0.1
4019,0.0,0.0,1,0.0,0,0,0,0,0,0.1
4020,0.0,0.0,1,0.0,0,0,0,0,0,0.1
4021,0.0,0.0,1,0.0,0,0,0,0,0,0.1
4022,0.0,0.0,1,0.0,0,0,0,0,0,0.1
4023,20.0,,1,0.0,0,0,0,0,0,0.2
4024,20.0,24.336187047275914,1,0.0,1,1,0,0,0,0.5
4025,31.0,,1,0.0,0,0,0,0,0,0.2
4026,24.0,,1,0.0,0,0,0,0,0,0.2
4027,0.0,0.0,1,0.0,0,0,0,0,0,0.1
4028,56.0,47.57099956906519,1,0.0,1,0,0,0,0,0.4
4029,18.0,,1,0.0,0,0,0,0,0,0.2
4030,0.0,0.0,1,0.0,0,0,0,0,0,0.1
4031,0.0,0.0,1,0.0,0,0,0,0,0,0.1
4032,9.0,26.501572280401277,1,0.0,1,0,0,0,0,0.4
4033,0.0,0.0,1,0.0,0,0,0,0,0,0.1
4034,27.0,,1,0.0,0,0,0,0,0,0.2
4035,10.0,35.1894870664521,1,0.0,1,1,1,0,0,0.6
4036,38.0,11.50362261782493,1,0.0,1,0,0,0,0,0.4
4037,0.0,0.0,1,0.0,0,0,0,0,0,0.1
4038,17.0,,1,0.0,0,0,0,0,0,0.2
4039,44.0,53.46338310781813,1,0.0,1,0,0,0,0,0.4
4040,17.0,5.656854249492381,1,0.0,0,0,0,0,0,0.3
4041,26.5,6.3639610306789285,1,0.0,0,0,0,0,0,0.3
4042,1.0,,1,0.0,0,0,0,0,0,0.2
4043,0.0,0.0,1,0.0,0,0,0,0,0,0.1
4044,38.0,,1,0.0,0,0,0,0,0,0.2
4045,1.0,,2,0.0,0,0,0,0,0,0.2
4046,0.0,0.0,1,0.0,0,0,0,0,0,0.1
4047,34.0,49.29503017546495,1,0.0,1,1,0,0,0,0.5
4048,11.5,12.020815280171309,1,0.0,0,0,0,0,0,0.3
4049,29.0,28.2842712474619,1,0.0,0,0,0,0,0,0.3
4050,19.0,,1,0.0,0,0,0,0,0,0.2
4051,0.0,0.0,1,0.0,0,0,0,0,0,0.1
4052,27.0,26.630809225406576,2,0.0,1,1,1,0,0,0.6
4053,39.0,31.02504748471098,1,1.0,1,1,1,0,0,0.9
4054,15.0,24.00694344004112,1,0.0,1,0,0,0,0,0.4
4055,55.0,32.078029864690876,1,0.0,1,0,0,0,0,0.4
4056,0.0,0.0,1,0.0,0,0,0,0,0,0.1
4057,35.5,28.991378028648448,1,0.0,0,0,0,0,0,0.3
4058,1.0,,2,0.0,0,0,0,0,0,0.2
4059,18.5,24.748737341529164,1,0.0,0,0,0,0,0,0.3
4060,12.0,,1,0.0,0,0,0,0,0,0.2
4061,7.0,,1,0.0,0,0,0,0,0,0.2
4062,57.0,21.455380055672126,1,0.0,1,0,0,0,0,0.4
4063,21.0,26.873779042032773,1,0.0,1,1,1,0,0,0.6
4064,2.0,,1,0.0,0,0,0,0,0,0.2
4065,5.0,,1,0.0,0,0,0,0,0,0.2
4066,33.0,2.8284271247461903,1,0.0,0,0,0,0,0,0.3
4067,55.0,29.484459183327974,1,0.0,1,0,0,0,0,0.4
4068,5.0,0.0,1,0.0,0,0,0,0,0,0.3
4069,0.0,0.0,1,0.0,0,0,0,0,0,0.1
4070,28.0,,1,0.0,0,0,0,0,0,0.2
4071,32.5,20.506096654409877,1,0.0,0,0,0,0,0,0.3
4072,44.0,11.313708498984761,1,0.0,0,0,0,0,0,0.3
4073,41.0,,1,0.0,0,0,0,0,0,0.2
4074,22.0,,1,0.0,0,0,0,0,0,0.2
4075,7.0,,1,0.0,0,0,0,0,0,0.2
4076,44.0,38.95895275799903,1,0.0,1,1,1,0,0,0.6
4077,0.0,0.0,1,0.0,0,0,0,0,0,0.1
4078,0.0,0.0,1,0.0,0,0,0,0,0,0.1
4079,4.0,,1,0.0,0,0,0,0,0,0.2
4080,26.0,40.480859674666,1,0.0,1,1,1,0,0,0.6
4081,38.5,23.33452377915607,1,0.0,0,0,0,0,0,0.3
4082,20.0,27.318491905667123,1,0.0,1,1,1,0,0,0.6
4083,32.5,36.062445840513924,1,0.0,0,0,0,0,0,0.3
4084,36.5,22.810816147900834,1,0.0,1,1,0,0,0,0.5
4085,6.5,4.949747468305833,1,0.0,0,0,0,0,0,0.3
4086,0.0,0.0,1,0.0,0,0,0,0,0,0.1
4087,2.0,,1,0.0,0,0,0,0,0,0.2
4088,0.0,0.0,1,0.0,0,0,0,0,0,0.1
4089,25.0,26.6020049369717,1,0.0,1,1,0,0,0,0.5
4090,50.0,22.300971578236975,1,0.0,1,0,0,0,0,0.4
4091,34.0,41.012193308819754,1,0.0,0,0,0,0,0,0.3
4092,29.0,48.01388688008224,1,0.0,1,0,0,0,0,0.4
4093,27.0,,1,0.0,0,0,0,0,0,0.2
4094,0.0,0.0,1,0.0,0,0,0,0,0,0.1
4095,21.0,,1,0.0,0,0,0,0,0,0.2
4096,36.0,22.113344387495978,1,0.0,1,0,0,0,0,0.4
4097,12.5,9.192388155425117,1,0.0,0,0,0,0,0,0.3
4098,1.0,,1,0.0,0,0,0,0,0,0.2
4099,30.0,,1,0.0,0,0,0,0,0,0.2
4100,0.0,0.0,1,0.0,0,0,0,0,0,0.1
4101,16.0,21.213203435596427,1,0.0,0,0,0,0,0,0.3
4102,54.0,36.16628264005025,1,0.0,1,0,0,0,0,0.4
4103,0.0,0.0,1,0.0,0,0,0,0,0,0.1
4104,21.5,14.849242404917497,1,0.0,0,0,0,0,0,0.3
4105,8.0,,1,0.0,0,0,0,0,0,0.2
4106,4.0,,1,0.0,0,0,0,0,0,0.2
4107,23.5,14.849242404917497,1,0.0,0,0,0,0,0,0.3
4108,41.0,30.13856886670854,1,0.0,1,0,0,0,0,0.4
4109,39.0,44.992591982829055,1,0.0,1,0,0,0,0,0.4
4110,25.0,12.668859459319927,1,0.0,1,1,1,0,0,0.6
4111,6.0,,1,0.0,0,0,0,0,0,0.2
4112,13.5,7.7781745930520225,1,0.0,0,0,0,0,0,0.3
4113,18.0,44.00340895885226,1,0.0,1,1,1,0,0,0.6
4114,52.0,31.64385143014885,1,0.0,1,0,0,0,0,0.4
4115,0.0,0.0,1,0.0,0,0,0,0,0,0.1
4116,6.5,7.7781745930520225,1,0.0,0,0,0,0,0,0.3
4117,40.0,22.27853974867593,1,0.0,1,0,0,0,0,0.4
4118,7.5,2.1213203435596424,1,0.0,0,0,0,0,0,0.3
4119,0.0,0.0,1,0.0,0,0,0,0,0,0.1
4120,14.0,,1,0.0,0,0,0,0,0,0.2
4121,45.5,27.42869543622761,1,0.0,1,1,0,0,0,0.5
4122,0.0,0.0,1,0.0,0,0,0,0,0,0.1
4123,9.0,,1,0.0,0,0,0,0,0,0.2
4124,27.0,25.715753926338618,1,0.0,1,1,1,0,0,0.6
4125,0.0,0.0,1,0.0,0,0,0,0,0,0.1
4126,0.0,0.0,1,0.0,0,0,0,0,0,0.1
4127,5.5,7.7781745930520225,2,0.0,0,0,0,0,0,0.3
4128,9.0,,1,0.0,0,0,0,0,0,0.2
4129,36.0,13.352902306240392,1,0.0,1,1,1,0,0,0.6
4130,0.0,0.0,1,0.0,0,0,0,0,0,0.1
4131,31.0,25.81343319539912,1,0.0,1,0,0,0,0,0.4
4132,5.0,,1,0.0,0,0,0,0,0,0.2
4133,0.0,0.0,1,0.0,0,0,0,0,0,0.1
4134,18.0,25.455844122715714,2,0.0,0,0,0,0,0,0.3
4135,47.0,20.743673734418405,1,0.0,1,1,1,0,0,0.6
4136,13.0,,1,0.0,0,0,0,0,0,0.2
4137,28.0,,1,0.0,0,0,0,0,0,0.2
4138,28.0,,1,0.0,0,0,0,0,0,0.2
4139,23.5,31.81980515339464,2,0.0,0,0,0,0,0,0.3
4140,12.0,,1,0.0,0,0,0,0,0,0.2
4141,19.0,,1,0.0,0,0,0,0,0,0.2
4142,16.0,,1,0.0,0,0,0,0,0,0.2
4143,21.0,,1,0.0,0,0,0,0,0,0.2
4144,32.0,47.03190406521939,1,0.0,1,0,0,0,0,0.4
4145,11.0,0.0,1,0.0,0,0,0,0,0,0.3
4146,27.0,43.15476026272575,1,0.0,1,0,0,0,0,0.4
4147,26.0,,1,0.0,0,0,0,0,0,0.2
4148,0.0,0.0,1,0.0,0,0,0,0,0,0.1
4149,24.0,,1,0.0,0,0,0,0,0,0.2
4150,19.5,21.920310216782973,1,0.0,0,0,0,0,0,0.3
4151,20.0,39.50569579187285,1,0.0,1,1,1,0,0,0.6
4152,0.0,,2,0.0,0,0,0,0,0,0.2
4153,15.0,,1,0.0,0,0,0,0,0,0.2
4154,0.0,0.0,1,0.0,0,0,0,0,0,0.1
4155,21.0,28.728615235220325,1,0.0,1,0,0,0,0,0.4
4156,36.0,13.650396819628847,1,0.0,1,0,0,0,0,0.4
4157,12.0,,1,0.0,0,0,0,0,0,0.2
4158,0.0,0.0,1,0.0,0,0,0,0,0,0.1
4159,14.0,16.97056274847714,1,0.0,0,0,0,0,0,0.3
4160,0.0,0.0,1,0.0,0,0,0,0,0,0.1
4161,12.0,23.811761799581316,1,0.0,1,0,0,0,0,0.4
4162,20.0,20.0074985942771,1,0.0,1,1,1,0,0,0.6
4163,30.0,11.269427669584644,1,0.0,1,0,0,0,0,0.4
4164,23.5,17.67766952966369,1,0.0,0,0,0,0,0,0.3
4165,33.0,14.177446878757825,1,0.0,1,0,0,0,0,0.4
4166,23.0,47.83617877715569,1,0.0,1,1,1,0,0,0.6
4167,2.0,,1,0.0,0,0,0,0,0,0.2
4168,0.0,0.0,1,0.0,0,0,0,0,0,0.1
4169,0.0,0.0,1,0.0,0,0,0,0,0,0.1
4170,27.0,22.627416997969522,1,0.0,0,0,0,0,0,0.3
4171,0.0,0.0,1,0.0,0,0,0,0,0,0.1
4172,10.0,4.242640687119285,1,0.0,0,0,0,0,0,0.3
4173,27.0,,1,0.0,0,0,0,0,0,0.2
4174,7.0,5.656854249492381,1,0.0,0,0,0,0,0,0.3
4175,31.0,,1,0.0,0,0,0,0,0,0.2
4176,43.0,24.06241883103193,1,0.0,1,0,0,0,0,0.4
4177,48.0,43.43193909248508,1,0.0,1,0,0,0,0,0.4
4178,4.0,1.4142135623730951,1,0.0,0,0,0,0,0,0.3
4179,23.5,14.849242404917497,1,0.0,0,0,0,0,0,0.3
4180,36.0,27.0,1,0.0,1,0,0,0,0,0.4
4181,18.0,19.79898987322333,1,0.0,0,0,0,0,0,0.3
4182,22.0,29.698484809834994,2,0.0,0,0,0,0,0,0.3
4183,24.0,8.34865258589672,1,0.0,1,1,1,0,0,0.6
4184,37.5,45.88754369833568,1,0.0,1,1,0,0,0,0.5
4185,0.0,0.0,1,0.0,0,0,0,0,0,0.1
4186,21.0,,1,0.0,0,0,0,0,0,0.2
4187,29.0,28.583211855912904,1,0.0,1,0,0,0,0,0.4
4188,0.0,0.0,1,0.0,0,0,0,0,0,0.1
4189,53.0,21.361959960016154,1,0.0,1,0,0,0,0,0.4
4190,4.0,,1,0.0,0,0,0,0,0,0.2
4191,34.0,16.97056274847714,1,0.0,0,0,0,0,0,0.3
4192,44.0,59.095967149487734,2,0.0,1,0,0,0,0,0.4
4193,18.0,,1,0.0,0,0,0,0,0,0.2
4194,29.5,2.1213203435596424,1,0.0,0,0,0,0,0,0.3
4195,0.0,0.0,1,0.0,0,0,0,0,0,0.1
4196,26.0,,1,0.0,0,0,0,0,0,0.2
4197,4.0,,1,0.0,0,0,0,0,0,0.2
4198,15.0,7.071067811865475,1,0.0,0,0,0,0,0,0.3
4199,1.0,,2,0.0,0,0,0,0,0,0.2
4200,42.0,,1,0.0,0,0,0,0,0,0.2
4201,14.0,50.26927491022722,1,0.0,1,0,0,0,0,0.4
4202,4.0,,1,0.0,0,0,0,0,0,0.2
4203,25.0,,1,0.0,0,0,0,0,0,0.2
4204,0.0,0.0,1,0.0,0,0,0,0,0,0.1
4205,13.0,64.40704819461033,1,0.0,1,1,1,1,0,0.9
4206,13.0,12.727922061357857,1,0.0,0,0,0,0,0,0.3
4207,1.0,,1,0.0,0,0,0,0,0,0.2
4208,62.0,56.074355398286414,2,0.0,1,0,0,0,0,0.4
4209,16.0,35.156791662493895,1,0.0,1,0,0,0,0,0.4
4210,34.0,25.455844122715714,1,0.0,0,0,0,0,0,0.3
4211,25.0,,1,0.0,0,0,0,0,0,0.2
4212,19.0,17.80649961591072,1,0.0,1,1,1,1,0,0.9
4213,3.5,2.1213203435596424,1,0.0,0,0,0,0,0,0.3
4214,14.0,,1,0.0,0,0,0,0,0,0.2
4215,30.0,,1,0.0,0,0,0,0,0,0.2
4216,44.0,18.384776310850235,1,0.0,0,0,0,0,0,0.3
4217,10.5,12.020815280171309,1,0.0,0,0,0,0,0,0.3
4218,2.0,,1,0.0,0,0,0,0,0,0.2
4219,24.0,27.898028604186354,1,0.0,1,1,1,0,0,0.6
4220,32.5,40.30508652763321,1,0.0,0,0,0,0,0,0.3
4221,21.0,5.656854249492381,1,0.0,0,0,0,0,0,0.3
4222,38.5,4.949747468305833,1,0.0,0,0,0,0,0,0.3
4223,0.0,0.0,1,0.0,0,0,0,0,0,0.1
4224,19.0,0.0,1,0.0,0,0,0,0,0,0.3
4225,22.5,16.263455967290593,1,0.0,0,0,0,0,0,0.3
4226,0.0,0.0,1,0.0,0,0,0,0,0,0.1
4227,37.0,,1,0.0,0,0,0,0,0,0.2
4228,0.0,0.0,1,0.0,0,0,0,0,0,0.1
4229,44.0,22.27105745132009,1,0.0,1,0,0,0,0,0.4
4230,0.0,0.0,1,0.0,0,0,0,0,0,0.1
4231,47.0,40.406682615626835,1,0.0,1,1,1,0,0,0.6
4232,0.0,0.0,1,0.0,0,0,0,0,0,0.1
4233,10.0,37.66696165076233,2,0.0,1,1,1,0,0,0.6
4234,29.0,13.796134724383252,1,0.0,1,0,0,0,0,0.4
4235,11.5,13.435028842544403,1,0.0,0,0,0,0,0,0.3
4236,15.0,,1,0.0,0,0,0,0,0,0.2
4237,6.0,44.66318394382559,2,0.0,1,1,1,0,0,0.6
4238,30.0,21.361959960016154,1,0.0,1,0,0,0,0,0.4
4239,24.5,6.3639610306789285,1,0.0,0,0,0,0,0,0.3
4240,14.0,32.782617345172426,1,0.0,1,1,1,0,0,0.6
4241,0.0,0.0,1,0.0,0,0,0,0,0,0.1
4242,5.0,,1,0.0,0,0,0,0,0,0.2
4243,18.0,,1,0.0,0,0,0,0,0,0.2
4244,7.5,9.192388155425117,2,0.0,0,0,0,0,0,0.3
4245,35.0,15.290519938837921,1,0.0,1,1,1,0,0,0.6
4246,7.0,,1,0.0,0,0,0,0,0,0.2
4247,38.0,,1,0.0,0,0,0,0,0,0.2
4248,0.0,0.0,1,0.0,0,0,0,0,0,0.1
4249,7.0,36.43212867785796,1,0.0,1,1,1,0,0,0.6
4250,40.5,34.64823227814083,1,0.0,0,0,0,0,0,0.3
4251,53.0,19.924858845171276,1,0.0,1,0,0,0,0,0.4
4252,19.0,,1,0.0,0,0,0,0,0,0.2
4253,26.0,,1,0.0,0,0,0,0,0,0.2
4254,0.0,0.0,1,0.0,0,0,0,0,0,0.1
4255,35.0,31.0,1,0.0,1,0,0,0,0,0.4
4256,0.0,0.0,1,0.0,0,0,0,0,0,0.1
4257,30.5,38.55191305240247,1,0.0,1,1,0,0,0,0.5
4258,31.0,23.643180835073778,1,0.0,1,0,0,0,0,0.4
4259,42.0,23.18404623873926,1,0.0,1,1,1,0,0,0.6
4260,16.5,2.1213203435596424,1,0.0,0,0,0,0,0,0.3
4261,25.5,21.641010450839243,1,0.0,1,1,0,0,0,0.5
4262,0.0,0.0,1,0.0,0,0,0,0,0,0.1
4263,28.0,,1,0.0,0,0,0,0,0,0.2
4264,24.0,49.13586605864735,1,0.0,1,0,0,0,0,0.4
4265,0.0,0.0,1,0.0,0,0,0,0,0,0.1
4266,0.0,0.0,1,0.0,0,0,0,0,0,0.1
4267,42.5,37.476659402887016,1,0.0,0,0,0,0,0,0.3
4268,19.0,,1,0.0,0,0,0,0,0,0.2
4269,31.5,17.67766952966369,1,0.0,0,0,0,0,0,0.3
4270,23.0,,1,0.0,0,0,0,0,0,0.2
4271,34.0,,1,0.0,0,0,0,0,0,0.2
4272,31.0,33.94112549695428,1,0.0,0,0,0,0,0,0.3
4273,37.0,84.8998359412852,1,0.0,1,1,1,1,0,0.9
4274,0.0,0.0,1,0.0,0,0,0,0,0,0.1
4275,37.0,42.45939236494088,1,0.0,1,1,1,0,0,0.6
4276,28.0,101.2407844130587,1,1.0,1,1,1,0,0,0.9
4277,17.0,,1,0.0,0,0,0,0,0,0.2
4278,38.5,38.927282634847934,1,0.0,1,1,0,0,0,0.5
4279,30.0,38.18376618407356,1,0.0,0,0,0,0,0,0.3
4280,29.5,7.7781745930520225,1,0.0,0,0,0,0,0,0.3
4281,28.0,,1,0.0,0,0,0,0,0,0.2
4282,34.5,16.152915113584502,1,0.0,1,1,0,0,0,0.5
4283,17.0,,1,0.0,0,0,0,0,0,0.2
4284,4.0,,1,0.0,0,0,0,0,0,0.2
4285,25.0,39.576929306520654,1,0.0,1,0,0,0,0,0.4
4286,44.0,57.57024694521757,1,0.0,1,0,0,0,0,0.4
4287,0.0,0.0,1,0.0,0,0,0,0,0,0.1
4288,47.0,30.181396035748026,1,0.0,1,1,0,0,0,0.5
4289,22.5,31.81980515339464,2,0.0,0,0,0,0,0,0.3
4290,57.0,32.14031735997639,1,0.0,1,0,0,0,0,0.4
4291,55.0,42.72001872658766,1,0.0,1,0,0,0,0,0.4
4292,16.0,27.874719729532707,2,0.0,1,0,0,0,0,0.4
4293,0.0,0.0,1,0.0,0,0,0,0,0,0.1
4294,0.0,0.0,1,0.0,0,0,0,0,0,0.1
4295,9.0,,1,0.0,0,0,0,0,0,0.2
4296,16.0,,1,0.0,0,0,0,0,0,0.2
4297,6.0,,1,0.0,0,0,0,0,0,0.2
4298,25.0,5.656854249492381,1,0.0,0,0,0,0,0,0.3
4299,15.0,59.07904309764448,2,0.0,1,0,0,0,0,0.4
4300,9.0,36.6360478217834,1,0.0,1,1,1,0,0,0.6
4301,12.5,10.606601717798213,1,0.0,0,0,0,0,0,0.3
4302,24.0,36.48173058760599,2,0.0,1,1,0,0,0,0.5
4303,14.0,23.31487365038321,1,0.0,1,1,0,0,0,0.5
4304,26.0,16.97056274847714,1,0.0,0,0,0,0,0,0.3
4305,4.0,,1,0.0,0,0,0,0,0,0.2
4306,44.0,43.13930922024598,1,0.0,1,0,0,0,0,0.4
4307,54.0,24.758836806279895,1,0.0,1,0,0,0,0,0.4
4308,18.0,15.556349186104045,1,0.0,0,0,0,0,0,0.3
4309,28.0,10.848963084092414,1,0.0,1,1,1,0,0,0.6
4310,14.0,46.715450691750085,2,0.0,1,0,0,0,0,0.4
4311,24.0,9.989994994993742,1,0.0,1,1,1,0,0,0.6
4312,2.0,,1,0.0,0,0,0,0,0,0.2
4313,31.0,7.071067811865475,1,0.0,0,0,0,0,0,0.3
4314,27.0,,1,0.0,0,0,0,0,0,0.2
4315,0.0,0.0,1,0.0,0,0,0,0,0,0.1
4316,0.0,0.0,1,0.0,0,0,0,0,0,0.1
4317,11.0,,1,0.0,0,0,0,0,0,0.2
4318,13.5,14.849242404917497,1,0.0,0,0,0,0,0,0.3
4319,17.0,2.8284271247461903,1,0.0,0,0,0,0,0,0.3
4320,24.0,,1,0.0,0,0,0,0,0,0.2
4321,6.0,38.065732621348566,1,0.0,1,1,1,0,0,0.6
4322,18.0,47.53209442050708,1,0.0,1,1,1,0,0,0.6
4323,21.0,1.4142135623730951,1,0.0,0,0,0,0,0,0.3
4324,10.0,,1,0.0,0,0,0,0,0,0.2
4325,24.0,,1,0.0,0,0,0,0,0,0.2
4326,38.0,,1,0.0,0,0,0,0,0,0.2
4327,38.0,30.237945256470937,1,0.0,1,0,0,0,0,0.4
4328,32.0,11.414902540100814,1,0.0,1,1,1,0,0,0.6
4329,39.0,,1,0.0,0,0,0,0,0,0.2
4330,23.0,38.1143017776792,1,0.0,1,1,1,0,0,0.6
4331,0.0,0.0,1,0.0,0,0,0,0,0,0.1
4332,10.0,7.071067811865475,1,0.0,0,0,0,0,0,0.3
4333,25.0,20.5993527406405,1,0.0,1,0,0,0,0,0.4
4334,6.0,,1,0.0,0,0,0,0,0,0.2
4335,0.0,0.0,1,0.0,0,0,0,0,0,0.1
4336,0.0,0.0,1,0.0,0,0,0,0,0,0.1
4337,34.5,43.1335136523794,1,0.0,0,0,0,0,0,0.3
4338,47.5,20.506096654409877,1,0.0,0,0,0,0,0,0.3
4339,27.0,11.532562594670797,1,0.0,1,0,0,0,0,0.4
4340,4.0,2.8284271247461903,1,0.0,0,0,0,0,0,0.3
4341,17.0,32.10451681617401,1,0.0,1,1,1,0,0,0.6
4342,36.0,2.8284271247461903,1,0.0,0,0,0,0,0,0.3
4343,0.0,0.0,1,0.0,0,0,0,0,0,0.1
4344,12.0,9.899494936611665,1,0.0,0,0,0,0,0,0.3
4345,0.0,,2,0.0,0,0,0,0,0,0.2
4346,15.0,12.727922061357857,1,0.0,0,0,0,0,0,0.3
4347,2.0,,1,0.0,0,0,0,0,0,0.2
4348,0.0,0.0,1,0.0,0,0,0,0,0,0.1
4349,24.0,61.333834754679124,1,0.0,1,1,1,1,0,0.9
4350,10.0,,1,0.0,0,0,0,0,0,0.2
4351,31.5,41.71930009000631,1,0.0,0,0,0,0,0,0.3
4352,3.0,29.356430300702435,1,0.0,1,1,1,0,0,0.6
4353,20.5,78.69470848066688,1,1.0,1,1,1,0,0,0.9
4354,33.0,,1,0.0,0,0,0,0,0,0.2
4355,0.0,0.0,1,0.0,0,0,0,0,0,0.1
4356,38.0,14.14213562373095,1,0.0,0,0,0,0,0,0.3
4357,28.0,,1,0.0,0,0,0,0,0,0.2
4358,16.0,7.071067811865475,1,0.0,0,0,0,0,0,0.3
4359,43.5,4.949747468305833,1,0.0,0,0,0,0,0,0.3
4360,46.0,25.455844122715714,1,0.0,0,0,0,0,0,0.3
4361,4.0,,1,0.0,0,0,0,0,0,0.2
4362,2.0,,1,0.0,0,0,0,0,0,0.2
4363,1.5,2.1213203435596424,2,0.0,0,0,0,0,0,0.3
4364,5.0,,1,0.0,0,0,0,0,0,0.2
4365,13.0,24.296090220444935,1,0.0,1,1,1,0,0,0.6
4366,50.0,17.52141546793523,1,0.0,1,0,0,0,0,0.4
4367,14.0,1.4142135623730951,1,0.0,0,0,0,0,0,0.3
4368,0.0,0.0,1,0.0,0,0,0,0,0,0.1
4369,36.0,27.055498516937366,1,0.0,1,0,0,0,0,0.4
4370,20.0,,1,0.0,0,0,0,0,0,0.2
4371,28.0,38.04208196195366,1,0.0,1,1,1,0,0,0.6
4372,66.0,47.42713709821976,2,0.0,1,0,0,0,0,0.4
4373,6.0,,1,0.0,0,0,0,0,0,0.2
4374,0.0,0.0,1,0.0,0,0,0,0,0,0.1
4375,37.5,20.506096654409877,1,0.0,0,0,0,0,0,0.3
4376,6.0,22.60530911091463,1,0.0,1,0,0,0,0,0.4
4377,29.0,71.02602641688065,1,1.0,1,1,1,0,0,0.9
4378,37.5,41.71930009000631,1,0.0,0,0,0,0,0,0.3
4379,0.0,0.0,1,0.0,0,0,0,0,0,0.1
4380,19.0,,1,0.0,0,0,0,0,0,0.2
4381,12.0,,1,0.0,0,0,0,0,0,0.2
4382,56.0,32.50128202599604,1,0.0,1,0,0,0,0,0.4
4383,43.5,27.577164466275352,1,0.0,0,0,0,0,0,0.3
4384,30.5,23.33452377915607,1,0.0,0,0,0,0,0,0.3
4385,17.0,22.664950915455343,1,0.0,1,1,1,0,0,0.6
4386,30.5,43.1335136523794,2,0.0,0,0,0,0,0,0.3
4387,34.5,41.71930009000631,1,0.0,0,0,0,0,0,0.3
4388,7.0,,1,0.0,0,0,0,0,0,0.2
4389,10.5,12.020815280171309,1,0.0,0,0,0,0,0,0.3
4390,0.0,,2,0.0,0,0,0,0,0,0.2
4391,32.0,8.32666399786453,1,0.0,1,0,0,0,0,0.4
4392,14.0,,1,0.0,0,0,0,0,0,0.2
4393,26.0,27.617023735370182,1,0.0,1,1,1,0,0,0.6
4394,20.0,22.642879675518305,1,0.0,1,1,1,0,0,0.6
4395,43.5,19.09188309203678,1,0.0,0,0,0,0,0,0.3
4396,17.0,40.5807836296935,1,0.0,1,1,1,0,0,0.6
4397,23.0,26.870057685088806,1,0.0,0,0,0,0,0,0.3
4398,22.0,9.899494936611665,1,0.0,0,0,0,0,0,0.3
4399,34.0,16.165807537309522,1,0.0,1,0,0,0,0,0.4
4400,33.5,44.5477272147525,1,0.0,0,0,0,0,0,0.3
4401,0.0,0.0,1,0.0,0,0,0,0,0,0.1
4402,42.5,38.890872965260115,1,0.0,0,0,0,0,0,0.3
4403,31.5,9.192388155425117,1,0.0,0,0,0,0,0,0.3
4404,25.0,19.86705816169067,1,0.0,1,1,1,0,0,0.6
4405,17.0,11.313708498984761,1,0.0,0,0,0,0,0,0.3
4406,9.0,28.910885246119424,1,1.0,1,1,1,0,0,0.9
4407,18.0,2.8284271247461903,1,0.0,0,0,0,0,0,0.3
4408,14.5,12.685293322058685,1,0.0,1,1,0,0,0,0.5
4409,17.0,,1,0.0,0,0,0,0,0,0.2
4410,20.0,,1,0.0,0,0,0,0,0,0.2
4411,0.0,,2,0.0,0,0,0,0,0,0.2
4412,15.0,113.63349606771511,1,1.0,1,1,1,0,0,0.9
4413,0.0,0.0,1,0.0,0,0,0,0,0,0.1
4414,28.5,37.476659402887016,1,0.0,0,0,0,0,0,0.3
4415,47.0,35.64173583501978,1,0.0,1,0,0,0,0,0.4
4416,13.0,26.70767679900294,1,0.0,1,1,1,0,0,0.6
4417,0.0,,2,0.0,0,0,0,0,0,0.2
4418,15.0,23.157072353818823,1,0.0,1,1,0,0,0,0.5
4419,68.0,34.51086785347479,1,0.0,1,0,0,0,0,0.4
4420,24.0,34.19873640105101,1,1.0,1,1,1,0,0,0.9
4421,0.0,0.0,1,0.0,0,0,0,0,0,0.1
4422,51.0,54.592429267558096,1,0.0,1,0,0,0,0,0.4
4423,0.0,0.0,1,0.0,0,0,0,0,0,0.1
4424,19.0,20.248456731316587,1,0.0,1,1,0,0,0,0.5
4425,17.0,,1,0.0,0,0,0,0,0,0.2
4426,21.0,104.46598899710305,1,0.0,1,1,1,1,0,0.9
4427,14.5,6.3639610306789285,1,0.0,0,0,0,0,0,0.3
4428,0.0,0.0,1,0.0,0,0,0,0,0,0.1
4429,14.0,14.570518178843194,1,0.0,1,1,1,0,0,0.6
4430,2.0,,1,0.0,0,0,0,0,0,0.2
4431,43.0,21.77613372479146,1,0.0,1,1,1,0,0,0.6
4432,0.0,0.0,1,0.0,0,0,0,0,0,0.1
4433,2.5,2.1213203435596424,2,0.0,0,0,0,0,0,0.3
4434,11.0,,1,0.0,0,0,0,0,0,0.2
4435,39.0,15.556349186104045,1,0.0,0,0,0,0,0,0.3
4436,50.5,16.263455967290593,1,0.0,0,0,0,0,0,0.3
4437,30.5,12.020815280171309,1,0.0,0,0,0,0,0,0.3
4438,27.0,,1,0.0,0,0,0,0,0,0.2
4439,29.0,,1,0.0,0,0,0,0,0,0.2
4440,0.0,0.0,1,0.0,0,0,0,0,0,0.1
4441,2.0,,1,0.0,0,0,0,0,0,0.2
4442,20.5,13.435028842544403,1,0.0,0,0,0,0,0,0.3
4443,1.0,,2,0.0,0,0,0,0,0,0.2
4444,23.5,43.18178628387977,1,0.0,1,1,0,0,0,0.5
4445,26.0,30.28751117760146,1,0.0,1,0,0,0,0,0.4
4446,6.0,,1,0.0,0,0,0,0,0,0.2
4447,58.0,18.24828759089466,1,0.0,1,0,0,0,0,0.4
4448,11.0,20.62280291328024,1,0.0,1,1,1,0,0,0.6
4449,0.0,0.0,1,0.0,0,0,0,0,0,0.1
4450,8.0,56.03867711976554,1,0.0,1,0,0,0,0,0.4
4451,28.0,18.384776310850235,1,0.0,0,0,0,0,0,0.3
4452,17.5,10.606601717798213,1,0.0,0,0,0,0,0,0.3
4453,10.0,,1,0.0,0,0,0,0,0,0.2
4454,12.0,,1,0.0,0,0,0,0,0,0.2
4455,32.5,20.506096654409877,1,0.0,0,0,0,0,0,0.3
4456,0.0,0.0,1,0.0,0,0,0,0,0,0.1
4457,49.5,31.81980515339464,1,0.0,0,0,0,0,0,0.3
4458,21.5,17.67766952966369,1,0.0,0,0,0,0,0,0.3
4459,26.0,,1,0.0,0,0,0,0,0,0.2
4460,0.0,0.0,1,0.0,0,0,0,0,0,0.1
4461,8.5,3.5355339059327373,1,0.0,0,0,0,0,0,0.3
4462,14.0,7.071067811865475,1,0.0,0,0,0,0,0,0.3
4463,0.0,0.0,1,0.0,0,0,0,0,0,0.1
4464,15.0,19.79898987322333,2,0.0,0,0,0,0,0,0.3
4465,28.5,38.890872965260115,1,0.0,0,0,0,0,0,0.3
4466,16.5,37.07986875201511,1,0.0,1,1,0,0,0,0.5
4467,32.5,3.5355339059327373,1,0.0,0,0,0,0,0,0.3
4468,41.0,15.556349186104045,1,0.0,0,0,0,0,0,0.3
4469,33.5,0.7071067811865476,1,0.0,0,0,0,0,0,0.3
4470,8.0,,1,0.0,0,0,0,0,0,0.2
4471,0.0,0.0,1,0.0,0,0,0,0,0,0.1
4472,33.5,2.1213203435596424,1,0.0,0,0,0,0,0,0.3
4473,35.5,75.9092503303404,1,1.0,1,1,1,0,0,0.9
4474,45.0,51.468436929831086,1,0.0,1,0,0,0,0,0.4
4475,0.0,0.0,1,0.0,0,0,0,0,0,0.1
4476,28.0,31.533051443419385,1,0.0,1,0,0,0,0,0.4
4477,46.0,5.656854249492381,1,0.0,0,0,0,0,0,0.3
4478,6.0,,1,0.0,0,0,0,0,0,0.2
4479,33.0,21.54839514519198,1,0.0,1,0,0,0,0,0.4
4480,53.0,24.193663082165408,1,0.0,1,0,0,0,0,0.4
4481,16.0,,1,0.0,0,0,0,0,0,0.2
4482,13.0,31.94213518223226,1,0.0,1,1,1,0,0,0.6
4483,25.0,8.48528137423857,1,0.0,0,0,0,0,0,0.3
4484,11.0,38.704004960727254,1,0.0,1,1,1,0,0,0.6
4485,40.0,36.76955262170047,1,0.0,0,0,0,0,0,0.3
4486,45.0,15.821925715074425,1,0.0,1,0,0,0,0,0.4
4487,23.0,31.28764399354267,1,0.0,1,1,0,0,0,0.5
4488,6.0,42.97441099072796,1,0.0,1,1,1,0,0,0.6
4489,22.0,,1,0.0,0,0,0,0,0,0.2
4490,36.0,49.66219219218311,1,0.0,1,0,0,0,0,0.4
4491,32.0,,1,0.0,0,0,0,0,0,0.2
4492,0.0,0.0,1,0.0,0,0,0,0,0,0.1
4493,18.0,21.213203435596427,1,0.0,0,0,0,0,0,0.3
4494,0.0,0.0,1,0.0,0,0,0,0,0,0.1
4495,19.5,94.64482477739,1,1.0,1,1,1,0,0,0.9
4496,27.0,36.35014901390823,1,0.0,1,0,0,0,0,0.4
4497,37.5,23.33452377915607,1,0.0,0,0,0,0,0,0.3
4498,20.5,48.5752361952937,2,0.0,1,1,1,1,0,0.9
4499,28.0,96.19771307052991,1,0.0,1,1,1,1,0,0.9
4500,22.0,,1,0.0,0,0,0,0,0,0.2
4501,8.0,32.331615074619044,1,0.0,1,0,0,0,0,0.4
4502,0.0,0.0,1,0.0,0,0,0,0,0,0.1
4503,26.0,10.692676621563628,1,0.0,1,0,0,0,0,0.4
4504,55.0,22.627416997969522,1,0.0,0,0,0,0,0,0.3
4505,4.0,,1,0.0,0,0,0,0,0,0.2
4506,18.0,24.041630560342618,1,0.0,0,0,0,0,0,0.3
4507,23.5,28.991378028648448,1,0.0,0,0,0,0,0,0.3
4508,4.0,,1,0.0,0,0,0,0,0,0.2
4509,0.0,0.0,1,0.0,0,0,0,0,0,0.1
4510,33.0,49.56813492557492,1,0.0,1,0,0,0,0,0.4
4511,16.0,38.991024608235165,1,0.0,1,1,1,0,0,0.6
4512,63.0,26.501572280401277,1,0.0,1,0,0,0,0,0.4
4513,26.0,24.041630560342618,1,0.0,0,0,0,0,0,0.3
4514,17.0,,1,0.0,0,0,0,0,0,0.2
4515,57.0,37.74917217635375,1,0.0,1,0,0,0,0,0.4
4516,25.0,,1,0.0,0,0,0,0,0,0.2
4517,12.0,,1,0.0,0,0,0,0,0,0.2
4518,0.0,0.0,1,0.0,0,0,0,0,0,0.1
4519,50.0,31.78574103797697,1,0.0,1,0,0,0,0,0.4
4520,14.0,,1,0.0,0,0,0,0,0,0.2
4521,26.0,59.354865007006794,1,0.0,1,0,0,0,0,0.4
4522,43.0,39.13055072446591,1,0.0,1,1,1,0,0,0.6
4523,37.0,13.316656236958787,1,0.0,1,0,0,0,0,0.4
4524,15.0,,1,0.0,0,0,0,0,0,0.2
4525,0.0,0.0,1,0.0,0,0,0,0,0,0.1
4526,36.0,,1,0.0,0,0,0,0,0,0.2
4527,19.0,,1,0.0,0,0,0,0,0,0.2
4528,25.0,,1,0.0,0,0,0,0,0,0.2
4529,36.0,33.94112549695428,1,0.0,0,0,0,0,0,0.3
4530,17.0,15.556349186104045,1,0.0,0,0,0,0,0,0.3
4531,1.5,0.7071067811865476,1,0.0,0,0,0,0,0,0.3
4532,25.0,19.79898987322333,1,0.0,0,0,0,0,0,0.3
4533,33.5,6.454972243679028,1,0.0,1,1,0,0,0,0.5
4534,36.5,22.76510487566442,2,0.0,1,1,0,0,0,0.5
4535,2.0,,1,0.0,0,0,0,0,0,0.2
4536,34.0,,1,0.0,0,0,0,0,0,0.2
4537,21.0,50.71488933242387,1,0.0,1,0,0,0,0,0.4
4538,18.0,15.556349186104045,1,0.0,0,0,0,0,0,0.3
4539,51.0,19.0,1,0.0,1,0,0,0,0,0.4
4540,50.0,9.899494936611665,1,0.0,0,0,0,0,0,0.3
4541,8.0,,1,0.0,0,0,0,0,0,0.2
4542,4.5,0.7071067811865476,1,0.0,0,0,0,0,0,0.3
4543,19.0,23.79775899813538,1,0.0,1,0,0,0,0,0.4
4544,5.0,,1,0.0,0,0,0,0,0,0.2
4545,29.0,34.31229128655406,1,0.0,1,0,0,0,0,0.4
4546,6.0,,1,0.0,0,0,0,0,0,0.2
4547,20.5,26.162950903902257,1,0.0,0,0,0,0,0,0.3
4548,14.5,50.129000256006165,1,0.0,1,1,0,0,0,0.5
4549,21.5,24.748737341529164,1,0.0,0,0,0,0,0,0.3
4550,35.5,31.81980515339464,1,0.0,0,0,0,0,0,0.3
4551,33.0,29.103264421710495,1,0.0,1,0,0,0,0,0.4
4552,19.0,,1,0.0,0,0,0,0,0,0.2
4553,21.5,13.435028842544403,1,0.0,0,0,0,0,0,0.3
4554,15.0,,1,0.0,0,0,0,0,0,0.2
4555,25.0,12.096831541082704,1,0.0,1,0,0,0,0,0.4
4556,35.0,34.590461112855955,1,0.0,1,1,1,1,0,0.9
4557,35.0,28.023204670415552,1,0.0,1,1,1,0,0,0.6
4558,34.5,35.70597522357661,1,0.0,1,1,0,0,0,0.5
4559,44.0,,1,0.0,0,0,0,0,0,0.2
4560,26.5,10.606601717798213,1,0.0,0,0,0,0,0,0.3
4561,25.0,32.593455375785695,1,0.0,1,0,0,0,0,0.4
4562,29.0,,1,0.0,0,0,0,0,0,0.2
4563,12.5,4.949747468305833,1,0.0,0,0,0,0,0,0.3
4564,27.0,40.74064309752608,2,0.0,1,1,1,0,0,0.6
4565,30.5,0.7071067811865476,1,0.0,0,0,0,0,0,0.3
4566,14.0,,1,0.0,0,0,0,0,0,0.2
4567,0.0,0.0,1,0.0,0,0,0,0,0,0.1
4568,19.0,,1,0.0,0,0,0,0,0,0.2
4569,31.0,22.00757445365875,1,0.0,1,0,0,0,0,0.4
4570,36.0,9.549869109050658,1,0.0,1,1,1,0,0,0.6
4571,21.0,,1,0.0,0,0,0,0,0,0.2
4572,33.5,44.5477272147525,1,0.0,0,0,0,0,0,0.3
4573,0.0,0.0,1,0.0,0,0,0,0,0,0.1
4574,0.0,0.0,1,0.0,0,0,0,0,0,0.1
4575,0.0,0.0,1,0.0,0,0,0,0,0,0.1
4576,26.0,26.76284738214527,2,0.0,1,1,0,0,0,0.5
4577,34.0,49.92995093127971,1,0.0,1,0,0,0,0,0.4
4578,34.0,36.76955262170047,1,0.0,0,0,0,0,0,0.3
4579,57.0,47.286361670147556,1,0.0,1,0,0,0,0,0.4
4580,11.5,6.3639610306789285,1,0.0,0,0,0,0,0,0.3
4581,0.0,0.0,1,0.0,0,0,0,0,0,0.1
4582,13.0,12.489995996796797,1,0.0,1,0,0,0,0,0.4
4583,7.0,,1,0.0,0,0,0,0,0,0.2
4584,18.0,,1,0.0,0,0,0,0,0,0.2
4585,61.0,44.298231717906454,1,0.0,1,0,0,0,0,0.4
4586,42.0,20.52559377947444,1,0.0,1,1,1,0,0,0.6
4587,39.0,32.129944496269104,1,0.0,1,0,0,0,0,0.4
4588,33.5,20.506096654409877,1,0.0,0,0,0,0,0,0.3
4589,5.5,6.3639610306789285,2,0.0,0,0,0,0,0,0.3
4590,10.0,12.727922061357857,2,0.0,0,0,0,0,0,0.3
4591,17.0,,1,0.0,0,0,0,0,0,0.2
4592,12.5,43.382023926967726,2,1.0,1,1,1,0,0,0.9
4593,23.5,4.949747468305833,1,0.0,0,0,0,0,0,0.3
4594,9.0,52.69092268439919,1,0.0,1,0,0,0,0,0.4
4595,21.5,61.62661183055811,1,1.0,1,1,1,0,0,0.9
4596,5.5,4.949747468305833,1,0.0,0,0,0,0,0,0.3
4597,0.0,0.0,1,0.0,0,0,0,0,0,0.1
4598,0.0,0.0,1,0.0,0,0,0,0,0,0.1
4599,28.5,20.506096654409877,1,0.0,0,0,0,0,0,0.3
4600,34.0,,1,0.0,0,0,0,0,0,0.2
4601,26.0,33.94112549695428,1,0.0,0,0,0,0,0,0.3
4602,20.5,38.308661832914126,1,1.0,1,1,1,0,0,0.9
4603,0.0,0.0,1,0.0,0,0,0,0,0,0.1
4604,32.0,,1,0.0,0,0,0,0,0,0.2
4605,12.0,,1,0.0,0,0,0,0,0,0.2
4606,32.0,24.041630560342618,1,0.0,0,0,0,0,0,0.3
4607,15.0,,1,0.0,0,0,0,0,0,0.2
4608,7.0,,1,0.0,0,0,0,0,0,0.2
4609,16.0,49.42671342502958,1,0.0,1,0,0,0,0,0.4
4610,22.0,4.725815626252609,1,0.0,1,0,0,0,0,0.4
4611,16.0,24.819347291981714,1,0.0,1,1,1,0,0,0.6
4612,0.0,0.0,1,0.0,0,0,0,0,0,0.1
4613,0.0,0.0,1,0.0,0,0,0,0,0,0.1
4614,28.0,,1,0.0,0,0,0,0,0,0.2
4615,19.0,,1,0.0,0,0,0,0,0,0.2
4616,29.0,0.0,1,0.0,0,0,0,0,0,0.3
4617,47.0,25.455844122715714,1,0.0,0,0,0,0,0,0.3
4618,29.5,9.192388155425117,1,0.0,0,0,0,0,0,0.3
4619,0.0,0.0,1,0.0,0,0,0,0,0,0.1
4620,33.5,16.263455967290593,1,0.0,0,0,0,0,0,0.3
4621,0.0,0.0,1,0.0,0,0,0,0,0,0.1
4622,0.0,0.0,1,0.0,0,0,0,0,0,0.1
4623,40.5,30.405591591021544,1,0.0,0,0,0,0,0,0.3
4624,6.0,,1,0.0,0,0,0,0,0,0.2
4625,0.0,0.0,1,0.0,0,0,0,0,0,0.1
4626,46.0,26.0,1,0.0,1,0,0,0,0,0.4
4627,32.0,,1,0.0,0,0,0,0,0,0.2
4628,0.0,0.0,1,0.0,0,0,0,0,0,0.1
4629,30.0,30.566866593312003,1,0.0,1,0,0,0,0,0.4
4630,31.0,33.94112549695428,1,0.0,0,0,0,0,0,0.3
4631,18.0,35.36523716872262,1,0.0,1,1,1,0,0,0.6
4632,9.0,9.899494936611665,1,0.0,0,0,0,0,0,0.3
4633,0.0,0.0,1,0.0,0,0,0,0,0,0.1
4634,38.0,14.177446878757825,1,0.0,1,0,0,0,0,0.4
4635,9.0,30.4138126514911,1,0.0,1,0,0,0,0,0.4
4636,38.0,24.041630560342618,1,0.0,0,0,0,0,0,0.3
4637,7.0,,1,0.0,0,0,0,0,0,0.2
4638,9.0,,1,0.0,0,0,0,0,0,0.2
4639,0.0,0.0,1,0.0,0,0,0,0,0,0.1
4640,33.0,26.159765544311234,1,0.0,1,0,0,0,0,0.4
4641,31.5,4.5,1,0.0,1,1,0,0,0,0.5
4642,32.0,29.698484809834994,1,0.0,0,0,0,0,0,0.3
4643,11.0,2.8284271247461903,1,0.0,0,0,0,0,0,0.3
4644,9.0,24.214320831552005,1,0.0,1,0,0,0,0,0.4
4645,14.0,,1,0.0,0,0,0,0,0,0.2
4646,23.0,27.40802802100144,1,0.0,1,1,1,0,0,0.6
4647,0.0,0.0,1,0.0,0,0,0,0,0,0.1
4648,0.0,0.0,1,0.0,0,0,0,0,0,0.1
4649,11.0,4.242640687119285,1,0.0,0,0,0,0,0,0.3
4650,23.0,25.455844122715714,1,0.0,0,0,0,0,0,0.3
4651,40.0,28.61817604250837,1,0.0,1,0,0,0,0,0.4
4652,0.0,0.0,1,0.0,0,0,0,0,0,0.1
4653,15.0,19.79898987322333,2,0.0,0,0,0,0,0,0.3
4654,22.0,17.243356208503418,1,0.0,1,0,0,0,0,0.4
4655,0.0,0.0,1,0.0,0,0,0,0,0,0.1
4656,0.0,0.0,1,0.0,0,0,0,0,0,0.1
4657,0.0,0.0,1,0.0,0,0,0,0,0,0.1
4658,10.0,,1,0.0,0,0,0,0,0,0.2
4659,58.0,32.516662395352526,1,0.0,1,0,0,0,0,0.4
4660,27.5,2.1213203435596424,1,0.0,0,0,0,0,0,0.3
4661,0.0,0.0,1,0.0,0,0,0,0,0,0.1
4662,25.0,55.7185209012997,1,0.0,1,1,1,1,0,0.9
4663,31.0,,1,0.0,0,0,0,0,0,0.2
4664,40.0,24.06241883103193,1,0.0,1,0,0,0,0,0.4
4665,22.5,10.606601717798213,1,0.0,0,0,0,0,0,0.3
4666,10.0,,1,0.0,0,0,0,0,0,0.2
4667,0.0,0.0,1,0.0,0,0,0,0,0,0.1
4668,22.5,9.192388155425117,1,0.0,0,0,0,0,0,0.3
4669,54.0,45.574115460423364,1,0.0,1,0,0,0,0,0.4
4670,34.0,38.29229687548137,1,0.0,1,1,1,0,0,0.6
4671,0.0,0.0,1,0.0,0,0,0,0,0,0.1
4672,0.0,,2,0.0,0,0,0,0,0,0.2
4673,11.5,13.435028842544403,1,0.0,0,0,0,0,0,0.3
4674,14.0,45.155287619502545,1,0.0,1,1,1,0,0,0.6
4675,18.0,24.041630560342618,1,0.0,0,0,0,0,0,0.3
4676,34.0,29.090376415577712,1,0.0,1,1,0,0,0,0.5
4677,0.0,0.0,1,0.0,0,0,0,0,0,0.1
4678,26.0,27.987497208575117,1,0.0,1,1,1,0,0,0.6
4679,0.0,0.0,1,0.0,0,0,0,0,0,0.1
4680,29.5,17.55704986607944,1,0.0,1,1,0,0,0,0.5
4681,49.0,40.0,1,0.0,1,0,0,0,0,0.4
4682,0.0,0.0,1,0.0,0,0,0,0,0,0.1
4683,22.0,30.136356780473648,1,0.0,1,1,1,0,0,0.6
4684,50.0,43.4856298103178,1,0.0,1,0,0,0,0,0.4
4685,20.0,,1,0.0,0,0,0,0,0,0.2
4686,29.0,11.313708498984761,1,0.0,0,0,0,0,0,0.3
4687,0.0,0.0,1,0.0,0,0,0,0,0,0.1
4688,1.0,,2,0.0,0,0,0,0,0,0.2
4689,23.0,38.46682243923234,1,1.0,1,1,1,0,0,0.9
4690,18.0,36.85557397915997,1,0.0,1,0,0,0,0,0.4
4691,18.0,,1,0.0,0,0,0,0,0,0.2
4692,23.5,31.81980515339464,2,0.0,0,0,0,0,0,0.3
4693,0.0,,2,0.0,0,0,0,0,0,0.2
4694,30.5,6.3639610306789285,1,0.0,0,0,0,0,0,0.3
4695,21.0,51.480578862324386,1,0.0,1,1,0,0,0,0.5
4696,29.0,10.44030650891055,1,0.0,1,0,0,0,0,0.4
4697,16.0,21.213203435596427,2,0.0,0,0,0,0,0,0.3
4698,6.0,2.8284271247461903,1,0.0,0,0,0,0,0,0.3
4699,41.0,,1,0.0,0,0,0,0,0,0.2
4700,37.0,46.60829682935575,1,0.0,1,0,0,0,0,0.4
4701,19.5,103.8886766825776,1,1.0,1,1,1,0,0,0.9
4702,38.0,27.53785273643051,1,0.0,1,0,0,0,0,0.4
4703,44.5,36.062445840513924,1,0.0,0,0,0,0,0,0.3
4704,41.0,4.58257569495584,1,0.0,1,0,0,0,0,0.4
4705,23.0,15.713582235335986,1,0.0,1,1,0,0,0,0.5
4706,29.5,37.476659402887016,1,0.0,0,0,0,0,0,0.3
4707,7.0,,1,0.0,0,0,0,0,0,0.2
4708,0.0,0.0,1,0.0,0,0,0,0,0,0.1
4709,55.0,22.627416997969522,1,0.0,0,0,0,0,0,0.3
4710,13.0,,1,0.0,0,0,0,0,0,0.2
4711,13.5,7.7781745930520225,1,0.0,0,0,0,0,0,0.3
4712,34.0,32.3681942653587,1,0.0,1,1,1,0,0,0.6
4713,33.0,15.947831618540915,1,0.0,1,0,0,0,0,0.4
4714,37.0,39.59797974644666,1,0.0,0,0,0,0,0,0.3
4715,0.0,0.0,1,0.0,0,0,0,0,0,0.1
4716,0.0,0.0,1,0.0,0,0,0,0,0,0.1
4717,34.0,,1,0.0,0,0,0,0,0,0.2
4718,30.0,26.888659319497503,1,0.0,1,0,0,0,0,0.4
4719,42.0,64.00892794870772,1,0.0,1,1,1,1,0,0.9
4720,10.0,,1,0.0,0,0,0,0,0,0.2
4721,0.0,0.0,1,0.0,0,0,0,0,0,0.1
4722,27.0,22.75302177733762,1,0.0,1,1,1,0,0,0.6
4723,68.0,37.018013633004855,1,0.0,1,0,0,0,0,0.4
4724,31.0,,1,0.0,0,0,0,0,0,0.2
4725,18.0,,1,0.0,0,0,0,0,0,0.2
4726,35.5,38.890872965260115,1,0.0,0,0,0,0,0,0.3
4727,7.5,4.949747468305833,1,0.0,0,0,0,0,0,0.3
4728,0.0,0.0,1,0.0,0,0,0,0,0,0.1
4729,0.0,0.0,1,0.0,0,0,0,0,0,0.1
4730,22.0,,1,0.0,0,0,0,0,0,0.2
4731,3.0,,1,0.0,0,0,0,0,0,0.2
4732,10.0,20.452383724153034,1,0.0,1,1,1,0,0,0.6
4733,14.0,,1,0.0,0,0,0,0,0,0.2
4734,28.0,,1,0.0,0,0,0,0,0,0.2
4735,25.0,28.2842712474619,1,0.0,0,0,0,0,0,0.3
4736,24.0,11.015141094572202,1,0.0,1,0,0,0,0,0.4
4737,7.0,,1,0.0,0,0,0,0,0,0.2
4738,7.0,,1,0.0,0,0,0,0,0,0.2
4739,19.5,31.3581462037113,1,0.0,1,1,0,0,0,0.5
4740,19.5,23.33452377915607,1,0.0,0,0,0,0,0,0.3
4741,26.0,26.870057685088806,1,0.0,0,0,0,0,0,0.3
4742,16.5,12.020815280171309,1,0.0,0,0,0,0,0,0.3
4743,2.0,,1,0.0,0,0,0,0,0,0.2
4744,0.0,0.0,1,0.0,0,0,0,0,0,0.1
4745,28.0,22.627416997969522,1,0.0,0,0,0,0,0,0.3
4746,18.0,16.97056274847714,1,0.0,0,0,0,0,0,0.3
4747,24.0,13.051181300301263,1,0.0,1,0,0,0,0,0.4
4748,18.0,,1,0.0,0,0,0,0,0,0.2
4749,37.0,,1,0.0,0,0,0,0,0,0.2
4750,0.0,0.0,1,0.0,0,0,0,0,0,0.1
4751,5.0,4.242640687119285,1,0.0,0,0,0,0,0,0.3
4752,20.0,,1,0.0,0,0,0,0,0,0.2
4753,14.0,26.311594402468277,1,0.0,1,1,1,0,0,0.6
4754,72.0,43.06197084822446,1,0.0,1,0,0,0,0,0.4
4755,44.0,26.870057685088806,1,0.0,0,0,0,0,0,0.3
4756,1.0,,2,0.0,0,0,0,0,0,0.2
4757,29.0,,1,0.0,0,0,0,0,0,0.2
4758,34.0,14.294521094927712,1,0.0,1,0,0,0,0,0.4
4759,29.0,,1,0.0,0,0,0,0,0,0.2
4760,6.0,66.4253967495365,1,0.0,1,0,0,0,0,0.4
4761,40.0,43.86342439892262,1,0.0,1,0,0,0,0,0.4
4762,10.0,8.48528137423857,1,0.0,0,0,0,0,0,0.3
4763,35.0,43.840620433565945,1,0.0,0,0,0,0,0,0.3
4764,41.0,,1,0.0,0,0,0,0,0,0.2
4765,27.0,54.945427471264615,1,0.0,1,0,0,0,0,0.4
4766,5.0,,1,0.0,0,0,0,0,0,0.2
4767,0.0,0.0,1,0.0,0,0,0,0,0,0.1
4768,33.0,57.01169470672954,1,0.0,1,0,0,0,0,0.4
4769,1.0,,2,0.0,0,0,0,0,0,0.2
4770,46.5,31.81980515339464,1,0.0,0,0,0,0,0,0.3
4771,0.0,0.0,1,0.0,0,0,0,0,0,0.1
4772,21.0,8.831760866327846,1,0.0,1,1,1,0,0,0.6
4773,62.0,53.50700888668699,1,0.0,1,0,0,0,0,0.4
4774,0.0,0.0,1,0.0,0,0,0,0,0,0.1
4775,32.0,,1,0.0,0,0,0,0,0,0.2
4776,0.0,0.0,1,0.0,0,0,0,0,0,0.1
4777,46.0,27.73685875028629,1,0.0,1,0,0,0,0,0.4
4778,23.5,13.435028842544403,1,0.0,0,0,0,0,0,0.3
4779,39.0,16.921386861996073,1,0.0,1,0,0,0,0,0.4
4780,0.0,0.0,1,0.0,0,0,0,0,0,0.1
4781,0.0,0.0,1,0.0,0,0,0,0,0,0.1
4782,0.0,0.0,1,0.0,0,0,0,0,0,0.1
4783,38.0,44.45559582324817,2,0.0,1,1,1,0,0,0.6
4784,8.0,65.54642120919596,1,0.0,1,0,0,0,0,0.4
4785,10.0,,1,0.0,0,0,0,0,0,0.2
4786,37.5,21.920310216782973,1,0.0,0,0,0,0,0,0.3
4787,27.0,20.132891827388665,1,0.0,1,0,0,0,0,0.4
4788,37.0,26.627053911388696,1,0.0,1,0,0,0,0,0.4
4789,17.0,24.355697485393435,1,0.0,1,1,1,0,0,0.6
4790,5.0,,1,0.0,0,0,0,0,0,0.2
4791,24.0,,1,0.0,0,0,0,0,0,0.2
4792,43.0,17.243356208503418,1,0.0,1,0,0,0,0,0.4
4793,29.5,33.23401871576773,1,0.0,0,0,0,0,0,0.3
4794,16.0,,1,0.0,0,0,0,0,0,0.2
4795,0.0,0.0,1,0.0,0,0,0,0,0,0.1
4796,29.0,76.78343850448108,1,1.0,1,1,1,0,0,0.9
4797,0.0,0.0,1,0.0,0,0,0,0,0,0.1
4798,2.0,,1,0.0,0,0,0,0,0,0.2
4799,29.0,17.349351572897472,1,0.0,1,0,0,0,0,0.4
4800,0.0,0.0,1,0.0,0,0,0,0,0,0.1
4801,12.0,,1,0.0,0,0,0,0,0,0.2
4802,38.0,,1,0.0,0,0,0,0,0,0.2
4803,6.0,,1,0.0,0,0,0,0,0,0.2
4804,22.0,31.192947920964443,1,0.0,1,0,0,0,0,0.4
4805,52.0,14.14213562373095,1,0.0,0,0,0,0,0,0.3
4806,0.0,0.0,1,0.0,0,0,0,0,0,0.1
4807,26.5,23.33452377915607,1,0.0,0,0,0,0,0,0.3
4808,34.0,37.80211634287159,1,0.0,1,0,0,0,0,0.4
4809,19.5,2.1213203435596424,1,0.0,0,0,0,0,0,0.3
4810,23.0,24.70492528491704,1,0.0,1,0,0,0,0,0.4
4811,31.0,55.01817881391568,1,0.0,1,0,0,0,0,0.4
4812,21.0,15.482247898803326,1,0.0,1,1,1,0,0,0.6
4813,23.0,39.71842861227734,1,0.0,1,1,1,1,0,0.9
4814,42.5,27.577164466275352,1,0.0,0,0,0,0,0,0.3
4815,20.0,,1,0.0,0,0,0,0,0,0.2
4816,3.0,,1,0.0,0,0,0,0,0,0.2
4817,48.0,41.78915329763614,1,0.0,1,0,0,0,0,0.4
4818,20.0,47.00319138101157,2,0.0,1,1,1,0,0,0.6
4819,5.0,,1,0.0,0,0,0,0,0,0.2
4820,0.0,0.0,1,0.0,0,0,0,0,0,0.1
4821,29.5,16.263455967290593,1,0.0,0,0,0,0,0,0.3
4822,0.0,0.0,1,0.0,0,0,0,0,0,0.1
4823,5.5,3.5355339059327373,1,0.0,0,0,0,0,0,0.3
4824,42.5,16.263455967290593,1,0.0,0,0,0,0,0,0.3
4825,44.0,23.41580662714825,1,0.0,1,1,1,0,0,0.6
4826,2.0,,1,0.0,0,0,0,0,0,0.2
4827,6.0,,1,0.0,0,0,0,0,0,0.2
4828,23.0,24.041630560342618,1,0.0,0,0,0,0,0,0.3
4829,12.0,32.1434285663493,1,0.0,1,1,1,0,0,0.6
4830,0.0,0.0,1,0.0,0,0,0,0,0,0.1
4831,34.0,,1,0.0,0,0,0,0,0,0.2
4832,37.0,39.32344508474981,1,0.0,1,0,0,0,0,0.4
4833,19.0,113.67175487843433,2,0.0,1,1,1,1,0,0.9
4834,22.0,30.6648550189518,1,0.0,1,0,0,0,0,0.4
4835,27.0,34.48187929913333,1,0.0,1,1,1,0,0,0.6
4836,42.0,36.23074201098656,1,0.0,1,1,0,0,0,0.5
4837,38.0,43.86342439892262,1,0.0,1,1,0,0,0,0.5
4838,27.5,27.577164466275352,1,0.0,0,0,0,0,0,0.3
4839,25.0,,1,0.0,0,0,0,0,0,0.2
4840,45.0,53.3572862878164,1,0.0,1,0,0,0,0,0.4
4841,0.0,0.0,1,0.0,0,0,0,0,0,0.1
4842,31.0,,1,0.0,0,0,0,0,0,0.2
4843,28.0,,1,0.0,0,0,0,0,0,0.2
4844,29.0,,1,0.0,0,0,0,0,0,0.2
4845,18.0,,1,0.0,0,0,0,0,0,0.2
4846,43.0,21.1266025033211,1,0.0,1,0,0,0,0,0.4
4847,17.0,,1,0.0,0,0,0,0,0,0.2
4848,20.0,27.94279871451677,1,0.0,1,1,1,0,0,0.6
4849,21.5,0.7071067811865476,1,0.0,0,0,0,0,0,0.3
4850,28.0,,1,0.0,0,0,0,0,0,0.2
4851,17.0,17.529974329701684,1,0.0,1,1,1,0,0,0.6
4852,0.0,0.0,1,0.0,0,0,0,0,0,0.1
4853,31.0,9.899494936611665,1,0.0,1,1,1,0,0,0.6
4854,26.0,13.685759021698432,1,0.0,1,1,1,0,0,0.6
4855,22.0,24.37621791829077,1,0.0,1,1,1,0,0,0.6
4856,15.0,,1,0.0,0,0,0,0,0,0.2
4857,14.0,,1,0.0,0,0,0,0,0,0.2
4858,42.5,34.64823227814083,1,0.0,0,0,0,0,0,0.3
4859,52.0,13.85640646055102,1,0.0,1,0,0,0,0,0.4
4860,22.0,0.0,1,0.0,0,0,0,0,0,0.3
4861,4.0,32.34707611722168,1,0.0,1,0,0,0,0,0.4
4862,0.0,0.0,1,0.0,0,0,0,0,0,0.1
4863,13.0,,1,0.0,0,0,0,0,0,0.2
4864,36.0,30.44667469527666,1,0.0,1,0,0,0,0,0.4
4865,0.0,0.0,1,0.0,0,0,0,0,0,0.1
4866,39.0,,1,0.0,0,0,0,0,0,0.2
4867,57.0,25.059928172283335,1,0.0,1,0,0,0,0,0.4
4868,36.0,5.656854249492381,1,0.0,0,0,0,0,0,0.3
4869,0.0,0.0,1,0.0,0,0,0,0,0,0.1
4870,30.0,,1,0.0,0,0,0,0,0,0.2
4871,27.5,51.475202074119416,1,1.0,1,1,1,0,0,0.9
4872,5.0,,1,0.0,0,0,0,0,0,0.2
4873,0.0,0.0,1,0.0,0,0,0,0,0,0.1
4874,25.5,29.999702379476084,1,1.0,1,1,1,0,0,0.9
4875,9.0,,1,0.0,0,0,0,0,0,0.2
4876,0.0,0.0,1,0.0,0,0,0,0,0,0.1
4877,29.0,34.32928778754374,1,0.0,1,1,1,0,0,0.6
4878,19.0,,1,0.0,0,0,0,0,0,0.2
4879,17.0,,1,0.0,0,0,0,0,0,0.2
4880,43.5,31.81980515339464,1,0.0,0,0,0,0,0,0.3
4881,0.0,0.0,1,0.0,0,0,0,0,0,0.1
4882,19.0,25.455844122715714,2,0.0,0,0,0,0,0,0.3
4883,18.5,6.3639610306789285,1,0.0,0,0,0,0,0,0.3
4884,26.0,14.14213562373095,1,0.0,0,0,0,0,0,0.3
4885,13.0,11.150485789118488,1,0.0,1,0,0,0,0,0.4
4886,25.0,,1,0.0,0,0,0,0,0,0.2
4887,0.0,0.0,1,0.0,0,0,0,0,0,0.1
4888,18.0,,1,0.0,0,0,0,0,0,0.2
4889,17.0,45.34681172181053,1,0.0,1,0,0,0,0,0.4
4890,45.0,29.608557321603268,1,0.0,1,1,0,0,0,0.5
4891,36.0,25.946097972527586,1,0.0,1,1,1,0,0,0.6
4892,36.0,15.307950004273378,1,0.0,1,0,0,0,0,0.4
4893,39.5,24.748737341529164,1,0.0,0,0,0,0,0,0.3
4894,33.0,,1,0.0,0,0,0,0,0,0.2
4895,19.0,13.334166640626627,1,0.0,1,1,1,0,0,0.6
4896,32.0,24.041630560342618,1,0.0,0,0,0,0,0,0.3
4897,0.0,0.0,1,0.0,0,0,0,0,0,0.1
4898,17.0,,1,0.0,0,0,0,0,0,0.2
4899,25.0,26.888659319497503,1,0.0,1,0,0,0,0,0.4
4900,2.0,,1,0.0,0,0,0,0,0,0.2
4901,23.0,,1,0.0,0,0,0,0,0,0.2
4902,37.0,38.626415831655926,1,0.0,1,0,0,0,0,0.4
4903,5.0,,1,0.0,0,0,0,0,0,0.2
4904,41.0,,1,0.0,0,0,0,0,0,0.2
4905,26.0,25.455844122715714,1,0.0,0,0,0,0,0,0.3
4906,19.0,,1,0.0,0,0,0,0,0,0.2
4907,5.0,,1,0.0,0,0,0,0,0,0.2
4908,18.0,35.552777669262355,1,0.0,1,0,0,0,0,0.4
4909,11.0,36.49657518178932,1,0.0,1,0,0,0,0,0.4
4910,29.0,10.016652800877813,1,0.0,1,0,0,0,0,0.4
4911,2.0,,1,0.0,0,0,0,0,0,0.2
4912,0.0,0.0,1,0.0,0,0,0,0,0,0.1
4913,6.0,,1,0.0,0,0,0,0,0,0.2
4914,1.0,,2,0.0,0,0,0,0,0,0.2
4915,13.5,17.67766952966369,2,0.0,0,0,0,0,0,0.3
4916,0.0,0.0,1,0.0,0,0,0,0,0,0.1
4917,18.0,15.240922356790428,1,1.0,1,1,1,0,0,0.9
4918,5.5,4.949747468305833,1,0.0,0,0,0,0,0,0.3
4919,53.0,41.488954353337625,1,0.0,1,0,0,0,0,0.4
4920,60.0,18.929694486000912,1,0.0,1,0,0,0,0,0.4
4921,53.5,19.09188309203678,1,0.0,0,0,0,0,0,0.3
4922,25.0,,1,0.0,0,0,0,0,0,0.2
4923,37.5,4.9916597106239795,1,0.0,1,1,0,0,0,0.5
4924,12.0,8.48528137423857,1,0.0,0,0,0,0,0,0.3
4925,25.0,,1,0.0,0,0,0,0,0,0.2
4926,0.0,0.0,1,0.0,0,0,0,0,0,0.1
4927,0.0,0.0,1,0.0,0,0,0,0,0,0.1
4928,12.0,,1,0.0,0,0,0,0,0,0.2
4929,64.0,40.869711686447374,1,0.0,1,0,0,0,0,0.4
4930,33.0,17.7857620959388,1,0.0,1,0,0,0,0,0.4
4931,0.0,0.0,1,0.0,0,0,0,0,0,0.1
4932,13.0,16.09347693943108,1,0.0,1,0,0,0,0,0.4
4933,30.0,,1,0.0,0,0,0,0,0,0.2
4934,19.0,26.105554964413223,1,0.0,1,1,1,0,0,0.6
4935,0.0,0.0,1,0.0,0,0,0,0,0,0.1
4936,5.0,,1,0.0,0,0,0,0,0,0.2
4937,37.0,,1,0.0,0,0,0,0,0,0.2
4938,26.0,8.48528137423857,1,0.0,0,0,0,0,0,0.3
4939,13.0,,1,0.0,0,0,0,0,0,0.2
4940,2.0,,1,0.0,0,0,0,0,0,0.2
4941,64.0,52.507142371300304,1,0.0,1,0,0,0,0,0.4
4942,35.0,23.302360395462088,1,0.0,1,0,0,0,0,0.4
4943,29.0,,1,0.0,0,0,0,0,0,0.2
4944,34.0,26.27419519858474,1,0.0,1,0,0,0,0,0.4
4945,4.0,2.8284271247461903,1,0.0,0,0,0,0,0,0.3
4946,29.0,19.313207915827963,1,0.0,1,0,0,0,0,0.4
4947,26.5,19.09188309203678,1,0.0,0,0,0,0,0,0.3
4948,30.0,29.39047464740915,1,0.0,1,1,1,0,0,0.6
4949,31.0,,1,0.0,0,0,0,0,0,0.2
4950,13.0,,1,0.0,0,0,0,0,0,0.2
4951,36.0,17.55942292142123,1,0.0,1,0,0,0,0,0.4
4952,0.0,0.0,1,0.0,0,0,0,0,0,0.1
4953,11.0,,1,0.0,0,0,0,0,0,0.2
4954,13.0,18.384776310850235,2,0.0,0,0,0,0,0,0.3
4955,56.0,45.1811169996198,1,0.0,1,0,0,0,0,0.4
4956,23.5,45.37699228211836,1,1.0,1,1,1,0,0,0.9
4957,43.0,20.404247923737188,1,0.0,1,0,0,0,0,0.4
4958,21.0,,1,0.0,0,0,0,0,0,0.2
4959,13.0,,1,0.0,0,0,0,0,0,0.2
4960,37.0,,1,0.0,0,0,0,0,0,0.2
4961,39.0,19.79898987322333,1,0.0,0,0,0,0,0,0.3
4962,0.0,0.0,1,0.0,0,0,0,0,0,0.1
4963,16.0,,1,0.0,0,0,0,0,0,0.2
4964,27.5,2.1213203435596424,1,0.0,0,0,0,0,0,0.3
4965,34.0,24.566236993076494,1,0.0,1,1,1,0,0,0.6
4966,40.0,20.132891827388665,1,0.0,1,0,0,0,0,0.4
4967,44.0,38.18376618407356,1,0.0,0,0,0,0,0,0.3
4968,26.0,,1,0.0,0,0,0,0,0,0.2
4969,31.5,36.062445840513924,1,0.0,0,0,0,0,0,0.3
4970,0.0,0.0,1,0.0,0,0,0,0,0,0.1
4971,14.0,13.442470011125188,1,0.0,1,1,1,0,0,0.6
4972,13.0,55.41058863911602,1,0.0,1,0,0,0,0,0.4
4973,21.0,,1,0.0,0,0,0,0,0,0.2
4974,27.5,37.193189340702325,2,0.0,1,1,0,0,0,0.5
4975,30.0,12.767145334803706,1,0.0,1,0,0,0,0,0.4
4976,19.0,,1,0.0,0,0,0,0,0,0.2
4977,23.0,44.226688774991956,1,0.0,1,0,0,0,0,0.4
4978,8.0,,1,0.0,0,0,0,0,0,0.2
4979,0.0,0.0,1,0.0,0,0,0,0,0,0.1
4980,38.5,26.162950903902257,1,0.0,0,0,0,0,0,0.3
4981,30.0,39.208417463600846,1,0.0,1,1,1,0,0,0.6
4982,55.0,37.58102358017053,1,0.0,1,0,0,0,0,0.4
4983,0.0,0.0,1,0.0,0,0,0,0,0,0.1
4984,23.0,37.172570532584906,1,0.0,1,1,1,0,0,0.6
4985,35.0,,1,0.0,0,0,0,0,0,0.2
4986,32.0,28.86693610343848,1,0.0,1,1,1,0,0,0.6
4987,50.0,28.219378684395824,1,0.0,1,0,0,0,0,0.4
4988,0.0,0.0,1,0.0,0,0,0,0,0,0.1
4989,29.0,,1,0.0,0,0,0,0,0,0.2
4990,0.0,0.0,1,0.0,0,0,0,0,0,0.1
4991,32.5,91.48994870632355,1,1.0,1,1,1,0,0,0.9
4992,23.0,12.735776379946374,1,0.0,1,1,1,0,0,0.6
4993,13.0,15.556349186104045,1,0.0,0,0,0,0,0,0.3
4994,1.0,,2,0.0,0,0,0,0,0,0.2
4995,59.0,27.2213151776324,1,0.0,1,0,0,0,0,0.4
4996,24.0,16.3707055437449,1,0.0,1,0,0,0,0,0.4
4997,29.0,18.027756377319946,1,0.0,1,0,0,0,0,0.4
4998,1.0,,2,0.0,0,0,0,0,0,0.2
4999,19.0,16.97056274847714,1,0.0,0,0,0,0,0,0.3
5000,30.0,29.698484809834994,1,0.0,0,0,0,0,0,0.3
