user_id,event_type,timestamp
1,app_opened,2026-03-08 12:54:59.384615
1,account_created,2026-03-09 02:54:59.384615
1,kyc_started,2026-03-09 20:54:59.384615
2,app_opened,2026-03-06 08:54:59.384664
3,app_opened,2026-04-13 03:54:59.384676
3,account_created,2026-04-12 10:54:59.384676
3,kyc_started,2026-04-13 16:54:59.384676
3,kyc_completed,2026-04-14 19:54:59.384676
4,app_opened,2026-03-04 05:54:59.384697
4,account_created,2026-03-04 11:54:59.384697
4,kyc_started,2026-03-05 23:54:59.384697
5,app_opened,2026-04-17 14:54:59.384712
5,account_created,2026-04-18 06:54:59.384712
5,kyc_started,2026-04-19 10:54:59.384712
6,app_opened,2026-03-27 12:54:59.384728
6,account_created,2026-03-27 15:54:59.384728
6,kyc_started,2026-03-29 12:54:59.384728
7,app_opened,2026-04-16 08:54:59.384742
7,account_created,2026-04-15 16:54:59.384742
8,app_opened,2026-03-24 11:54:59.384754
8,account_created,2026-03-26 01:54:59.384754
8,kyc_started,2026-03-28 00:54:59.384754
8,kyc_completed,2026-04-01 18:54:59.384754
8,deposit_made,2026-04-03 13:54:59.384754
8,transaction_made,2026-04-03 23:54:59.384754
9,app_opened,2026-04-03 12:54:59.384779
9,account_created,2026-04-04 14:54:59.384779
9,kyc_started,2026-04-06 13:54:59.384779
9,kyc_completed,2026-04-09 10:54:59.384779
9,deposit_made,2026-04-10 04:54:59.384779
9,transaction_made,2026-04-11 02:54:59.384779
10,app_opened,2026-03-11 05:54:59.384804
10,account_created,2026-03-12 07:54:59.384804
10,kyc_started,2026-03-14 19:54:59.384804
10,kyc_completed,2026-03-19 04:54:59.384804
11,app_opened,2026-04-04 06:54:59.384823
11,account_created,2026-04-03 12:54:59.384823
11,kyc_started,2026-04-03 17:54:59.384823
12,app_opened,2026-03-23 17:54:59.384836
12,account_created,2026-03-24 21:54:59.384836
13,app_opened,2026-03-28 15:54:59.384899
13,account_created,2026-03-29 10:54:59.384899
14,app_opened,2026-03-07 23:54:59.384910
14,account_created,2026-03-07 17:54:59.384910
14,kyc_started,2026-03-10 17:54:59.384910
14,kyc_completed,2026-03-15 16:54:59.384910
15,app_opened,2026-03-11 21:54:59.384933
15,account_created,2026-03-11 17:54:59.384933
15,kyc_started,2026-03-12 05:54:59.384933
16,app_opened,2026-04-10 13:54:59.384947
16,account_created,2026-04-12 04:54:59.384947
16,kyc_started,2026-04-12 13:54:59.384947
16,kyc_completed,2026-04-16 17:54:59.384947
17,app_opened,2026-03-15 17:54:59.384964
18,app_opened,2026-04-18 06:54:59.384970
18,account_created,2026-04-19 04:54:59.384970
19,app_opened,2026-04-01 05:54:59.384981
19,account_created,2026-04-01 03:54:59.384981
19,kyc_started,2026-04-03 14:54:59.384981
19,kyc_completed,2026-04-08 10:54:59.384981
20,app_opened,2026-04-02 01:54:59.384999
20,account_created,2026-04-02 17:54:59.384999
21,app_opened,2026-03-08 18:54:59.385009
21,account_created,2026-03-09 17:54:59.385009
21,kyc_started,2026-03-10 13:54:59.385009
21,kyc_completed,2026-03-12 09:54:59.385009
22,app_opened,2026-03-15 09:54:59.385026
22,account_created,2026-03-16 16:54:59.385026
22,kyc_started,2026-03-18 15:54:59.385026
23,app_opened,2026-03-29 16:54:59.385040
23,account_created,2026-03-30 21:54:59.385040
24,app_opened,2026-04-13 08:54:59.385050
24,account_created,2026-04-12 13:54:59.385050
25,app_opened,2026-03-14 13:54:59.385061
25,account_created,2026-03-15 15:54:59.385061
26,app_opened,2026-04-07 17:54:59.385071
26,account_created,2026-04-08 23:54:59.385071
26,kyc_started,2026-04-10 03:54:59.385071
27,app_opened,2026-03-04 15:54:59.385087
27,account_created,2026-03-05 10:54:59.385087
28,app_opened,2026-03-07 20:54:59.385098
28,account_created,2026-03-08 18:54:59.385098
28,kyc_started,2026-03-10 02:54:59.385098
28,kyc_completed,2026-03-12 21:54:59.385098
28,deposit_made,2026-03-14 09:54:59.385098
28,transaction_made,2026-03-14 17:54:59.385098
28,credit_product_viewed,2026-03-26 17:54:59.385098
28,credit_application_started,2026-03-28 10:54:59.385098
28,credit_application_completed,2026-03-28 13:54:59.385098
29,app_opened,2026-04-15 19:54:59.385133
29,account_created,2026-04-16 00:54:59.385133
29,kyc_started,2026-04-18 15:54:59.385133
29,kyc_completed,2026-04-20 07:54:59.385133
30,app_opened,2026-03-13 03:54:59.385150
30,account_created,2026-03-13 15:54:59.385150
31,app_opened,2026-04-05 12:54:59.385161
31,account_created,2026-04-06 12:54:59.385161
31,kyc_started,2026-04-08 17:54:59.385161
31,kyc_completed,2026-04-13 14:54:59.385161
31,deposit_made,2026-04-15 08:54:59.385161
32,app_opened,2026-04-11 10:54:59.385181
32,account_created,2026-04-12 06:54:59.385181
33,app_opened,2026-04-11 16:54:59.385191
33,account_created,2026-04-12 19:54:59.385191
33,kyc_started,2026-04-15 02:54:59.385191
33,kyc_completed,2026-04-18 13:54:59.385191
33,deposit_made,2026-04-18 18:54:59.385191
33,transaction_made,2026-04-19 12:54:59.385191
33,credit_product_viewed,2026-04-30 12:54:59.385191
33,credit_application_started,2026-05-01 23:54:59.385191
33,credit_application_cancelled,2026-05-02 02:54:59.385191
34,app_opened,2026-04-02 14:54:59.385229
34,account_created,2026-04-03 15:54:59.385229
34,kyc_started,2026-04-05 19:54:59.385229
35,app_opened,2026-04-07 21:54:59.385243
35,account_created,2026-04-08 09:54:59.385243
35,kyc_started,2026-04-10 20:54:59.385243
35,kyc_completed,2026-04-15 13:54:59.385243
36,app_opened,2026-03-14 06:54:59.385259
36,account_created,2026-03-13 18:54:59.385259
36,kyc_started,2026-03-14 22:54:59.385259
37,app_opened,2026-03-12 08:54:59.385273
37,account_created,2026-03-13 08:54:59.385273
37,kyc_started,2026-03-13 15:54:59.385273
37,kyc_completed,2026-03-17 07:54:59.385273
38,app_opened,2026-03-15 14:54:59.385290
38,account_created,2026-03-16 17:54:59.385290
38,kyc_started,2026-03-17 17:54:59.385290
38,kyc_completed,2026-03-19 01:54:59.385290
39,app_opened,2026-04-02 21:54:59.385307
39,account_created,2026-04-03 21:54:59.385307
39,kyc_started,2026-04-04 03:54:59.385307
40,app_opened,2026-03-23 06:54:59.385321
40,account_created,2026-03-23 18:54:59.385321
40,kyc_started,2026-03-25 04:54:59.385321
40,kyc_completed,2026-03-29 23:54:59.385321
40,deposit_made,2026-03-30 16:54:59.385321
40,transaction_made,2026-03-31 14:54:59.385321
41,app_opened,2026-03-19 19:54:59.385360
42,app_opened,2026-04-13 09:54:59.385367
42,account_created,2026-04-14 21:54:59.385367
43,app_opened,2026-04-14 02:54:59.385377
43,account_created,2026-04-14 01:54:59.385377
43,kyc_started,2026-04-15 22:54:59.385377
44,app_opened,2026-04-02 20:54:59.385394
44,account_created,2026-04-03 13:54:59.385394
45,app_opened,2026-03-03 18:54:59.385404
45,account_created,2026-03-05 02:54:59.385404
45,kyc_started,2026-03-08 01:54:59.385404
45,kyc_completed,2026-03-12 13:54:59.385404
45,deposit_made,2026-03-12 22:54:59.385404
45,transaction_made,2026-03-13 02:54:59.385404
46,app_opened,2026-04-08 17:54:59.385428
46,account_created,2026-04-08 22:54:59.385428
47,app_opened,2026-04-05 06:54:59.385438
47,account_created,2026-04-05 01:54:59.385438
47,kyc_started,2026-04-06 10:54:59.385438
48,app_opened,2026-04-14 11:54:59.385452
48,account_created,2026-04-15 02:54:59.385452
48,kyc_started,2026-04-16 21:54:59.385452
49,app_opened,2026-03-08 17:54:59.385465
49,account_created,2026-03-09 13:54:59.385465
49,kyc_started,2026-03-11 20:54:59.385465
49,kyc_completed,2026-03-13 10:54:59.385465
49,deposit_made,2026-03-15 07:54:59.385465
50,app_opened,2026-03-14 10:54:59.385485
50,account_created,2026-03-15 22:54:59.385485
50,kyc_started,2026-03-18 06:54:59.385485
50,kyc_completed,2026-03-20 21:54:59.385485
50,deposit_made,2026-03-21 00:54:59.385485
51,app_opened,2026-04-05 06:54:59.385506
51,account_created,2026-04-04 15:54:59.385506
51,kyc_started,2026-04-07 15:54:59.385506
52,app_opened,2026-03-23 04:54:59.385523
52,account_created,2026-03-23 00:54:59.385523
53,app_opened,2026-04-06 22:54:59.385534
53,account_created,2026-04-08 08:54:59.385534
54,app_opened,2026-03-23 06:54:59.385545
55,app_opened,2026-04-02 17:54:59.385552
55,account_created,2026-04-04 05:54:59.385552
55,kyc_started,2026-04-04 10:54:59.385552
56,app_opened,2026-04-03 15:54:59.385569
56,account_created,2026-04-04 14:54:59.385569
56,kyc_started,2026-04-05 20:54:59.385569
56,kyc_completed,2026-04-10 08:54:59.385569
56,deposit_made,2026-04-11 06:54:59.385569
56,transaction_made,2026-04-11 09:54:59.385569
57,app_opened,2026-03-31 20:54:59.385592
57,account_created,2026-04-01 10:54:59.385592
57,kyc_started,2026-04-04 07:54:59.385592
57,kyc_completed,2026-04-05 10:54:59.385592
57,deposit_made,2026-04-06 03:54:59.385592
57,transaction_made,2026-04-06 12:54:59.385592
57,credit_product_viewed,2026-04-16 12:54:59.385592
57,credit_application_started,2026-04-17 16:54:59.385592
57,credit_application_completed,2026-04-18 03:54:59.385592
58,app_opened,2026-03-22 04:54:59.385627
59,app_opened,2026-04-10 21:54:59.385634
60,app_opened,2026-04-05 17:54:59.385640
60,account_created,2026-04-06 12:54:59.385640
60,kyc_started,2026-04-09 09:54:59.385640
61,app_opened,2026-03-06 15:54:59.385654
61,account_created,2026-03-06 13:54:59.385654
62,app_opened,2026-03-28 04:54:59.385664
62,account_created,2026-03-27 16:54:59.385664
63,app_opened,2026-03-30 01:54:59.385680
63,account_created,2026-03-30 11:54:59.385680
63,kyc_started,2026-04-01 01:54:59.385680
63,kyc_completed,2026-04-03 01:54:59.385680
63,deposit_made,2026-04-04 02:54:59.385680
63,transaction_made,2026-04-04 08:54:59.385680
64,app_opened,2026-03-29 21:54:59.385704
64,account_created,2026-03-29 09:54:59.385704
64,kyc_started,2026-03-30 12:54:59.385704
64,kyc_completed,2026-04-03 14:54:59.385704
65,app_opened,2026-03-28 23:54:59.385721
65,account_created,2026-03-30 04:54:59.385721
65,kyc_started,2026-04-01 17:54:59.385721
66,app_opened,2026-04-08 06:54:59.385734
66,account_created,2026-04-08 17:54:59.385734
66,kyc_started,2026-04-10 12:54:59.385734
66,kyc_completed,2026-04-15 12:54:59.385734
66,deposit_made,2026-04-16 08:54:59.385734
66,transaction_made,2026-04-16 15:54:59.385734
66,credit_product_viewed,2026-04-17 15:54:59.385734
66,credit_application_started,2026-04-18 07:54:59.385734
66,credit_application_cancelled,2026-04-19 03:54:59.385734
67,app_opened,2026-04-13 23:54:59.385768
67,account_created,2026-04-15 01:54:59.385768
67,kyc_started,2026-04-17 03:54:59.385768
67,kyc_completed,2026-04-19 10:54:59.385768
67,deposit_made,2026-04-21 07:54:59.385768
67,transaction_made,2026-04-21 11:54:59.385768
68,app_opened,2026-04-03 14:54:59.385794
68,account_created,2026-04-05 05:54:59.385794
68,kyc_started,2026-04-05 12:54:59.385794
68,kyc_completed,2026-04-07 03:54:59.385794
68,deposit_made,2026-04-08 09:54:59.385794
68,transaction_made,2026-04-09 03:54:59.385794
69,app_opened,2026-03-21 04:54:59.385826
69,account_created,2026-03-21 17:54:59.385826
69,kyc_started,2026-03-24 16:54:59.385826
69,kyc_completed,2026-03-26 12:54:59.385826
70,app_opened,2026-03-18 23:54:59.385853
70,account_created,2026-03-19 00:54:59.385853
71,app_opened,2026-04-01 01:54:59.385863
71,account_created,2026-04-01 00:54:59.385863
71,kyc_started,2026-04-01 10:54:59.385863
72,app_opened,2026-04-02 17:54:59.385877
72,account_created,2026-04-03 19:54:59.385877
72,kyc_started,2026-04-04 15:54:59.385877
72,kyc_completed,2026-04-09 07:54:59.385877
72,deposit_made,2026-04-09 21:54:59.385877
72,transaction_made,2026-04-10 11:54:59.385877
73,app_opened,2026-03-19 22:54:59.385900
73,account_created,2026-03-20 11:54:59.385900
73,kyc_started,2026-03-20 14:54:59.385900
74,app_opened,2026-03-12 21:54:59.385914
74,account_created,2026-03-13 07:54:59.385914
74,kyc_started,2026-03-15 09:54:59.385914
75,app_opened,2026-03-23 02:54:59.385927
75,account_created,2026-03-23 19:54:59.385927
76,app_opened,2026-04-04 00:54:59.385938
76,account_created,2026-04-04 12:54:59.385938
76,kyc_started,2026-04-06 14:54:59.385938
76,kyc_completed,2026-04-11 04:54:59.385938
77,app_opened,2026-04-07 23:54:59.385954
78,app_opened,2026-03-10 02:54:59.385961
78,account_created,2026-03-10 10:54:59.385961
78,kyc_started,2026-03-10 14:54:59.385961
78,kyc_completed,2026-03-13 20:54:59.385961
78,deposit_made,2026-03-15 02:54:59.385961
78,transaction_made,2026-03-15 11:54:59.385961
79,app_opened,2026-04-04 23:54:59.385988
79,account_created,2026-04-05 09:54:59.385988
79,kyc_started,2026-04-07 15:54:59.385988
79,kyc_completed,2026-04-09 01:54:59.385988
79,deposit_made,2026-04-11 01:54:59.385988
79,transaction_made,2026-04-11 13:54:59.385988
79,credit_product_viewed,2026-04-13 13:54:59.385988
79,credit_application_started,2026-04-15 07:54:59.385988
79,credit_application_completed,2026-04-15 08:54:59.385988
80,app_opened,2026-04-02 15:54:59.386021
80,account_created,2026-04-04 00:54:59.386021
80,kyc_started,2026-04-04 17:54:59.386021
80,kyc_completed,2026-04-06 07:54:59.386021
81,app_opened,2026-04-04 23:54:59.386038
81,account_created,2026-04-05 08:54:59.386038
81,kyc_started,2026-04-05 23:54:59.386038
82,app_opened,2026-04-07 18:54:59.386051
82,account_created,2026-04-07 10:54:59.386051
83,app_opened,2026-03-13 06:54:59.386062
84,app_opened,2026-03-24 21:54:59.386068
85,app_opened,2026-04-05 11:54:59.386075
85,account_created,2026-04-07 01:54:59.386075
85,kyc_started,2026-04-08 16:54:59.386075
86,app_opened,2026-03-10 12:54:59.386089
86,account_created,2026-03-11 21:54:59.386089
87,app_opened,2026-03-27 02:54:59.386099
87,account_created,2026-03-27 08:54:59.386099
87,kyc_started,2026-03-29 04:54:59.386099
87,kyc_completed,2026-04-01 09:54:59.386099
88,app_opened,2026-04-11 22:54:59.386119
89,app_opened,2026-03-08 23:54:59.386125
89,account_created,2026-03-09 12:54:59.386125
89,kyc_started,2026-03-12 07:54:59.386125
90,app_opened,2026-04-01 04:54:59.386139
90,account_created,2026-04-01 19:54:59.386139
91,app_opened,2026-03-19 22:54:59.386152
91,account_created,2026-03-20 22:54:59.386152
91,kyc_started,2026-03-22 06:54:59.386152
92,app_opened,2026-04-12 17:54:59.386165
93,app_opened,2026-04-02 23:54:59.386172
93,account_created,2026-04-04 03:54:59.386172
93,kyc_started,2026-04-04 07:54:59.386172
93,kyc_completed,2026-04-07 00:54:59.386172
93,deposit_made,2026-04-07 14:54:59.386172
93,transaction_made,2026-04-07 23:54:59.386172
94,app_opened,2026-03-11 07:54:59.386199
95,app_opened,2026-03-13 09:54:59.386206
95,account_created,2026-03-13 21:54:59.386206
95,kyc_started,2026-03-16 02:54:59.386206
95,kyc_completed,2026-03-18 08:54:59.386206
96,app_opened,2026-03-08 07:54:59.386222
96,account_created,2026-03-07 10:54:59.386222
96,kyc_started,2026-03-08 15:54:59.386222
96,kyc_completed,2026-03-10 22:54:59.386222
96,deposit_made,2026-03-12 12:54:59.386222
96,transaction_made,2026-03-13 06:54:59.386222
97,app_opened,2026-03-22 08:54:59.386246
97,account_created,2026-03-22 07:54:59.386246
98,app_opened,2026-03-31 18:54:59.386256
98,account_created,2026-03-31 16:54:59.386256
99,app_opened,2026-03-28 12:54:59.386268
99,account_created,2026-03-30 05:54:59.386268
99,kyc_started,2026-03-31 09:54:59.386268
100,app_opened,2026-04-01 08:54:59.386284
100,account_created,2026-04-01 18:54:59.386284
100,kyc_started,2026-04-02 07:54:59.386284
101,app_opened,2026-03-30 16:54:59.386297
101,account_created,2026-03-31 04:54:59.386297
101,kyc_started,2026-04-03 01:54:59.386297
101,kyc_completed,2026-04-04 06:54:59.386297
102,app_opened,2026-03-13 18:54:59.386314
102,account_created,2026-03-13 17:54:59.386314
102,kyc_started,2026-03-16 08:54:59.386314
102,kyc_completed,2026-03-17 09:54:59.386314
103,app_opened,2026-03-19 00:54:59.386365
103,account_created,2026-03-18 20:54:59.386365
104,app_opened,2026-04-02 00:54:59.386376
104,account_created,2026-04-01 13:54:59.386376
104,kyc_started,2026-04-01 23:54:59.386376
104,kyc_completed,2026-04-06 14:54:59.386376
104,deposit_made,2026-04-07 00:54:59.386376
105,app_opened,2026-03-29 11:54:59.386396
106,app_opened,2026-04-11 02:54:59.386403
106,account_created,2026-04-11 23:54:59.386403
106,kyc_started,2026-04-13 04:54:59.386403
107,app_opened,2026-03-24 23:54:59.386416
108,app_opened,2026-03-30 03:54:59.386423
109,app_opened,2026-03-30 03:54:59.386430
109,account_created,2026-03-31 00:54:59.386430
110,app_opened,2026-04-11 15:54:59.386440
110,account_created,2026-04-12 01:54:59.386440
110,kyc_started,2026-04-12 22:54:59.386440
110,kyc_completed,2026-04-16 20:54:59.386440
110,deposit_made,2026-04-16 21:54:59.386440
110,transaction_made,2026-04-17 20:54:59.386440
111,app_opened,2026-03-30 10:54:59.386467
111,account_created,2026-04-01 06:54:59.386467
111,kyc_started,2026-04-03 17:54:59.386467
111,kyc_completed,2026-04-05 22:54:59.386467
112,app_opened,2026-03-09 03:54:59.386486
112,account_created,2026-03-08 21:54:59.386486
112,kyc_started,2026-03-11 19:54:59.386486
112,kyc_completed,2026-03-13 14:54:59.386486
113,app_opened,2026-04-08 11:54:59.386503
113,account_created,2026-04-09 04:54:59.386503
113,kyc_started,2026-04-10 17:54:59.386503
113,kyc_completed,2026-04-14 04:54:59.386503
114,app_opened,2026-03-04 21:54:59.386521
115,app_opened,2026-03-17 02:54:59.386527
115,account_created,2026-03-16 14:54:59.386527
115,kyc_started,2026-03-18 22:54:59.386527
116,app_opened,2026-03-10 17:54:59.386541
116,account_created,2026-03-10 23:54:59.386541
117,app_opened,2026-03-13 03:54:59.386551
118,app_opened,2026-03-05 17:54:59.386558
118,account_created,2026-03-05 20:54:59.386558
118,kyc_started,2026-03-08 05:54:59.386558
119,app_opened,2026-04-07 03:54:59.386572
119,account_created,2026-04-07 16:54:59.386572
120,app_opened,2026-03-18 20:54:59.386582
120,account_created,2026-03-19 05:54:59.386582
120,kyc_started,2026-03-20 02:54:59.386582
120,kyc_completed,2026-03-24 18:54:59.386582
120,deposit_made,2026-03-26 13:54:59.386582
121,app_opened,2026-03-13 10:54:59.386605
121,account_created,2026-03-14 05:54:59.386605
121,kyc_started,2026-03-14 20:54:59.386605
122,app_opened,2026-03-24 01:54:59.386622
122,account_created,2026-03-23 09:54:59.386622
122,kyc_started,2026-03-26 07:54:59.386622
122,kyc_completed,2026-03-27 13:54:59.386622
122,deposit_made,2026-03-28 13:54:59.386622
122,transaction_made,2026-03-29 05:54:59.386622
123,app_opened,2026-04-14 15:54:59.386645
123,account_created,2026-04-14 17:54:59.386645
124,app_opened,2026-03-21 07:54:59.386655
124,account_created,2026-03-20 10:54:59.386655
125,app_opened,2026-03-10 16:54:59.386665
125,account_created,2026-03-11 04:54:59.386665
125,kyc_started,2026-03-14 03:54:59.386665
125,kyc_completed,2026-03-16 07:54:59.386665
126,app_opened,2026-04-10 23:54:59.386682
127,app_opened,2026-03-07 13:54:59.386689
127,account_created,2026-03-09 06:54:59.386689
127,kyc_started,2026-03-10 17:54:59.386689
127,kyc_completed,2026-03-14 06:54:59.386689
128,app_opened,2026-04-02 23:54:59.386706
128,account_created,2026-04-03 09:54:59.386706
128,kyc_started,2026-04-06 03:54:59.386706
129,app_opened,2026-04-09 11:54:59.386719
129,account_created,2026-04-10 11:54:59.386719
129,kyc_started,2026-04-13 04:54:59.386719
129,kyc_completed,2026-04-14 04:54:59.386719
129,deposit_made,2026-04-15 00:54:59.386719
130,app_opened,2026-03-12 06:54:59.386742
130,account_created,2026-03-11 18:54:59.386742
130,kyc_started,2026-03-14 08:54:59.386742
130,kyc_completed,2026-03-18 06:54:59.386742
131,app_opened,2026-03-24 23:54:59.386759
132,app_opened,2026-04-06 07:54:59.386766
132,account_created,2026-04-06 09:54:59.386766
132,kyc_started,2026-04-08 14:54:59.386766
132,kyc_completed,2026-04-13 13:54:59.386766
132,deposit_made,2026-04-14 14:54:59.386766
132,transaction_made,2026-04-15 12:54:59.386766
133,app_opened,2026-03-07 13:54:59.386793
133,account_created,2026-03-07 11:54:59.386793
133,kyc_started,2026-03-09 06:54:59.386793
134,app_opened,2026-03-20 12:54:59.386806
134,account_created,2026-03-21 14:54:59.386806
134,kyc_started,2026-03-22 09:54:59.386806
134,kyc_completed,2026-03-26 20:54:59.386806
135,app_opened,2026-04-14 00:54:59.386823
135,account_created,2026-04-14 01:54:59.386823
135,kyc_started,2026-04-16 04:54:59.386823
136,app_opened,2026-03-28 06:54:59.386837
137,app_opened,2026-03-24 19:54:59.386850
137,account_created,2026-03-25 16:54:59.386850
138,app_opened,2026-04-16 04:54:59.386861
138,account_created,2026-04-17 01:54:59.386861
138,kyc_started,2026-04-18 14:54:59.386861
139,app_opened,2026-04-12 22:54:59.386874
140,app_opened,2026-03-09 07:54:59.386881
141,app_opened,2026-03-20 14:54:59.386888
141,account_created,2026-03-20 10:54:59.386888
141,kyc_started,2026-03-20 18:54:59.386888
141,kyc_completed,2026-03-23 17:54:59.386888
141,deposit_made,2026-03-24 09:54:59.386888
141,transaction_made,2026-03-25 04:54:59.386888
142,app_opened,2026-04-06 14:54:59.386916
142,account_created,2026-04-08 00:54:59.386916
143,app_opened,2026-03-10 06:54:59.386926
143,account_created,2026-03-10 22:54:59.386926
143,kyc_started,2026-03-13 10:54:59.386926
144,app_opened,2026-03-19 17:54:59.386940
144,account_created,2026-03-20 14:54:59.386940
145,app_opened,2026-03-06 02:54:59.386950
145,account_created,2026-03-06 13:54:59.386950
146,app_opened,2026-03-11 18:54:59.386960
146,account_created,2026-03-12 12:54:59.386960
146,kyc_started,2026-03-14 23:54:59.386960
147,app_opened,2026-04-05 21:54:59.386974
148,app_opened,2026-04-11 16:54:59.386981
148,account_created,2026-04-12 07:54:59.386981
148,kyc_started,2026-04-13 21:54:59.386981
148,kyc_completed,2026-04-18 09:54:59.386981
148,deposit_made,2026-04-18 10:54:59.386981
148,transaction_made,2026-04-19 08:54:59.386981
149,app_opened,2026-04-15 04:54:59.387004
149,account_created,2026-04-15 03:54:59.387004
150,app_opened,2026-04-04 04:54:59.387015
150,account_created,2026-04-03 23:54:59.387015
150,kyc_started,2026-04-05 08:54:59.387015
151,app_opened,2026-03-07 06:54:59.387031
151,account_created,2026-03-08 01:54:59.387031
151,kyc_started,2026-03-08 07:54:59.387031
151,kyc_completed,2026-03-11 15:54:59.387031
151,deposit_made,2026-03-12 15:54:59.387031
151,transaction_made,2026-03-12 18:54:59.387031
152,app_opened,2026-03-29 08:54:59.387057
152,account_created,2026-03-28 21:54:59.387057
152,kyc_started,2026-03-31 19:54:59.387057
153,app_opened,2026-03-26 01:54:59.387071
153,account_created,2026-03-26 02:54:59.387071
154,app_opened,2026-04-02 00:54:59.387082
155,app_opened,2026-03-31 08:54:59.387092
156,app_opened,2026-04-10 23:54:59.387099
157,app_opened,2026-04-08 16:54:59.387106
158,app_opened,2026-03-05 21:54:59.387113
159,app_opened,2026-03-13 20:54:59.387120
159,account_created,2026-03-14 10:54:59.387120
159,kyc_started,2026-03-17 07:54:59.387120
159,kyc_completed,2026-03-20 06:54:59.387120
160,app_opened,2026-03-05 17:54:59.387136
160,account_created,2026-03-07 01:54:59.387136
161,app_opened,2026-04-12 06:54:59.387147
161,account_created,2026-04-11 10:54:59.387147
161,kyc_started,2026-04-14 10:54:59.387147
161,kyc_completed,2026-04-18 16:54:59.387147
161,deposit_made,2026-04-18 21:54:59.387147
161,transaction_made,2026-04-19 12:54:59.387147
162,app_opened,2026-03-30 05:54:59.387170
162,account_created,2026-03-29 17:54:59.387170
162,kyc_started,2026-03-29 22:54:59.387170
162,kyc_completed,2026-04-02 13:54:59.387170
162,deposit_made,2026-04-03 05:54:59.387170
163,app_opened,2026-04-09 21:54:59.387190
163,account_created,2026-04-11 03:54:59.387190
164,app_opened,2026-03-05 02:54:59.387200
164,account_created,2026-03-06 08:54:59.387200
165,app_opened,2026-03-23 05:54:59.387213
165,account_created,2026-03-23 16:54:59.387213
165,kyc_started,2026-03-25 04:54:59.387213
165,kyc_completed,2026-03-28 03:54:59.387213
165,deposit_made,2026-03-29 08:54:59.387213
166,app_opened,2026-03-25 12:54:59.387233
167,app_opened,2026-03-26 02:54:59.387240
168,app_opened,2026-03-07 20:54:59.387247
168,account_created,2026-03-08 02:54:59.387247
168,kyc_started,2026-03-08 18:54:59.387247
169,app_opened,2026-03-19 11:54:59.387261
169,account_created,2026-03-21 02:54:59.387261
169,kyc_started,2026-03-21 05:54:59.387261
169,kyc_completed,2026-03-23 23:54:59.387261
169,deposit_made,2026-03-24 08:54:59.387261
169,transaction_made,2026-03-24 15:54:59.387261
169,credit_product_viewed,2026-04-06 15:54:59.387261
169,credit_application_started,2026-04-08 03:54:59.387261
169,credit_application_completed,2026-04-08 10:54:59.387261
170,app_opened,2026-04-03 19:54:59.387293
170,account_created,2026-04-04 23:54:59.387293
170,kyc_started,2026-04-05 18:54:59.387293
171,app_opened,2026-03-14 17:54:59.387307
171,account_created,2026-03-14 16:54:59.387307
171,kyc_started,2026-03-14 20:54:59.387307
171,kyc_completed,2026-03-17 17:54:59.387307
172,app_opened,2026-04-03 03:54:59.387324
172,account_created,2026-04-02 20:54:59.387324
172,kyc_started,2026-04-03 13:54:59.387324
173,app_opened,2026-03-15 12:54:59.387346
173,account_created,2026-03-16 15:54:59.387346
173,kyc_started,2026-03-18 14:54:59.387346
173,kyc_completed,2026-03-20 03:54:59.387346
173,deposit_made,2026-03-20 18:54:59.387346
174,app_opened,2026-04-16 08:54:59.387366
174,account_created,2026-04-17 03:54:59.387366
174,kyc_started,2026-04-19 14:54:59.387366
175,app_opened,2026-04-16 10:54:59.387379
176,app_opened,2026-03-23 22:54:59.387386
176,account_created,2026-03-24 16:54:59.387386
177,app_opened,2026-03-20 11:54:59.387399
178,app_opened,2026-03-29 04:54:59.387406
178,account_created,2026-03-28 17:54:59.387406
178,kyc_started,2026-03-31 16:54:59.387406
179,app_opened,2026-03-25 04:54:59.387420
179,account_created,2026-03-25 14:54:59.387420
179,kyc_started,2026-03-27 22:54:59.387420
179,kyc_completed,2026-04-01 15:54:59.387420
179,deposit_made,2026-04-03 09:54:59.387420
179,transaction_made,2026-04-04 03:54:59.387420
180,app_opened,2026-04-04 22:54:59.387446
180,account_created,2026-04-04 23:54:59.387446
180,kyc_started,2026-04-07 10:54:59.387446
180,kyc_completed,2026-04-12 07:54:59.387446
180,deposit_made,2026-04-13 11:54:59.387446
180,transaction_made,2026-04-13 20:54:59.387446
181,app_opened,2026-04-09 06:54:59.387469
182,app_opened,2026-04-13 11:54:59.387476
182,account_created,2026-04-13 14:54:59.387476
182,kyc_started,2026-04-15 14:54:59.387476
183,app_opened,2026-03-13 10:54:59.387490
183,account_created,2026-03-14 20:54:59.387490
183,kyc_started,2026-03-15 12:54:59.387490
183,kyc_completed,2026-03-20 01:54:59.387490
184,app_opened,2026-03-22 08:54:59.387509
184,account_created,2026-03-22 03:54:59.387509
184,kyc_started,2026-03-24 01:54:59.387509
184,kyc_completed,2026-03-27 17:54:59.387509
184,deposit_made,2026-03-29 12:54:59.387509
184,transaction_made,2026-03-29 16:54:59.387509
185,app_opened,2026-03-13 20:54:59.387614
185,account_created,2026-03-14 02:54:59.387614
185,kyc_started,2026-03-16 09:54:59.387614
186,app_opened,2026-03-10 04:54:59.387628
186,account_created,2026-03-10 20:54:59.387628
186,kyc_started,2026-03-12 07:54:59.387628
186,kyc_completed,2026-03-14 17:54:59.387628
187,app_opened,2026-03-29 19:54:59.387645
187,account_created,2026-03-29 20:54:59.387645
188,app_opened,2026-03-13 06:54:59.387655
188,account_created,2026-03-12 18:54:59.387655
189,app_opened,2026-04-16 11:54:59.387665
189,account_created,2026-04-16 22:54:59.387665
189,kyc_started,2026-04-19 09:54:59.387665
189,kyc_completed,2026-04-22 08:54:59.387665
189,deposit_made,2026-04-23 05:54:59.387665
189,transaction_made,2026-04-24 00:54:59.387665
190,app_opened,2026-04-14 13:54:59.387689
190,account_created,2026-04-16 00:54:59.387689
190,kyc_started,2026-04-16 11:54:59.387689
190,kyc_completed,2026-04-20 23:54:59.387689
190,deposit_made,2026-04-22 14:54:59.387689
190,transaction_made,2026-04-22 23:54:59.387689
190,credit_product_viewed,2026-05-01 23:54:59.387689
190,credit_application_started,2026-05-02 07:54:59.387689
190,credit_application_completed,2026-05-02 11:54:59.387689
191,app_opened,2026-03-31 06:54:59.387725
191,account_created,2026-03-31 16:54:59.387725
191,kyc_started,2026-04-02 08:54:59.387725
191,kyc_completed,2026-04-05 10:54:59.387725
192,app_opened,2026-04-14 09:54:59.387742
192,account_created,2026-04-14 22:54:59.387742
193,app_opened,2026-04-01 18:54:59.387752
193,account_created,2026-04-01 09:54:59.387752
193,kyc_started,2026-04-03 17:54:59.387752
193,kyc_completed,2026-04-06 17:54:59.387752
194,app_opened,2026-04-04 01:54:59.387772
194,account_created,2026-04-05 03:54:59.387772
195,app_opened,2026-04-13 21:54:59.387782
196,app_opened,2026-04-15 22:54:59.387788
196,account_created,2026-04-15 13:54:59.387788
197,app_opened,2026-03-12 22:54:59.387799
197,account_created,2026-03-14 06:54:59.387799
197,kyc_started,2026-03-15 20:54:59.387799
197,kyc_completed,2026-03-16 22:54:59.387799
198,app_opened,2026-04-08 04:54:59.387815
198,account_created,2026-04-09 05:54:59.387815
199,app_opened,2026-04-12 22:54:59.387826
199,account_created,2026-04-13 00:54:59.387826
199,kyc_started,2026-04-15 04:54:59.387826
199,kyc_completed,2026-04-18 06:54:59.387826
200,app_opened,2026-03-27 16:54:59.387849
200,account_created,2026-03-27 19:54:59.387849
200,kyc_started,2026-03-28 10:54:59.387849
200,kyc_completed,2026-03-30 10:54:59.387849
201,app_opened,2026-03-26 20:54:59.387866
201,account_created,2026-03-28 02:54:59.387866
202,app_opened,2026-04-02 12:54:59.387878
202,account_created,2026-04-02 21:54:59.387878
202,kyc_started,2026-04-03 17:54:59.387878
203,app_opened,2026-03-07 11:54:59.387892
203,account_created,2026-03-09 01:54:59.387892
203,kyc_started,2026-03-11 11:54:59.387892
204,app_opened,2026-03-13 05:54:59.387909
204,account_created,2026-03-14 00:54:59.387909
204,kyc_started,2026-03-15 17:54:59.387909
204,kyc_completed,2026-03-17 01:54:59.387909
204,deposit_made,2026-03-18 18:54:59.387909
204,transaction_made,2026-03-19 03:54:59.387909
205,app_opened,2026-03-27 01:54:59.387933
205,account_created,2026-03-27 14:54:59.387933
205,kyc_started,2026-03-27 22:54:59.387933
205,kyc_completed,2026-03-30 10:54:59.387933
205,deposit_made,2026-03-30 16:54:59.387933
205,transaction_made,2026-03-31 09:54:59.387933
206,app_opened,2026-03-12 02:54:59.387958
207,app_opened,2026-04-15 23:54:59.387965
208,app_opened,2026-03-13 05:54:59.387972
208,account_created,2026-03-13 23:54:59.387972
208,kyc_started,2026-03-14 19:54:59.387972
209,app_opened,2026-03-20 12:54:59.387985
209,account_created,2026-03-21 06:54:59.387985
210,app_opened,2026-04-13 01:54:59.387996
210,account_created,2026-04-12 11:54:59.387996
210,kyc_started,2026-04-14 20:54:59.387996
211,app_opened,2026-03-16 01:54:59.388009
211,account_created,2026-03-16 08:54:59.388009
211,kyc_started,2026-03-17 21:54:59.388009
211,kyc_completed,2026-03-20 16:54:59.388009
212,app_opened,2026-04-15 05:54:59.388028
212,account_created,2026-04-14 13:54:59.388028
212,kyc_started,2026-04-17 13:54:59.388028
213,app_opened,2026-03-30 17:54:59.388042
213,account_created,2026-04-01 03:54:59.388042
214,app_opened,2026-03-10 13:54:59.388052
214,account_created,2026-03-11 22:54:59.388052
214,kyc_started,2026-03-13 19:54:59.388052
214,kyc_completed,2026-03-18 06:54:59.388052
215,app_opened,2026-03-23 13:54:59.388072
215,account_created,2026-03-23 14:54:59.388072
215,kyc_started,2026-03-25 15:54:59.388072
216,app_opened,2026-03-27 13:54:59.388085
216,account_created,2026-03-29 08:54:59.388085
217,app_opened,2026-03-15 11:54:59.388096
217,account_created,2026-03-16 12:54:59.388096
217,kyc_started,2026-03-16 15:54:59.388096
217,kyc_completed,2026-03-18 14:54:59.388096
218,app_opened,2026-03-28 00:54:59.388112
218,account_created,2026-03-27 17:54:59.388112
218,kyc_started,2026-03-29 07:54:59.388112
219,app_opened,2026-04-12 01:54:59.388126
219,account_created,2026-04-13 08:54:59.388126
220,app_opened,2026-04-16 06:54:59.388136
220,account_created,2026-04-17 00:54:59.388136
220,kyc_started,2026-04-19 01:54:59.388136
220,kyc_completed,2026-04-21 00:54:59.388136
221,app_opened,2026-03-09 14:54:59.388153
221,account_created,2026-03-09 11:54:59.388153
221,kyc_started,2026-03-10 18:54:59.388153
222,app_opened,2026-03-09 18:54:59.388167
222,account_created,2026-03-10 13:54:59.388167
222,kyc_started,2026-03-11 20:54:59.388167
222,kyc_completed,2026-03-15 08:54:59.388167
223,app_opened,2026-04-05 20:54:59.388188
223,account_created,2026-04-06 21:54:59.388188
224,app_opened,2026-03-19 18:54:59.388198
224,account_created,2026-03-20 17:54:59.388198
224,kyc_started,2026-03-21 14:54:59.388198
225,app_opened,2026-03-10 13:54:59.388211
226,app_opened,2026-04-15 05:54:59.388218
226,account_created,2026-04-15 08:54:59.388218
226,kyc_started,2026-04-15 22:54:59.388218
227,app_opened,2026-03-15 12:54:59.388231
227,account_created,2026-03-15 19:54:59.388231
227,kyc_started,2026-03-18 13:54:59.388231
227,kyc_completed,2026-03-21 20:54:59.388231
227,deposit_made,2026-03-22 11:54:59.388231
228,app_opened,2026-03-26 09:54:59.388252
228,account_created,2026-03-27 10:54:59.388252
228,kyc_started,2026-03-28 17:54:59.388252
228,kyc_completed,2026-03-30 03:54:59.388252
228,deposit_made,2026-03-30 05:54:59.388252
228,transaction_made,2026-03-30 09:54:59.388252
229,app_opened,2026-03-07 19:54:59.388275
229,account_created,2026-03-07 17:54:59.388275
229,kyc_started,2026-03-10 06:54:59.388275
230,app_opened,2026-04-10 07:54:59.388296
230,account_created,2026-04-11 00:54:59.388296
230,kyc_started,2026-04-11 11:54:59.388296
230,kyc_completed,2026-04-13 14:54:59.388296
231,app_opened,2026-03-14 08:54:59.388312
231,account_created,2026-03-14 12:54:59.388312
231,kyc_started,2026-03-16 01:54:59.388312
231,kyc_completed,2026-03-17 16:54:59.388312
231,deposit_made,2026-03-18 19:54:59.388312
231,transaction_made,2026-03-19 15:54:59.388312
232,app_opened,2026-04-11 00:54:59.388355
232,account_created,2026-04-10 10:54:59.388355
232,kyc_started,2026-04-11 17:54:59.388355
233,app_opened,2026-03-30 22:54:59.388370
233,account_created,2026-03-31 07:54:59.388370
233,kyc_started,2026-04-02 13:54:59.388370
233,kyc_completed,2026-04-07 02:54:59.388370
233,deposit_made,2026-04-08 02:54:59.388370
233,transaction_made,2026-04-08 19:54:59.388370
234,app_opened,2026-03-17 02:54:59.388397
234,account_created,2026-03-17 15:54:59.388397
234,kyc_started,2026-03-19 17:54:59.388397
235,app_opened,2026-04-02 08:54:59.388410
235,account_created,2026-04-01 13:54:59.388410
235,kyc_started,2026-04-02 03:54:59.388410
236,app_opened,2026-03-27 13:54:59.388424
236,account_created,2026-03-28 19:54:59.388424
236,kyc_started,2026-03-29 18:54:59.388424
237,app_opened,2026-03-05 23:54:59.388438
238,app_opened,2026-03-19 05:54:59.388445
238,account_created,2026-03-18 17:54:59.388445
238,kyc_started,2026-03-21 04:54:59.388445
238,kyc_completed,2026-03-23 05:54:59.388445
238,deposit_made,2026-03-23 18:54:59.388445
239,app_opened,2026-03-28 18:54:59.388465
239,account_created,2026-03-29 19:54:59.388465
239,kyc_started,2026-03-30 00:54:59.388465
240,app_opened,2026-04-05 18:54:59.388479
240,account_created,2026-04-05 12:54:59.388479
241,app_opened,2026-03-27 17:54:59.388492
241,account_created,2026-03-28 08:54:59.388492
241,kyc_started,2026-03-30 12:54:59.388492
242,app_opened,2026-03-24 19:54:59.388504
243,app_opened,2026-03-18 07:54:59.388512
243,account_created,2026-03-18 18:54:59.388512
243,kyc_started,2026-03-19 05:54:59.388512
244,app_opened,2026-04-12 22:54:59.388525
244,account_created,2026-04-12 20:54:59.388525
244,kyc_started,2026-04-14 14:54:59.388525
244,kyc_completed,2026-04-17 07:54:59.388525
245,app_opened,2026-03-29 23:54:59.388542
245,account_created,2026-03-30 12:54:59.388542
245,kyc_started,2026-04-01 21:54:59.388542
245,kyc_completed,2026-04-03 02:54:59.388542
246,app_opened,2026-03-27 04:54:59.388559
247,app_opened,2026-04-01 05:54:59.388566
248,app_opened,2026-04-14 11:54:59.388573
248,account_created,2026-04-15 10:54:59.388573
248,kyc_started,2026-04-16 07:54:59.388573
249,app_opened,2026-04-09 04:54:59.388587
249,account_created,2026-04-09 13:54:59.388587
249,kyc_started,2026-04-09 22:54:59.388587
249,kyc_completed,2026-04-14 08:54:59.388587
249,deposit_made,2026-04-15 09:54:59.388587
250,app_opened,2026-04-16 04:54:59.388607
250,account_created,2026-04-16 13:54:59.388607
251,app_opened,2026-03-25 23:54:59.388617
251,account_created,2026-03-26 21:54:59.388617
251,kyc_started,2026-03-28 20:54:59.388617
251,kyc_completed,2026-04-02 07:54:59.388617
251,deposit_made,2026-04-02 15:54:59.388617
251,transaction_made,2026-04-02 21:54:59.388617
252,app_opened,2026-03-25 02:54:59.388643
252,account_created,2026-03-25 01:54:59.388643
253,app_opened,2026-04-05 04:54:59.388653
253,account_created,2026-04-05 16:54:59.388653
253,kyc_started,2026-04-06 10:54:59.388653
254,app_opened,2026-03-20 14:54:59.388667
255,app_opened,2026-03-20 11:54:59.388676
255,account_created,2026-03-21 05:54:59.388676
255,kyc_started,2026-03-21 14:54:59.388676
255,kyc_completed,2026-03-24 03:54:59.388676
256,app_opened,2026-04-08 07:54:59.388693
256,account_created,2026-04-09 05:54:59.388693
256,kyc_started,2026-04-11 04:54:59.388693
256,kyc_completed,2026-04-12 19:54:59.388693
257,app_opened,2026-04-09 16:54:59.388713
257,account_created,2026-04-09 10:54:59.388713
257,kyc_started,2026-04-11 10:54:59.388713
257,kyc_completed,2026-04-15 08:54:59.388713
257,deposit_made,2026-04-15 14:54:59.388713
257,transaction_made,2026-04-16 03:54:59.388713
258,app_opened,2026-03-19 01:54:59.388739
258,account_created,2026-03-19 11:54:59.388739
259,app_opened,2026-04-13 13:54:59.388750
260,app_opened,2026-03-07 11:54:59.388757
260,account_created,2026-03-09 04:54:59.388757
260,kyc_started,2026-03-09 21:54:59.388757
261,app_opened,2026-03-14 05:54:59.388771
261,account_created,2026-03-13 17:54:59.388771
261,kyc_started,2026-03-14 01:54:59.388771
262,app_opened,2026-03-15 13:54:59.388787
262,account_created,2026-03-15 19:54:59.388787
262,kyc_started,2026-03-17 00:54:59.388787
262,kyc_completed,2026-03-20 18:54:59.388787
263,app_opened,2026-04-12 17:54:59.388805
263,account_created,2026-04-13 20:54:59.388805
263,kyc_started,2026-04-15 11:54:59.388805
264,app_opened,2026-04-13 01:54:59.388818
264,account_created,2026-04-13 22:54:59.388818
265,app_opened,2026-04-08 14:54:59.388828
265,account_created,2026-04-10 07:54:59.388828
266,app_opened,2026-03-28 03:54:59.388846
266,account_created,2026-03-27 10:54:59.388846
266,kyc_started,2026-03-28 20:54:59.388846
267,app_opened,2026-03-12 22:54:59.388860
267,account_created,2026-03-12 10:54:59.388860
267,kyc_started,2026-03-15 08:54:59.388860
267,kyc_completed,2026-03-17 22:54:59.388860
267,deposit_made,2026-03-19 18:54:59.388860
267,transaction_made,2026-03-20 09:54:59.388860
267,credit_product_viewed,2026-03-21 09:54:59.388860
267,credit_application_started,2026-03-21 20:54:59.388860
267,credit_application_cancelled,2026-03-22 12:54:59.388860
268,app_opened,2026-03-19 15:54:59.388893
268,account_created,2026-03-19 18:54:59.388893
268,kyc_started,2026-03-21 11:54:59.388893
269,app_opened,2026-03-26 21:54:59.388907
269,account_created,2026-03-27 08:54:59.388907
269,kyc_started,2026-03-27 22:54:59.388907
269,kyc_completed,2026-03-31 09:54:59.388907
269,deposit_made,2026-04-01 14:54:59.388907
269,transaction_made,2026-04-01 18:54:59.388907
269,credit_product_viewed,2026-04-08 18:54:59.388907
269,credit_application_started,2026-04-10 10:54:59.388907
269,credit_application_cancelled,2026-04-10 16:54:59.388907
270,app_opened,2026-03-29 03:54:59.388942
270,account_created,2026-03-28 21:54:59.388942
271,app_opened,2026-03-18 01:54:59.388953
271,account_created,2026-03-18 04:54:59.388953
271,kyc_started,2026-03-18 16:54:59.388953
272,app_opened,2026-03-16 23:54:59.388966
273,app_opened,2026-04-05 03:54:59.388975
273,account_created,2026-04-04 12:54:59.388975
273,kyc_started,2026-04-07 01:54:59.388975
273,kyc_completed,2026-04-08 02:54:59.388975
274,app_opened,2026-03-21 13:54:59.388993
275,app_opened,2026-03-25 21:54:59.389000
275,account_created,2026-03-26 10:54:59.389000
275,kyc_started,2026-03-29 10:54:59.389000
275,kyc_completed,2026-04-02 08:54:59.389000
275,deposit_made,2026-04-03 09:54:59.389000
275,transaction_made,2026-04-04 03:54:59.389000
275,credit_product_viewed,2026-04-14 03:54:59.389000
275,credit_application_started,2026-04-15 23:54:59.389000
275,credit_application_cancelled,2026-04-16 04:54:59.389000
276,app_opened,2026-04-11 21:54:59.389033
276,account_created,2026-04-12 06:54:59.389033
276,kyc_started,2026-04-14 05:54:59.389033
277,app_opened,2026-04-06 04:54:59.389045
277,account_created,2026-04-06 17:54:59.389045
277,kyc_started,2026-04-06 22:54:59.389045
277,kyc_completed,2026-04-09 16:54:59.389045
278,app_opened,2026-03-15 23:54:59.389062
278,account_created,2026-03-16 17:54:59.389062
278,kyc_started,2026-03-18 10:54:59.389062
278,kyc_completed,2026-03-22 16:54:59.389062
279,app_opened,2026-03-30 03:54:59.389082
279,account_created,2026-03-30 17:54:59.389082
279,kyc_started,2026-04-01 08:54:59.389082
279,kyc_completed,2026-04-02 10:54:59.389082
279,deposit_made,2026-04-04 06:54:59.389082
279,transaction_made,2026-04-04 20:54:59.389082
280,app_opened,2026-03-05 05:54:59.389109
280,account_created,2026-03-05 15:54:59.389109
280,kyc_started,2026-03-06 21:54:59.389109
281,app_opened,2026-03-12 00:54:59.389123
281,account_created,2026-03-13 01:54:59.389123
282,app_opened,2026-03-24 13:54:59.389133
282,account_created,2026-03-25 00:54:59.389133
282,kyc_started,2026-03-25 15:54:59.389133
282,kyc_completed,2026-03-28 23:54:59.389133
282,deposit_made,2026-03-29 09:54:59.389133
282,transaction_made,2026-03-29 16:54:59.389133
283,app_opened,2026-03-10 00:54:59.389157
284,app_opened,2026-04-15 07:54:59.389164
284,account_created,2026-04-14 22:54:59.389164
284,kyc_started,2026-04-17 12:54:59.389164
284,kyc_completed,2026-04-20 04:54:59.389164
285,app_opened,2026-03-20 02:54:59.389181
285,account_created,2026-03-20 07:54:59.389181
285,kyc_started,2026-03-21 17:54:59.389181
286,app_opened,2026-04-05 16:54:59.389195
286,account_created,2026-04-06 04:54:59.389195
286,kyc_started,2026-04-07 19:54:59.389195
287,app_opened,2026-03-03 15:54:59.389208
287,account_created,2026-03-04 16:54:59.389208
287,kyc_started,2026-03-06 13:54:59.389208
287,kyc_completed,2026-03-11 09:54:59.389208
287,deposit_made,2026-03-11 17:54:59.389208
287,transaction_made,2026-03-12 11:54:59.389208
288,app_opened,2026-03-23 20:54:59.389235
289,app_opened,2026-04-08 18:54:59.389242
289,account_created,2026-04-10 06:54:59.389242
289,kyc_started,2026-04-12 15:54:59.389242
290,app_opened,2026-03-18 15:54:59.389255
290,account_created,2026-03-19 19:54:59.389255
290,kyc_started,2026-03-22 19:54:59.389255
291,app_opened,2026-04-09 12:54:59.389272
291,account_created,2026-04-10 22:54:59.389272
291,kyc_started,2026-04-11 05:54:59.389272
292,app_opened,2026-03-15 16:54:59.389285
292,account_created,2026-03-15 12:54:59.389285
292,kyc_started,2026-03-17 07:54:59.389285
293,app_opened,2026-04-12 06:54:59.389299
293,account_created,2026-04-11 09:54:59.389299
294,app_opened,2026-04-07 22:54:59.389309
294,account_created,2026-04-08 15:54:59.389309
294,kyc_started,2026-04-09 17:54:59.389309
295,app_opened,2026-03-30 19:54:59.389323
295,account_created,2026-03-30 12:54:59.389323
296,app_opened,2026-04-13 05:54:59.389343
296,account_created,2026-04-13 19:54:59.389343
297,app_opened,2026-04-15 14:54:59.389354
297,account_created,2026-04-15 20:54:59.389354
298,app_opened,2026-04-15 21:54:59.389364
298,account_created,2026-04-15 20:54:59.389364
299,app_opened,2026-03-30 10:54:59.389375
299,account_created,2026-03-31 21:54:59.389375
299,kyc_started,2026-04-02 16:54:59.389375
299,kyc_completed,2026-04-07 02:54:59.389375
300,app_opened,2026-03-17 13:54:59.389397
301,app_opened,2026-03-19 17:54:59.389404
301,account_created,2026-03-19 16:54:59.389404
301,kyc_started,2026-03-22 03:54:59.389404
302,app_opened,2026-03-03 14:54:59.389418
302,account_created,2026-03-04 06:54:59.389418
303,app_opened,2026-03-13 06:54:59.389428
303,account_created,2026-03-12 20:54:59.389428
303,kyc_started,2026-03-15 00:54:59.389428
304,app_opened,2026-03-16 19:54:59.389442
304,account_created,2026-03-18 03:54:59.389442
304,kyc_started,2026-03-18 21:54:59.389442
304,kyc_completed,2026-03-21 04:54:59.389442
304,deposit_made,2026-03-22 05:54:59.389442
304,transaction_made,2026-03-22 14:54:59.389442
305,app_opened,2026-03-30 03:54:59.389465
305,account_created,2026-03-29 09:54:59.389465
305,kyc_started,2026-03-31 08:54:59.389465
306,app_opened,2026-04-15 06:54:59.389480
306,account_created,2026-04-15 04:54:59.389480
306,kyc_started,2026-04-17 21:54:59.389480
307,app_opened,2026-03-03 18:54:59.389493
307,account_created,2026-03-05 01:54:59.389493
308,app_opened,2026-03-30 20:54:59.389504
308,account_created,2026-03-30 23:54:59.389504
309,app_opened,2026-03-18 13:54:59.389517
309,account_created,2026-03-19 23:54:59.389517
309,kyc_started,2026-03-22 22:54:59.389517
310,app_opened,2026-03-15 06:54:59.389531
310,account_created,2026-03-15 00:54:59.389531
310,kyc_started,2026-03-15 11:54:59.389531
310,kyc_completed,2026-03-19 06:54:59.389531
311,app_opened,2026-04-14 03:54:59.389551
311,account_created,2026-04-14 20:54:59.389551
312,app_opened,2026-04-06 03:54:59.389561
312,account_created,2026-04-05 19:54:59.389561
312,kyc_started,2026-04-08 14:54:59.389561
312,kyc_completed,2026-04-13 05:54:59.389561
312,deposit_made,2026-04-14 19:54:59.389561
312,transaction_made,2026-04-15 12:54:59.389561
313,app_opened,2026-04-14 23:54:59.389587
313,account_created,2026-04-15 11:54:59.389587
313,kyc_started,2026-04-15 19:54:59.389587
313,kyc_completed,2026-04-20 09:54:59.389587
314,app_opened,2026-04-16 21:54:59.389606
314,account_created,2026-04-16 09:54:59.389606
315,app_opened,2026-03-11 11:54:59.389617
315,account_created,2026-03-12 07:54:59.389617
316,app_opened,2026-03-14 10:54:59.389627
317,app_opened,2026-04-14 00:54:59.389633
317,account_created,2026-04-14 11:54:59.389633
317,kyc_started,2026-04-15 05:54:59.389633
318,app_opened,2026-03-07 22:54:59.389647
318,account_created,2026-03-08 09:54:59.389647
318,kyc_started,2026-03-10 10:54:59.389647
318,kyc_completed,2026-03-15 01:54:59.389647
319,app_opened,2026-03-14 13:54:59.389664
319,account_created,2026-03-15 07:54:59.389664
319,kyc_started,2026-03-18 04:54:59.389664
319,kyc_completed,2026-03-19 20:54:59.389664
320,app_opened,2026-04-03 09:54:59.389681
320,account_created,2026-04-04 04:54:59.389681
320,kyc_started,2026-04-07 02:54:59.389681
320,kyc_completed,2026-04-10 02:54:59.389681
321,app_opened,2026-04-02 23:54:59.389700
321,account_created,2026-04-03 02:54:59.389700
321,kyc_started,2026-04-03 17:54:59.389700
321,kyc_completed,2026-04-08 05:54:59.389700
321,deposit_made,2026-04-08 07:54:59.389700
321,transaction_made,2026-04-08 10:54:59.389700
321,credit_product_viewed,2026-04-09 10:54:59.389700
321,credit_application_started,2026-04-10 15:54:59.389700
321,credit_application_cancelled,2026-04-11 14:54:59.389700
322,app_opened,2026-04-14 16:54:59.389733
322,account_created,2026-04-15 10:54:59.389733
322,kyc_started,2026-04-18 08:54:59.389733
322,kyc_completed,2026-04-19 15:54:59.389733
322,deposit_made,2026-04-20 10:54:59.389733
322,transaction_made,2026-04-21 10:54:59.389733
323,app_opened,2026-03-13 04:54:59.389757
323,account_created,2026-03-13 05:54:59.389757
323,kyc_started,2026-03-14 00:54:59.389757
324,app_opened,2026-03-15 16:54:59.389770
324,account_created,2026-03-16 02:54:59.389770
324,kyc_started,2026-03-17 01:54:59.389770
325,app_opened,2026-03-22 02:54:59.389784
325,account_created,2026-03-22 07:54:59.389784
326,app_opened,2026-03-06 21:54:59.389795
326,account_created,2026-03-07 05:54:59.389795
326,kyc_started,2026-03-09 10:54:59.389795
326,kyc_completed,2026-03-12 10:54:59.389795
326,deposit_made,2026-03-13 21:54:59.389795
326,transaction_made,2026-03-14 05:54:59.389795
327,app_opened,2026-03-03 13:54:59.389820
327,account_created,2026-03-03 12:54:59.389820
327,kyc_started,2026-03-05 18:54:59.389820
327,kyc_completed,2026-03-07 11:54:59.389820
327,deposit_made,2026-03-08 04:54:59.389820
327,transaction_made,2026-03-09 01:54:59.389820
327,credit_product_viewed,2026-03-17 01:54:59.389820
327,credit_application_started,2026-03-18 01:54:59.389820
327,credit_application_completed,2026-03-19 01:54:59.389820
328,app_opened,2026-04-05 10:54:59.389862
328,account_created,2026-04-07 04:54:59.389862
328,kyc_started,2026-04-07 10:54:59.389862
329,app_opened,2026-04-06 03:54:59.389876
329,account_created,2026-04-06 20:54:59.389876
329,kyc_started,2026-04-07 23:54:59.389876
330,app_opened,2026-03-27 18:54:59.389889
331,app_opened,2026-04-17 15:54:59.389899
332,app_opened,2026-04-11 08:54:59.389905
333,app_opened,2026-03-18 16:54:59.389913
333,account_created,2026-03-20 06:54:59.389913
333,kyc_started,2026-03-21 13:54:59.389913
333,kyc_completed,2026-03-24 01:54:59.389913
333,deposit_made,2026-03-25 12:54:59.389913
333,transaction_made,2026-03-25 22:54:59.389913
333,credit_product_viewed,2026-04-03 22:54:59.389913
333,credit_application_started,2026-04-05 06:54:59.389913
333,credit_application_cancelled,2026-04-06 06:54:59.389913
334,app_opened,2026-03-18 19:54:59.389946
335,app_opened,2026-03-25 19:54:59.389953
335,account_created,2026-03-26 21:54:59.389953
336,app_opened,2026-04-08 09:54:59.389963
336,account_created,2026-04-09 22:54:59.389963
336,kyc_started,2026-04-12 04:54:59.389963
336,kyc_completed,2026-04-14 05:54:59.389963
336,deposit_made,2026-04-15 06:54:59.389963
336,transaction_made,2026-04-15 14:54:59.389963
337,app_opened,2026-03-08 06:54:59.389989
337,account_created,2026-03-08 16:54:59.389989
338,app_opened,2026-03-08 08:54:59.389999
338,account_created,2026-03-07 19:54:59.389999
339,app_opened,2026-03-26 14:54:59.390010
339,account_created,2026-03-27 19:54:59.390010
339,kyc_started,2026-03-30 17:54:59.390010
340,app_opened,2026-04-15 01:54:59.390023
340,account_created,2026-04-14 13:54:59.390023
341,app_opened,2026-03-06 10:54:59.390033
341,account_created,2026-03-07 11:54:59.390033
341,kyc_started,2026-03-08 17:54:59.390033
341,kyc_completed,2026-03-10 12:54:59.390033
341,deposit_made,2026-03-11 21:54:59.390033
341,transaction_made,2026-03-11 23:54:59.390033
342,app_opened,2026-03-07 04:54:59.390057
343,app_opened,2026-03-07 00:54:59.390064
343,account_created,2026-03-07 19:54:59.390064
343,kyc_started,2026-03-07 21:54:59.390064
343,kyc_completed,2026-03-12 17:54:59.390064
343,deposit_made,2026-03-13 12:54:59.390064
343,transaction_made,2026-03-14 11:54:59.390064
344,app_opened,2026-04-06 12:54:59.390087
345,app_opened,2026-03-15 13:54:59.390094
345,account_created,2026-03-17 00:54:59.390094
345,kyc_started,2026-03-18 22:54:59.390094
345,kyc_completed,2026-03-22 00:54:59.390094
345,deposit_made,2026-03-23 02:54:59.390094
345,transaction_made,2026-03-23 10:54:59.390094
346,app_opened,2026-04-03 18:54:59.390121
346,account_created,2026-04-03 14:54:59.390121
346,kyc_started,2026-04-03 19:54:59.390121
346,kyc_completed,2026-04-06 19:54:59.390121
346,deposit_made,2026-04-08 02:54:59.390121
346,transaction_made,2026-04-08 03:54:59.390121
347,app_opened,2026-04-13 00:54:59.390144
347,account_created,2026-04-14 02:54:59.390144
348,app_opened,2026-03-12 12:54:59.390157
349,app_opened,2026-04-15 16:54:59.390164
349,account_created,2026-04-17 05:54:59.390164
350,app_opened,2026-03-18 17:54:59.390174
350,account_created,2026-03-18 13:54:59.390174
350,kyc_started,2026-03-20 01:54:59.390174
351,app_opened,2026-03-13 06:54:59.390188
351,account_created,2026-03-13 05:54:59.390188
351,kyc_started,2026-03-14 08:54:59.390188
351,kyc_completed,2026-03-19 08:54:59.390188
352,app_opened,2026-03-23 11:54:59.390205
352,account_created,2026-03-24 21:54:59.390205
352,kyc_started,2026-03-26 23:54:59.390205
353,app_opened,2026-03-14 19:54:59.390220
353,account_created,2026-03-16 08:54:59.390220
353,kyc_started,2026-03-16 19:54:59.390220
353,kyc_completed,2026-03-19 15:54:59.390220
353,deposit_made,2026-03-20 19:54:59.390220
353,transaction_made,2026-03-20 22:54:59.390220
354,app_opened,2026-03-10 04:54:59.390244
354,account_created,2026-03-10 05:54:59.390244
354,kyc_started,2026-03-11 16:54:59.390244
355,app_opened,2026-03-21 00:54:59.390260
355,account_created,2026-03-21 20:54:59.390260
356,app_opened,2026-03-21 14:54:59.390270
356,account_created,2026-03-23 03:54:59.390270
356,kyc_started,2026-03-24 17:54:59.390270
357,app_opened,2026-03-03 11:54:59.390284
357,account_created,2026-03-03 18:54:59.390284
357,kyc_started,2026-03-04 14:54:59.390284
358,app_opened,2026-03-28 20:54:59.390300
358,account_created,2026-03-28 09:54:59.390300
359,app_opened,2026-03-20 20:54:59.390310
359,account_created,2026-03-20 15:54:59.390310
359,kyc_started,2026-03-21 15:54:59.390310
359,kyc_completed,2026-03-25 14:54:59.390310
360,app_opened,2026-03-22 12:54:59.390327
360,account_created,2026-03-23 07:54:59.390327
360,kyc_started,2026-03-25 01:54:59.390327
361,app_opened,2026-04-17 18:54:59.390350
361,account_created,2026-04-17 14:54:59.390350
362,app_opened,2026-03-13 16:54:59.390361
362,account_created,2026-03-13 19:54:59.390361
362,kyc_started,2026-03-14 17:54:59.390361
362,kyc_completed,2026-03-17 07:54:59.390361
362,deposit_made,2026-03-17 17:54:59.390361
362,transaction_made,2026-03-18 07:54:59.390361
362,credit_product_viewed,2026-03-23 07:54:59.390361
362,credit_application_started,2026-03-24 14:54:59.390361
362,credit_application_cancelled,2026-03-25 02:54:59.390361
363,app_opened,2026-04-01 16:54:59.390393
363,account_created,2026-04-02 16:54:59.390393
363,kyc_started,2026-04-03 18:54:59.390393
363,kyc_completed,2026-04-05 11:54:59.390393
363,deposit_made,2026-04-06 13:54:59.390393
363,transaction_made,2026-04-07 09:54:59.390393
364,app_opened,2026-03-27 23:54:59.390419
364,account_created,2026-03-29 02:54:59.390419
365,app_opened,2026-04-09 18:54:59.390430
365,account_created,2026-04-11 05:54:59.390430
365,kyc_started,2026-04-12 22:54:59.390430
365,kyc_completed,2026-04-16 00:54:59.390430
366,app_opened,2026-03-31 08:54:59.390447
366,account_created,2026-03-31 16:54:59.390447
367,app_opened,2026-04-02 19:54:59.390460
367,account_created,2026-04-03 10:54:59.390460
367,kyc_started,2026-04-04 12:54:59.390460
367,kyc_completed,2026-04-08 09:54:59.390460
367,deposit_made,2026-04-09 21:54:59.390460
367,transaction_made,2026-04-10 21:54:59.390460
368,app_opened,2026-03-03 15:54:59.390484
368,account_created,2026-03-04 03:54:59.390484
369,app_opened,2026-04-13 22:54:59.390494
369,account_created,2026-04-13 17:54:59.390494
369,kyc_started,2026-04-15 00:54:59.390494
369,kyc_completed,2026-04-16 19:54:59.390494
370,app_opened,2026-03-24 11:54:59.390511
370,account_created,2026-03-25 23:54:59.390511
370,kyc_started,2026-03-28 03:54:59.390511
370,kyc_completed,2026-04-01 19:54:59.390511
370,deposit_made,2026-04-01 22:54:59.390511
370,transaction_made,2026-04-02 10:54:59.390511
371,app_opened,2026-03-15 04:54:59.390535
371,account_created,2026-03-14 14:54:59.390535
371,kyc_started,2026-03-15 22:54:59.390535
372,app_opened,2026-03-26 14:54:59.390553
372,account_created,2026-03-26 11:54:59.390553
372,kyc_started,2026-03-28 15:54:59.390553
373,app_opened,2026-03-27 22:54:59.390566
373,account_created,2026-03-27 15:54:59.390566
373,kyc_started,2026-03-30 09:54:59.390566
374,app_opened,2026-03-14 03:54:59.390580
374,account_created,2026-03-13 23:54:59.390580
374,kyc_started,2026-03-16 02:54:59.390580
374,kyc_completed,2026-03-20 16:54:59.390580
375,app_opened,2026-03-16 13:54:59.390597
375,account_created,2026-03-16 10:54:59.390597
375,kyc_started,2026-03-18 00:54:59.390597
375,kyc_completed,2026-03-19 10:54:59.390597
375,deposit_made,2026-03-21 09:54:59.390597
375,transaction_made,2026-03-21 19:54:59.390597
376,app_opened,2026-04-05 01:54:59.390621
376,account_created,2026-04-05 15:54:59.390621
376,kyc_started,2026-04-08 01:54:59.390621
376,kyc_completed,2026-04-10 15:54:59.390621
376,deposit_made,2026-04-12 13:54:59.390621
376,transaction_made,2026-04-13 00:54:59.390621
377,app_opened,2026-03-05 14:54:59.390644
378,app_opened,2026-04-03 01:54:59.390651
378,account_created,2026-04-02 19:54:59.390651
378,kyc_started,2026-04-05 02:54:59.390651
379,app_opened,2026-04-03 21:54:59.390665
379,account_created,2026-04-03 20:54:59.390665
379,kyc_started,2026-04-06 04:54:59.390665
379,kyc_completed,2026-04-11 02:54:59.390665
380,app_opened,2026-04-05 23:54:59.390684
380,account_created,2026-04-06 09:54:59.390684
380,kyc_started,2026-04-07 13:54:59.390684
380,kyc_completed,2026-04-12 13:54:59.390684
381,app_opened,2026-04-14 03:54:59.390703
381,account_created,2026-04-14 19:54:59.390703
381,kyc_started,2026-04-16 13:54:59.390703
381,kyc_completed,2026-04-18 03:54:59.390703
381,deposit_made,2026-04-19 11:54:59.390703
381,transaction_made,2026-04-20 08:54:59.390703
382,app_opened,2026-03-25 04:54:59.390727
382,account_created,2026-03-24 16:54:59.390727
382,kyc_started,2026-03-27 03:54:59.390727
383,app_opened,2026-03-06 07:54:59.390743
383,account_created,2026-03-07 00:54:59.390743
383,kyc_started,2026-03-07 18:54:59.390743
383,kyc_completed,2026-03-10 00:54:59.390743
383,deposit_made,2026-03-10 12:54:59.390743
383,transaction_made,2026-03-10 17:54:59.390743
384,app_opened,2026-03-23 04:54:59.390770
384,account_created,2026-03-23 09:54:59.390770
384,kyc_started,2026-03-26 00:54:59.390770
385,app_opened,2026-03-05 05:54:59.390784
386,app_opened,2026-04-07 02:54:59.390792
386,account_created,2026-04-07 03:54:59.390792
386,kyc_started,2026-04-08 20:54:59.390792
387,app_opened,2026-03-09 10:54:59.390805
388,app_opened,2026-04-18 00:54:59.390812
388,account_created,2026-04-18 09:54:59.390812
389,app_opened,2026-03-17 05:54:59.390822
389,account_created,2026-03-18 04:54:59.390822
389,kyc_started,2026-03-20 13:54:59.390822
389,kyc_completed,2026-03-21 23:54:59.390822
390,app_opened,2026-04-03 18:54:59.390846
390,account_created,2026-04-03 23:54:59.390846
390,kyc_started,2026-04-04 21:54:59.390846
391,app_opened,2026-03-13 08:54:59.390862
391,account_created,2026-03-13 16:54:59.390862
391,kyc_started,2026-03-14 07:54:59.390862
391,kyc_completed,2026-03-16 17:54:59.390862
392,app_opened,2026-03-26 02:54:59.390882
392,account_created,2026-03-25 11:54:59.390882
393,app_opened,2026-03-21 02:54:59.390892
393,account_created,2026-03-21 12:54:59.390892
393,kyc_started,2026-03-22 20:54:59.390892
393,kyc_completed,2026-03-24 00:54:59.390892
393,deposit_made,2026-03-24 23:54:59.390892
394,app_opened,2026-04-12 23:54:59.390913
395,app_opened,2026-04-10 16:54:59.390920
395,account_created,2026-04-12 08:54:59.390920
395,kyc_started,2026-04-14 05:54:59.390920
396,app_opened,2026-03-10 05:54:59.390933
396,account_created,2026-03-11 00:54:59.390933
396,kyc_started,2026-03-12 03:54:59.390933
397,app_opened,2026-04-15 03:54:59.390947
397,account_created,2026-04-15 02:54:59.390947
397,kyc_started,2026-04-16 00:54:59.390947
397,kyc_completed,2026-04-20 18:54:59.390947
397,deposit_made,2026-04-22 07:54:59.390947
397,transaction_made,2026-04-23 00:54:59.390947
398,app_opened,2026-03-05 12:54:59.390970
398,account_created,2026-03-06 11:54:59.390970
399,app_opened,2026-04-01 05:54:59.390981
399,account_created,2026-03-31 17:54:59.390981
399,kyc_started,2026-04-02 11:54:59.390981
400,app_opened,2026-03-05 21:54:59.390999
400,account_created,2026-03-06 21:54:59.390999
400,kyc_started,2026-03-09 03:54:59.390999
400,kyc_completed,2026-03-10 12:54:59.390999
401,app_opened,2026-04-12 21:54:59.391016
401,account_created,2026-04-13 02:54:59.391016
401,kyc_started,2026-04-15 02:54:59.391016
401,kyc_completed,2026-04-18 16:54:59.391016
401,deposit_made,2026-04-18 17:54:59.391016
402,app_opened,2026-04-13 08:54:59.391037
403,app_opened,2026-03-09 06:54:59.391043
403,account_created,2026-03-08 13:54:59.391043
404,app_opened,2026-03-23 15:54:59.391056
405,app_opened,2026-04-05 00:54:59.391063
405,account_created,2026-04-05 03:54:59.391063
405,kyc_started,2026-04-05 20:54:59.391063
405,kyc_completed,2026-04-09 10:54:59.391063
406,app_opened,2026-03-05 10:54:59.391080
406,account_created,2026-03-07 01:54:59.391080
407,app_opened,2026-03-19 09:54:59.391093
407,account_created,2026-03-19 19:54:59.391093
407,kyc_started,2026-03-19 20:54:59.391093
408,app_opened,2026-03-21 15:54:59.391106
409,app_opened,2026-04-10 05:54:59.391113
409,account_created,2026-04-10 02:54:59.391113
409,kyc_started,2026-04-12 01:54:59.391113
409,kyc_completed,2026-04-15 00:54:59.391113
410,app_opened,2026-03-07 14:54:59.391129
410,account_created,2026-03-09 01:54:59.391129
410,kyc_started,2026-03-10 07:54:59.391129
410,kyc_completed,2026-03-11 18:54:59.391129
411,app_opened,2026-04-17 15:54:59.391146
411,account_created,2026-04-17 17:54:59.391146
411,kyc_started,2026-04-20 12:54:59.391146
412,app_opened,2026-04-17 09:54:59.391162
412,account_created,2026-04-17 16:54:59.391162
413,app_opened,2026-03-22 07:54:59.391172
413,account_created,2026-03-21 13:54:59.391172
413,kyc_started,2026-03-22 01:54:59.391172
414,app_opened,2026-04-11 12:54:59.391186
414,account_created,2026-04-12 04:54:59.391186
414,kyc_started,2026-04-12 22:54:59.391186
415,app_opened,2026-03-05 13:54:59.391200
415,account_created,2026-03-06 21:54:59.391200
415,kyc_started,2026-03-07 19:54:59.391200
415,kyc_completed,2026-03-12 15:54:59.391200
415,deposit_made,2026-03-14 15:54:59.391200
415,transaction_made,2026-03-15 05:54:59.391200
416,app_opened,2026-03-20 15:54:59.391223
416,account_created,2026-03-20 15:54:59.391223
416,kyc_started,2026-03-21 07:54:59.391223
416,kyc_completed,2026-03-24 08:54:59.391223
416,deposit_made,2026-03-25 12:54:59.391223
416,transaction_made,2026-03-25 17:54:59.391223
416,credit_product_viewed,2026-04-05 17:54:59.391223
416,credit_application_started,2026-04-05 23:54:59.391223
416,credit_application_completed,2026-04-06 19:54:59.391223
417,app_opened,2026-03-11 08:54:59.391256
417,account_created,2026-03-12 05:54:59.391256
417,kyc_started,2026-03-13 20:54:59.391256
417,kyc_completed,2026-03-18 01:54:59.391256
418,app_opened,2026-03-23 18:54:59.391273
418,account_created,2026-03-24 00:54:59.391273
418,kyc_started,2026-03-24 15:54:59.391273
418,kyc_completed,2026-03-29 00:54:59.391273
419,app_opened,2026-03-15 09:54:59.391292
420,app_opened,2026-03-28 13:54:59.391299
420,account_created,2026-03-29 21:54:59.391299
420,kyc_started,2026-04-01 19:54:59.391299
421,app_opened,2026-03-18 11:54:59.391313
421,account_created,2026-03-18 13:54:59.391313
421,kyc_started,2026-03-19 17:54:59.391313
421,kyc_completed,2026-03-21 00:54:59.391313
422,app_opened,2026-03-24 01:54:59.391339
422,account_created,2026-03-25 06:54:59.391339
422,kyc_started,2026-03-27 12:54:59.391339
422,kyc_completed,2026-03-30 15:54:59.391339
422,deposit_made,2026-04-01 02:54:59.391339
422,transaction_made,2026-04-01 07:54:59.391339
422,credit_product_viewed,2026-04-06 07:54:59.391339
422,credit_application_started,2026-04-06 13:54:59.391339
422,credit_application_cancelled,2026-04-06 20:54:59.391339
423,app_opened,2026-04-09 02:54:59.391375
423,account_created,2026-04-09 22:54:59.391375
423,kyc_started,2026-04-10 07:54:59.391375
423,kyc_completed,2026-04-13 14:54:59.391375
424,app_opened,2026-04-02 10:54:59.391392
424,account_created,2026-04-03 12:54:59.391392
424,kyc_started,2026-04-03 20:54:59.391392
424,kyc_completed,2026-04-08 18:54:59.391392
425,app_opened,2026-04-06 12:54:59.391748
425,account_created,2026-04-06 17:54:59.391748
426,app_opened,2026-04-08 00:54:59.391760
427,app_opened,2026-03-16 01:54:59.391768
427,account_created,2026-03-17 07:54:59.391768
427,kyc_started,2026-03-19 07:54:59.391768
427,kyc_completed,2026-03-21 17:54:59.391768
428,app_opened,2026-04-10 09:54:59.391791
428,account_created,2026-04-11 12:54:59.391791
428,kyc_started,2026-04-11 21:54:59.391791
428,kyc_completed,2026-04-15 22:54:59.391791
429,app_opened,2026-03-17 23:54:59.391808
429,account_created,2026-03-17 12:54:59.391808
429,kyc_started,2026-03-18 10:54:59.391808
429,kyc_completed,2026-03-20 18:54:59.391808
430,app_opened,2026-03-13 06:54:59.391825
430,account_created,2026-03-12 23:54:59.391825
431,app_opened,2026-04-17 10:54:59.391835
432,app_opened,2026-04-17 16:54:59.391855
432,account_created,2026-04-18 08:54:59.391855
432,kyc_started,2026-04-19 04:54:59.391855
432,kyc_completed,2026-04-20 08:54:59.391855
433,app_opened,2026-03-04 08:54:59.391872
433,account_created,2026-03-03 23:54:59.391872
433,kyc_started,2026-03-06 05:54:59.391872
434,app_opened,2026-03-28 17:54:59.391886
434,account_created,2026-03-29 21:54:59.391886
434,kyc_started,2026-04-01 14:54:59.391886
435,app_opened,2026-04-14 14:54:59.391899
435,account_created,2026-04-15 18:54:59.391899
436,app_opened,2026-03-23 11:54:59.391909
437,app_opened,2026-03-30 18:54:59.391916
437,account_created,2026-03-31 20:54:59.391916
437,kyc_started,2026-04-02 20:54:59.391916
437,kyc_completed,2026-04-06 20:54:59.391916
438,app_opened,2026-03-09 16:54:59.391933
438,account_created,2026-03-10 22:54:59.391933
439,app_opened,2026-04-06 08:54:59.391946
440,app_opened,2026-04-02 13:54:59.391953
440,account_created,2026-04-03 11:54:59.391953
440,kyc_started,2026-04-06 09:54:59.391953
440,kyc_completed,2026-04-11 01:54:59.391953
441,app_opened,2026-03-27 09:54:59.391970
441,account_created,2026-03-28 09:54:59.391970
442,app_opened,2026-03-29 12:54:59.391980
442,account_created,2026-03-30 00:54:59.391980
442,kyc_started,2026-03-30 08:54:59.391980
443,app_opened,2026-04-09 07:54:59.391999
443,account_created,2026-04-08 11:54:59.391999
444,app_opened,2026-03-15 22:54:59.392009
444,account_created,2026-03-16 08:54:59.392009
444,kyc_started,2026-03-16 19:54:59.392009
444,kyc_completed,2026-03-20 11:54:59.392009
444,deposit_made,2026-03-21 13:54:59.392009
444,transaction_made,2026-03-22 08:54:59.392009
444,credit_product_viewed,2026-04-02 08:54:59.392009
444,credit_application_started,2026-04-02 17:54:59.392009
444,credit_application_completed,2026-04-03 02:54:59.392009
445,app_opened,2026-03-28 21:54:59.392043
445,account_created,2026-03-30 08:54:59.392043
445,kyc_started,2026-04-01 18:54:59.392043
445,kyc_completed,2026-04-03 03:54:59.392043
446,app_opened,2026-04-10 03:54:59.392060
446,account_created,2026-04-09 15:54:59.392060
446,kyc_started,2026-04-12 03:54:59.392060
446,kyc_completed,2026-04-13 18:54:59.392060
447,app_opened,2026-04-04 23:54:59.392077
447,account_created,2026-04-05 01:54:59.392077
448,app_opened,2026-04-12 14:54:59.392090
448,account_created,2026-04-13 04:54:59.392090
449,app_opened,2026-03-05 04:54:59.392100
449,account_created,2026-03-05 05:54:59.392100
449,kyc_started,2026-03-06 13:54:59.392100
450,app_opened,2026-03-24 01:54:59.392115
450,account_created,2026-03-24 04:54:59.392115
450,kyc_started,2026-03-25 03:54:59.392115
450,kyc_completed,2026-03-28 06:54:59.392115
451,app_opened,2026-03-14 08:54:59.392132
451,account_created,2026-03-13 15:54:59.392132
451,kyc_started,2026-03-14 09:54:59.392132
451,kyc_completed,2026-03-15 16:54:59.392132
452,app_opened,2026-04-03 13:54:59.392148
452,account_created,2026-04-04 10:54:59.392148
452,kyc_started,2026-04-04 21:54:59.392148
452,kyc_completed,2026-04-07 06:54:59.392148
453,app_opened,2026-04-13 09:54:59.392165
454,app_opened,2026-04-06 05:54:59.392172
454,account_created,2026-04-05 17:54:59.392172
454,kyc_started,2026-04-07 12:54:59.392172
454,kyc_completed,2026-04-10 23:54:59.392172
454,deposit_made,2026-04-12 12:54:59.392172
454,transaction_made,2026-04-13 12:54:59.392172
455,app_opened,2026-04-16 21:54:59.392196
455,account_created,2026-04-16 20:54:59.392196
455,kyc_started,2026-04-17 20:54:59.392196
455,kyc_completed,2026-04-21 05:54:59.392196
456,app_opened,2026-04-16 04:54:59.392213
456,account_created,2026-04-16 00:54:59.392213
456,kyc_started,2026-04-18 16:54:59.392213
456,kyc_completed,2026-04-22 14:54:59.392213
456,deposit_made,2026-04-22 20:54:59.392213
456,transaction_made,2026-04-23 01:54:59.392213
457,app_opened,2026-03-08 01:54:59.392238
457,account_created,2026-03-08 19:54:59.392238
458,app_opened,2026-03-25 07:54:59.392251
458,account_created,2026-03-25 19:54:59.392251
459,app_opened,2026-03-27 03:54:59.392261
459,account_created,2026-03-27 09:54:59.392261
459,kyc_started,2026-03-27 13:54:59.392261
459,kyc_completed,2026-03-29 17:54:59.392261
459,deposit_made,2026-03-30 11:54:59.392261
459,transaction_made,2026-03-31 03:54:59.392261
460,app_opened,2026-03-11 16:54:59.392288
461,app_opened,2026-04-11 16:54:59.392294
461,account_created,2026-04-12 02:54:59.392294
461,kyc_started,2026-04-12 10:54:59.392294
462,app_opened,2026-04-04 03:54:59.392309
462,account_created,2026-04-04 09:54:59.392309
462,kyc_started,2026-04-05 08:54:59.392309
462,kyc_completed,2026-04-09 11:54:59.392309
462,deposit_made,2026-04-11 11:54:59.392309
462,transaction_made,2026-04-12 06:54:59.392309
462,credit_product_viewed,2026-04-24 06:54:59.392309
462,credit_application_started,2026-04-25 05:54:59.392309
462,credit_application_cancelled,2026-04-26 00:54:59.392309
463,app_opened,2026-04-09 03:54:59.392353
464,app_opened,2026-03-18 02:54:59.392360
464,account_created,2026-03-18 16:54:59.392360
464,kyc_started,2026-03-19 00:54:59.392360
464,kyc_completed,2026-03-21 04:54:59.392360
464,deposit_made,2026-03-22 11:54:59.392360
464,transaction_made,2026-03-23 07:54:59.392360
464,credit_product_viewed,2026-03-26 07:54:59.392360
464,credit_application_started,2026-03-27 05:54:59.392360
464,credit_application_cancelled,2026-03-27 16:54:59.392360
465,app_opened,2026-04-14 09:54:59.392396
465,account_created,2026-04-16 06:54:59.392396
466,app_opened,2026-04-11 01:54:59.392406
467,app_opened,2026-04-13 20:54:59.392413
467,account_created,2026-04-15 03:54:59.392413
467,kyc_started,2026-04-15 16:54:59.392413
467,kyc_completed,2026-04-18 09:54:59.392413
467,deposit_made,2026-04-18 20:54:59.392413
467,transaction_made,2026-04-19 10:54:59.392413
468,app_opened,2026-03-18 05:54:59.392437
468,account_created,2026-03-19 06:54:59.392437
469,app_opened,2026-03-05 04:54:59.392447
469,account_created,2026-03-04 23:54:59.392447
469,kyc_started,2026-03-05 22:54:59.392447
469,kyc_completed,2026-03-10 19:54:59.392447
470,app_opened,2026-04-09 14:54:59.392464
470,account_created,2026-04-11 05:54:59.392464
471,app_opened,2026-03-24 03:54:59.392474
471,account_created,2026-03-24 23:54:59.392474
471,kyc_started,2026-03-26 04:54:59.392474
472,app_opened,2026-04-12 00:54:59.392488
472,account_created,2026-04-13 08:54:59.392488
472,kyc_started,2026-04-15 05:54:59.392488
473,app_opened,2026-04-08 05:54:59.392501
474,app_opened,2026-04-13 07:54:59.392509
474,account_created,2026-04-14 07:54:59.392509
475,app_opened,2026-03-20 09:54:59.392519
475,account_created,2026-03-21 00:54:59.392519
475,kyc_started,2026-03-22 21:54:59.392519
475,kyc_completed,2026-03-24 10:54:59.392519
476,app_opened,2026-04-14 21:54:59.392538
476,account_created,2026-04-15 11:54:59.392538
477,app_opened,2026-03-23 00:54:59.392548
478,app_opened,2026-03-27 02:54:59.392555
478,account_created,2026-03-27 15:54:59.392555
479,app_opened,2026-03-13 05:54:59.392566
479,account_created,2026-03-12 23:54:59.392566
479,kyc_started,2026-03-13 09:54:59.392566
480,app_opened,2026-04-15 18:54:59.392579
480,account_created,2026-04-16 01:54:59.392579
481,app_opened,2026-04-13 19:54:59.392592
481,account_created,2026-04-14 09:54:59.392592
481,kyc_started,2026-04-14 19:54:59.392592
481,kyc_completed,2026-04-16 06:54:59.392592
481,deposit_made,2026-04-17 22:54:59.392592
482,app_opened,2026-03-03 09:54:59.392612
482,account_created,2026-03-05 02:54:59.392612
482,kyc_started,2026-03-07 10:54:59.392612
482,kyc_completed,2026-03-08 22:54:59.392612
482,deposit_made,2026-03-09 11:54:59.392612
482,transaction_made,2026-03-10 05:54:59.392612
483,app_opened,2026-03-14 17:54:59.392635
483,account_created,2026-03-15 04:54:59.392635
483,kyc_started,2026-03-15 11:54:59.392635
483,kyc_completed,2026-03-19 09:54:59.392635
484,app_opened,2026-04-08 10:54:59.392655
484,account_created,2026-04-09 12:54:59.392655
484,kyc_started,2026-04-12 02:54:59.392655
484,kyc_completed,2026-04-13 05:54:59.392655
484,deposit_made,2026-04-14 22:54:59.392655
484,transaction_made,2026-04-15 01:54:59.392655
485,app_opened,2026-04-10 18:54:59.392681
485,account_created,2026-04-11 15:54:59.392681
485,kyc_started,2026-04-13 01:54:59.392681
485,kyc_completed,2026-04-16 22:54:59.392681
485,deposit_made,2026-04-17 22:54:59.392681
486,app_opened,2026-03-25 14:54:59.392701
486,account_created,2026-03-26 01:54:59.392701
486,kyc_started,2026-03-27 11:54:59.392701
486,kyc_completed,2026-03-29 21:54:59.392701
487,app_opened,2026-04-09 07:54:59.392718
487,account_created,2026-04-08 14:54:59.392718
487,kyc_started,2026-04-11 12:54:59.392718
487,kyc_completed,2026-04-16 12:54:59.392718
488,app_opened,2026-03-13 10:54:59.392735
488,account_created,2026-03-14 18:54:59.392735
488,kyc_started,2026-03-17 15:54:59.392735
489,app_opened,2026-03-19 03:54:59.392748
490,app_opened,2026-03-18 18:54:59.392755
490,account_created,2026-03-20 06:54:59.392755
490,kyc_started,2026-03-23 01:54:59.392755
491,app_opened,2026-03-06 04:54:59.392769
491,account_created,2026-03-06 13:54:59.392769
491,kyc_started,2026-03-07 11:54:59.392769
492,app_opened,2026-04-05 13:54:59.392783
492,account_created,2026-04-05 14:54:59.392783
493,app_opened,2026-03-21 15:54:59.392793
494,app_opened,2026-03-08 13:54:59.392800
494,account_created,2026-03-09 01:54:59.392800
494,kyc_started,2026-03-09 10:54:59.392800
494,kyc_completed,2026-03-13 09:54:59.392800
494,deposit_made,2026-03-14 06:54:59.392800
495,app_opened,2026-03-15 23:54:59.392822
496,app_opened,2026-04-18 07:54:59.392829
496,account_created,2026-04-18 18:54:59.392829
497,app_opened,2026-04-10 22:54:59.392845
497,account_created,2026-04-11 21:54:59.392845
497,kyc_started,2026-04-12 10:54:59.392845
498,app_opened,2026-03-12 12:54:59.392859
498,account_created,2026-03-13 19:54:59.392859
499,app_opened,2026-03-22 17:54:59.392870
499,account_created,2026-03-23 16:54:59.392870
499,kyc_started,2026-03-26 05:54:59.392870
499,kyc_completed,2026-03-28 16:54:59.392870
499,deposit_made,2026-03-30 08:54:59.392870
499,transaction_made,2026-03-31 07:54:59.392870
500,app_opened,2026-03-23 19:54:59.392896
500,account_created,2026-03-23 12:54:59.392896
501,app_opened,2026-03-31 20:54:59.392907
501,account_created,2026-04-01 04:54:59.392907
501,kyc_started,2026-04-03 19:54:59.392907
502,app_opened,2026-03-05 12:54:59.392921
503,app_opened,2026-04-03 13:54:59.392928
503,account_created,2026-04-05 08:54:59.392928
503,kyc_started,2026-04-07 02:54:59.392928
503,kyc_completed,2026-04-10 07:54:59.392928
504,app_opened,2026-04-12 15:54:59.392946
504,account_created,2026-04-13 11:54:59.392946
505,app_opened,2026-03-15 20:54:59.392956
505,account_created,2026-03-16 17:54:59.392956
506,app_opened,2026-04-13 18:54:59.392996
506,account_created,2026-04-14 10:54:59.392996
506,kyc_started,2026-04-17 06:54:59.392996
507,app_opened,2026-04-16 14:54:59.393010
507,account_created,2026-04-16 21:54:59.393010
508,app_opened,2026-04-02 10:54:59.393023
508,account_created,2026-04-03 08:54:59.393023
509,app_opened,2026-03-31 20:54:59.393033
509,account_created,2026-04-01 17:54:59.393033
509,kyc_started,2026-04-02 09:54:59.393033
510,app_opened,2026-04-02 20:54:59.393050
510,account_created,2026-04-03 13:54:59.393050
510,kyc_started,2026-04-06 02:54:59.393050
510,kyc_completed,2026-04-08 22:54:59.393050
510,deposit_made,2026-04-09 15:54:59.393050
510,transaction_made,2026-04-10 14:54:59.393050
510,credit_product_viewed,2026-04-11 14:54:59.393050
510,credit_application_started,2026-04-12 15:54:59.393050
510,credit_application_completed,2026-04-13 10:54:59.393050
511,app_opened,2026-04-04 16:54:59.393086
511,account_created,2026-04-06 04:54:59.393086
511,kyc_started,2026-04-08 09:54:59.393086
511,kyc_completed,2026-04-13 00:54:59.393086
511,deposit_made,2026-04-13 09:54:59.393086
511,transaction_made,2026-04-14 05:54:59.393086
512,app_opened,2026-04-03 17:54:59.393110
512,account_created,2026-04-04 04:54:59.393110
513,app_opened,2026-03-04 05:54:59.393121
513,account_created,2026-03-04 09:54:59.393121
514,app_opened,2026-03-19 17:54:59.393131
514,account_created,2026-03-20 04:54:59.393131
514,kyc_started,2026-03-22 07:54:59.393131
514,kyc_completed,2026-03-23 07:54:59.393131
515,app_opened,2026-03-06 20:54:59.393148
515,account_created,2026-03-07 23:54:59.393148
515,kyc_started,2026-03-09 14:54:59.393148
516,app_opened,2026-03-18 11:54:59.393166
516,account_created,2026-03-19 02:54:59.393166
516,kyc_started,2026-03-20 14:54:59.393166
516,kyc_completed,2026-03-25 09:54:59.393166
517,app_opened,2026-03-07 18:54:59.393183
517,account_created,2026-03-08 18:54:59.393183
518,app_opened,2026-04-15 04:54:59.393193
518,account_created,2026-04-15 05:54:59.393193
518,kyc_started,2026-04-15 09:54:59.393193
519,app_opened,2026-03-30 17:54:59.393207
520,app_opened,2026-03-23 21:54:59.393214
520,account_created,2026-03-24 22:54:59.393214
521,app_opened,2026-03-12 15:54:59.393227
521,account_created,2026-03-14 06:54:59.393227
521,kyc_started,2026-03-17 03:54:59.393227
522,app_opened,2026-03-19 06:54:59.393240
522,account_created,2026-03-19 04:54:59.393240
523,app_opened,2026-03-07 02:54:59.393251
523,account_created,2026-03-06 15:54:59.393251
523,kyc_started,2026-03-08 01:54:59.393251
524,app_opened,2026-03-13 14:54:59.393264
525,app_opened,2026-03-28 05:54:59.393271
525,account_created,2026-03-28 07:54:59.393271
525,kyc_started,2026-03-29 23:54:59.393271
525,kyc_completed,2026-04-01 17:54:59.393271
525,deposit_made,2026-04-03 07:54:59.393271
525,transaction_made,2026-04-03 11:54:59.393271
526,app_opened,2026-03-09 03:54:59.393295
526,account_created,2026-03-10 00:54:59.393295
526,kyc_started,2026-03-11 01:54:59.393295
526,kyc_completed,2026-03-15 16:54:59.393295
526,deposit_made,2026-03-16 12:54:59.393295
526,transaction_made,2026-03-16 17:54:59.393295
526,credit_product_viewed,2026-03-20 17:54:59.393295
526,credit_application_started,2026-03-21 15:54:59.393295
526,credit_application_cancelled,2026-03-22 10:54:59.393295
527,app_opened,2026-03-19 13:54:59.393340
527,account_created,2026-03-21 06:54:59.393340
527,kyc_started,2026-03-21 17:54:59.393340
527,kyc_completed,2026-03-26 01:54:59.393340
528,app_opened,2026-03-29 05:54:59.393356
528,account_created,2026-03-29 13:54:59.393356
528,kyc_started,2026-03-30 11:54:59.393356
528,kyc_completed,2026-04-01 07:54:59.393356
528,deposit_made,2026-04-01 13:54:59.393356
528,transaction_made,2026-04-02 03:54:59.393356
529,app_opened,2026-03-23 22:54:59.393380
530,app_opened,2026-03-24 09:54:59.393387
530,account_created,2026-03-24 21:54:59.393387
531,app_opened,2026-04-17 19:54:59.393397
531,account_created,2026-04-18 18:54:59.393397
531,kyc_started,2026-04-18 19:54:59.393397
532,app_opened,2026-04-02 16:54:59.393410
532,account_created,2026-04-03 07:54:59.393410
532,kyc_started,2026-04-03 21:54:59.393410
532,kyc_completed,2026-04-08 00:54:59.393410
532,deposit_made,2026-04-08 05:54:59.393410
533,app_opened,2026-03-29 18:54:59.393430
533,account_created,2026-03-30 18:54:59.393430
533,kyc_started,2026-04-01 14:54:59.393430
533,kyc_completed,2026-04-06 05:54:59.393430
534,app_opened,2026-03-28 00:54:59.393447
534,account_created,2026-03-27 21:54:59.393447
534,kyc_started,2026-03-30 01:54:59.393447
534,kyc_completed,2026-04-01 05:54:59.393447
535,app_opened,2026-04-09 15:54:59.393467
535,account_created,2026-04-10 22:54:59.393467
535,kyc_started,2026-04-11 14:54:59.393467
535,kyc_completed,2026-04-16 01:54:59.393467
536,app_opened,2026-03-25 05:54:59.393490
536,account_created,2026-03-25 19:54:59.393490
536,kyc_started,2026-03-26 02:54:59.393490
537,app_opened,2026-03-07 09:54:59.393504
537,account_created,2026-03-07 16:54:59.393504
537,kyc_started,2026-03-09 17:54:59.393504
537,kyc_completed,2026-03-12 01:54:59.393504
537,deposit_made,2026-03-12 11:54:59.393504
537,transaction_made,2026-03-13 09:54:59.393504
538,app_opened,2026-03-29 22:54:59.393530
538,account_created,2026-03-31 03:54:59.393530
538,kyc_started,2026-03-31 21:54:59.393530
538,kyc_completed,2026-04-02 10:54:59.393530
539,app_opened,2026-03-09 12:54:59.393547
539,account_created,2026-03-09 15:54:59.393547
539,kyc_started,2026-03-10 17:54:59.393547
540,app_opened,2026-03-15 15:54:59.393561
540,account_created,2026-03-16 11:54:59.393561
540,kyc_started,2026-03-16 17:54:59.393561
540,kyc_completed,2026-03-18 19:54:59.393561
541,app_opened,2026-03-18 19:54:59.393578
541,account_created,2026-03-18 09:54:59.393578
541,kyc_started,2026-03-19 00:54:59.393578
542,app_opened,2026-03-07 00:54:59.393591
542,account_created,2026-03-06 14:54:59.393591
543,app_opened,2026-04-14 08:54:59.393601
543,account_created,2026-04-14 01:54:59.393601
543,kyc_started,2026-04-16 12:54:59.393601
544,app_opened,2026-03-30 17:54:59.393616
544,account_created,2026-03-30 15:54:59.393616
545,app_opened,2026-04-15 18:54:59.393627
545,account_created,2026-04-17 04:54:59.393627
545,kyc_started,2026-04-17 19:54:59.393627
545,kyc_completed,2026-04-19 00:54:59.393627
545,deposit_made,2026-04-19 09:54:59.393627
545,transaction_made,2026-04-19 15:54:59.393627
546,app_opened,2026-03-21 04:54:59.393652
546,account_created,2026-03-22 07:54:59.393652
546,kyc_started,2026-03-24 03:54:59.393652
546,kyc_completed,2026-03-27 06:54:59.393652
546,deposit_made,2026-03-28 12:54:59.393652
546,transaction_made,2026-03-29 01:54:59.393652
547,app_opened,2026-03-18 22:54:59.393676
547,account_created,2026-03-18 19:54:59.393676
547,kyc_started,2026-03-19 03:54:59.393676
548,app_opened,2026-04-07 12:54:59.393690
548,account_created,2026-04-08 22:54:59.393690
548,kyc_started,2026-04-11 07:54:59.393690
548,kyc_completed,2026-04-14 07:54:59.393690
549,app_opened,2026-03-09 09:54:59.393707
550,app_opened,2026-04-10 00:54:59.393713
551,app_opened,2026-04-10 22:54:59.393721
551,account_created,2026-04-10 13:54:59.393721
551,kyc_started,2026-04-12 06:54:59.393721
551,kyc_completed,2026-04-16 20:54:59.393721
552,app_opened,2026-03-13 08:54:59.393737
552,account_created,2026-03-14 03:54:59.393737
553,app_opened,2026-03-16 01:54:59.393750
553,account_created,2026-03-17 00:54:59.393750
553,kyc_started,2026-03-18 08:54:59.393750
553,kyc_completed,2026-03-22 20:54:59.393750
554,app_opened,2026-03-24 13:54:59.393767
554,account_created,2026-03-25 20:54:59.393767
555,app_opened,2026-03-09 10:54:59.393778
555,account_created,2026-03-09 19:54:59.393778
555,kyc_started,2026-03-12 08:54:59.393778
556,app_opened,2026-04-07 11:54:59.393791
556,account_created,2026-04-08 05:54:59.393791
556,kyc_started,2026-04-09 17:54:59.393791
556,kyc_completed,2026-04-11 21:54:59.393791
557,app_opened,2026-03-24 21:54:59.393810
557,account_created,2026-03-24 14:54:59.393810
557,kyc_started,2026-03-27 00:54:59.393810
557,kyc_completed,2026-03-30 15:54:59.393810
557,deposit_made,2026-03-30 23:54:59.393810
558,app_opened,2026-03-07 09:54:59.393831
558,account_created,2026-03-08 11:54:59.393831
558,kyc_started,2026-03-11 10:54:59.393831
558,kyc_completed,2026-03-12 21:54:59.393831
559,app_opened,2026-03-10 05:54:59.393853
559,account_created,2026-03-10 17:54:59.393853
559,kyc_started,2026-03-13 04:54:59.393853
560,app_opened,2026-03-25 10:54:59.393867
560,account_created,2026-03-26 14:54:59.393867
560,kyc_started,2026-03-29 03:54:59.393867
561,app_opened,2026-03-26 07:54:59.393883
561,account_created,2026-03-25 15:54:59.393883
562,app_opened,2026-04-03 09:54:59.393893
562,account_created,2026-04-05 01:54:59.393893
563,app_opened,2026-03-31 02:54:59.393906
563,account_created,2026-04-01 05:54:59.393906
563,kyc_started,2026-04-02 03:54:59.393906
563,kyc_completed,2026-04-06 22:54:59.393906
564,app_opened,2026-03-22 12:54:59.393923
564,account_created,2026-03-22 21:54:59.393923
564,kyc_started,2026-03-25 00:54:59.393923
564,kyc_completed,2026-03-27 00:54:59.393923
565,app_opened,2026-04-11 22:54:59.393940
565,account_created,2026-04-13 01:54:59.393940
566,app_opened,2026-03-11 12:54:59.393950
566,account_created,2026-03-12 13:54:59.393950
566,kyc_started,2026-03-15 06:54:59.393950
566,kyc_completed,2026-03-18 21:54:59.393950
566,deposit_made,2026-03-20 21:54:59.393950
566,transaction_made,2026-03-21 11:54:59.393950
567,app_opened,2026-03-19 01:54:59.393974
567,account_created,2026-03-18 20:54:59.393974
567,kyc_started,2026-03-19 19:54:59.393974
568,app_opened,2026-04-09 12:54:59.393987
568,account_created,2026-04-10 23:54:59.393987
568,kyc_started,2026-04-12 17:54:59.393987
568,kyc_completed,2026-04-15 18:54:59.393987
568,deposit_made,2026-04-17 09:54:59.393987
569,app_opened,2026-04-02 17:54:59.394007
569,account_created,2026-04-03 06:54:59.394007
570,app_opened,2026-03-20 13:54:59.394017
570,account_created,2026-03-21 23:54:59.394017
571,app_opened,2026-03-16 18:54:59.394027
571,account_created,2026-03-17 20:54:59.394027
572,app_opened,2026-03-04 08:54:59.394038
573,app_opened,2026-03-08 15:54:59.394044
573,account_created,2026-03-10 00:54:59.394044
574,app_opened,2026-03-05 20:54:59.394057
575,app_opened,2026-04-10 07:54:59.394064
575,account_created,2026-04-09 20:54:59.394064
575,kyc_started,2026-04-11 14:54:59.394064
576,app_opened,2026-03-27 02:54:59.394078
576,account_created,2026-03-27 21:54:59.394078
577,app_opened,2026-03-03 22:54:59.394088
577,account_created,2026-03-04 19:54:59.394088
577,kyc_started,2026-03-07 02:54:59.394088
578,app_opened,2026-03-15 12:54:59.394101
578,account_created,2026-03-15 18:54:59.394101
578,kyc_started,2026-03-16 02:54:59.394101
578,kyc_completed,2026-03-21 02:54:59.394101
579,app_opened,2026-03-31 06:54:59.394120
579,account_created,2026-03-30 12:54:59.394120
579,kyc_started,2026-04-01 02:54:59.394120
579,kyc_completed,2026-04-04 23:54:59.394120
579,deposit_made,2026-04-06 04:54:59.394120
579,transaction_made,2026-04-07 02:54:59.394120
580,app_opened,2026-04-04 08:54:59.394144
580,account_created,2026-04-04 09:54:59.394144
580,kyc_started,2026-04-05 22:54:59.394144
581,app_opened,2026-04-14 21:54:59.394158
581,account_created,2026-04-16 04:54:59.394158
581,kyc_started,2026-04-19 03:54:59.394158
581,kyc_completed,2026-04-24 02:54:59.394158
581,deposit_made,2026-04-25 18:54:59.394158
582,app_opened,2026-03-20 16:54:59.394178
583,app_opened,2026-03-04 07:54:59.394185
583,account_created,2026-03-04 22:54:59.394185
583,kyc_started,2026-03-06 00:54:59.394185
584,app_opened,2026-04-05 18:54:59.394201
584,account_created,2026-04-07 04:54:59.394201
584,kyc_started,2026-04-08 03:54:59.394201
585,app_opened,2026-04-10 21:54:59.394215
585,account_created,2026-04-11 02:54:59.394215
585,kyc_started,2026-04-11 19:54:59.394215
585,kyc_completed,2026-04-14 03:54:59.394215
585,deposit_made,2026-04-15 09:54:59.394215
585,transaction_made,2026-04-15 14:54:59.394215
585,credit_product_viewed,2026-04-21 14:54:59.394215
585,credit_application_started,2026-04-23 05:54:59.394215
585,credit_application_completed,2026-04-24 02:54:59.394215
586,app_opened,2026-03-10 06:54:59.394247
586,account_created,2026-03-10 21:54:59.394247
586,kyc_started,2026-03-11 07:54:59.394247
587,app_opened,2026-03-29 01:54:59.394263
587,account_created,2026-03-28 20:54:59.394263
587,kyc_started,2026-03-31 13:54:59.394263
587,kyc_completed,2026-04-04 10:54:59.394263
588,app_opened,2026-04-12 20:54:59.394280
588,account_created,2026-04-12 22:54:59.394280
588,kyc_started,2026-04-14 17:54:59.394280
588,kyc_completed,2026-04-16 20:54:59.394280
589,app_opened,2026-03-10 01:54:59.394297
589,account_created,2026-03-10 20:54:59.394297
590,app_opened,2026-03-07 09:54:59.394307
590,account_created,2026-03-08 07:54:59.394307
590,kyc_started,2026-03-09 15:54:59.394307
591,app_opened,2026-03-05 19:54:59.394321
591,account_created,2026-03-05 16:54:59.394321
591,kyc_started,2026-03-08 14:54:59.394321
592,app_opened,2026-04-17 01:54:59.394349
592,account_created,2026-04-17 08:54:59.394349
592,kyc_started,2026-04-20 02:54:59.394349
592,kyc_completed,2026-04-21 07:54:59.394349
592,deposit_made,2026-04-23 01:54:59.394349
592,transaction_made,2026-04-23 18:54:59.394349
592,credit_product_viewed,2026-04-25 18:54:59.394349
592,credit_application_started,2026-04-26 05:54:59.394349
592,credit_application_cancelled,2026-04-26 23:54:59.394349
593,app_opened,2026-03-14 09:54:59.394382
593,account_created,2026-03-14 22:54:59.394382
593,kyc_started,2026-03-16 02:54:59.394382
594,app_opened,2026-03-21 12:54:59.394396
594,account_created,2026-03-23 05:54:59.394396
595,app_opened,2026-03-22 05:54:59.394410
595,account_created,2026-03-21 13:54:59.394410
596,app_opened,2026-04-08 09:54:59.394421
596,account_created,2026-04-09 06:54:59.394421
596,kyc_started,2026-04-09 16:54:59.394421
596,kyc_completed,2026-04-12 00:54:59.394421
597,app_opened,2026-03-12 16:54:59.394437
598,app_opened,2026-03-22 21:54:59.394444
598,account_created,2026-03-23 10:54:59.394444
598,kyc_started,2026-03-23 13:54:59.394444
598,kyc_completed,2026-03-25 04:54:59.394444
599,app_opened,2026-03-08 08:54:59.394461
599,account_created,2026-03-09 08:54:59.394461
599,kyc_started,2026-03-09 18:54:59.394461
599,kyc_completed,2026-03-13 10:54:59.394461
599,deposit_made,2026-03-15 06:54:59.394461
599,transaction_made,2026-03-15 09:54:59.394461
599,credit_product_viewed,2026-03-23 09:54:59.394461
599,credit_application_started,2026-03-24 10:54:59.394461
599,credit_application_completed,2026-03-25 08:54:59.394461
600,app_opened,2026-04-17 00:54:59.394496
600,account_created,2026-04-16 23:54:59.394496
600,kyc_started,2026-04-19 02:54:59.394496
601,app_opened,2026-03-14 18:54:59.394517
602,app_opened,2026-04-08 18:54:59.394524
602,account_created,2026-04-10 07:54:59.394524
602,kyc_started,2026-04-10 09:54:59.394524
602,kyc_completed,2026-04-14 08:54:59.394524
602,deposit_made,2026-04-14 11:54:59.394524
602,transaction_made,2026-04-15 07:54:59.394524
603,app_opened,2026-03-13 11:54:59.394548
603,account_created,2026-03-15 08:54:59.394548
604,app_opened,2026-03-26 15:54:59.394558
604,account_created,2026-03-28 02:54:59.394558
605,app_opened,2026-04-08 14:54:59.394569
605,account_created,2026-04-10 00:54:59.394569
606,app_opened,2026-04-05 12:54:59.394579
606,account_created,2026-04-06 21:54:59.394579
607,app_opened,2026-03-13 23:54:59.394589
607,account_created,2026-03-13 13:54:59.394589
607,kyc_started,2026-03-13 22:54:59.394589
607,kyc_completed,2026-03-15 23:54:59.394589
608,app_opened,2026-03-17 19:54:59.394606
608,account_created,2026-03-19 03:54:59.394606
608,kyc_started,2026-03-19 16:54:59.394606
608,kyc_completed,2026-03-21 00:54:59.394606
609,app_opened,2026-03-29 00:54:59.394623
609,account_created,2026-03-30 00:54:59.394623
609,kyc_started,2026-03-30 20:54:59.394623
609,kyc_completed,2026-04-02 18:54:59.394623
610,app_opened,2026-03-21 14:54:59.394642
610,account_created,2026-03-22 00:54:59.394642
611,app_opened,2026-03-04 08:54:59.394652
611,account_created,2026-03-04 02:54:59.394652
612,app_opened,2026-04-10 06:54:59.394662
612,account_created,2026-04-10 15:54:59.394662
612,kyc_started,2026-04-12 13:54:59.394662
613,app_opened,2026-03-18 02:54:59.394679
613,account_created,2026-03-19 02:54:59.394679
613,kyc_started,2026-03-20 14:54:59.394679
614,app_opened,2026-04-10 02:54:59.394692
614,account_created,2026-04-11 07:54:59.394692
615,app_opened,2026-04-14 08:54:59.394705
615,account_created,2026-04-13 10:54:59.394705
616,app_opened,2026-03-08 09:54:59.394715
616,account_created,2026-03-09 22:54:59.394715
616,kyc_started,2026-03-11 02:54:59.394715
617,app_opened,2026-03-13 17:54:59.394728
617,account_created,2026-03-14 19:54:59.394728
617,kyc_started,2026-03-15 15:54:59.394728
617,kyc_completed,2026-03-17 19:54:59.394728
618,app_opened,2026-03-12 08:54:59.394746
619,app_opened,2026-04-09 23:54:59.394752
619,account_created,2026-04-09 14:54:59.394752
619,kyc_started,2026-04-12 07:54:59.394752
619,kyc_completed,2026-04-14 13:54:59.394752
620,app_opened,2026-03-10 06:54:59.394769
620,account_created,2026-03-10 17:54:59.394769
620,kyc_started,2026-03-11 14:54:59.394769
620,kyc_completed,2026-03-15 14:54:59.394769
621,app_opened,2026-04-09 08:54:59.394786
621,account_created,2026-04-09 07:54:59.394786
621,kyc_started,2026-04-11 22:54:59.394786
621,kyc_completed,2026-04-14 07:54:59.394786
621,deposit_made,2026-04-14 10:54:59.394786
621,transaction_made,2026-04-15 03:54:59.394786
622,app_opened,2026-03-25 21:54:59.394812
622,account_created,2026-03-26 14:54:59.394812
623,app_opened,2026-04-16 05:54:59.394822
623,account_created,2026-04-17 06:54:59.394822
624,app_opened,2026-03-08 17:54:59.394833
624,account_created,2026-03-09 01:54:59.394833
624,kyc_started,2026-03-10 00:54:59.394833
624,kyc_completed,2026-03-13 00:54:59.394833
624,deposit_made,2026-03-14 18:54:59.394833
625,app_opened,2026-04-14 01:54:59.394859
625,account_created,2026-04-13 23:54:59.394859
625,kyc_started,2026-04-15 21:54:59.394859
626,app_opened,2026-03-27 00:54:59.394873
626,account_created,2026-03-27 23:54:59.394873
626,kyc_started,2026-03-28 17:54:59.394873
626,kyc_completed,2026-03-30 22:54:59.394873
626,deposit_made,2026-04-01 16:54:59.394873
626,transaction_made,2026-04-01 21:54:59.394873
626,credit_product_viewed,2026-04-07 21:54:59.394873
626,credit_application_started,2026-04-09 12:54:59.394873
626,credit_application_cancelled,2026-04-09 16:54:59.394873
627,app_opened,2026-03-06 16:54:59.394906
627,account_created,2026-03-07 06:54:59.394906
628,app_opened,2026-03-19 06:54:59.394915
628,account_created,2026-03-18 22:54:59.394915
628,kyc_started,2026-03-21 03:54:59.394915
628,kyc_completed,2026-03-22 08:54:59.394915
628,deposit_made,2026-03-23 22:54:59.394915
628,transaction_made,2026-03-24 19:54:59.394915
629,app_opened,2026-03-12 13:54:59.394942
629,account_created,2026-03-13 01:54:59.394942
630,app_opened,2026-03-15 21:54:59.394952
630,account_created,2026-03-16 21:54:59.394952
630,kyc_started,2026-03-18 10:54:59.394952
631,app_opened,2026-04-04 23:54:59.394971
631,account_created,2026-04-05 15:54:59.394971
632,app_opened,2026-04-07 16:54:59.394981
632,account_created,2026-04-08 23:54:59.394981
632,kyc_started,2026-04-09 23:54:59.394981
633,app_opened,2026-03-16 17:54:59.394994
633,account_created,2026-03-18 04:54:59.394994
633,kyc_started,2026-03-20 15:54:59.394994
633,kyc_completed,2026-03-21 23:54:59.394994
633,deposit_made,2026-03-23 00:54:59.394994
633,transaction_made,2026-03-23 01:54:59.394994
633,credit_product_viewed,2026-04-06 01:54:59.394994
633,credit_application_started,2026-04-07 10:54:59.394994
633,credit_application_cancelled,2026-04-07 15:54:59.394994
634,app_opened,2026-03-10 12:54:59.395030
634,account_created,2026-03-12 00:54:59.395030
634,kyc_started,2026-03-14 21:54:59.395030
634,kyc_completed,2026-03-16 12:54:59.395030
634,deposit_made,2026-03-18 07:54:59.395030
634,transaction_made,2026-03-19 03:54:59.395030
635,app_opened,2026-04-18 06:54:59.395055
635,account_created,2026-04-18 18:54:59.395055
635,kyc_started,2026-04-19 00:54:59.395055
636,app_opened,2026-03-21 16:54:59.395070
637,app_opened,2026-03-18 21:54:59.395077
637,account_created,2026-03-20 08:54:59.395077
638,app_opened,2026-03-05 03:54:59.395092
638,account_created,2026-03-04 17:54:59.395092
638,kyc_started,2026-03-05 23:54:59.395092
639,app_opened,2026-04-12 18:54:59.395105
639,account_created,2026-04-13 19:54:59.395105
639,kyc_started,2026-04-14 20:54:59.395105
639,kyc_completed,2026-04-19 19:54:59.395105
640,app_opened,2026-03-13 01:54:59.395125
640,account_created,2026-03-12 09:54:59.395125
640,kyc_started,2026-03-13 12:54:59.395125
641,app_opened,2026-03-28 22:54:59.395139
641,account_created,2026-03-28 18:54:59.395139
641,kyc_started,2026-03-30 03:54:59.395139
641,kyc_completed,2026-04-02 23:54:59.395139
641,deposit_made,2026-04-03 23:54:59.395139
641,transaction_made,2026-04-04 21:54:59.395139
642,app_opened,2026-04-04 22:54:59.395163
642,account_created,2026-04-05 20:54:59.395163
642,kyc_started,2026-04-07 20:54:59.395163
642,kyc_completed,2026-04-11 09:54:59.395163
642,deposit_made,2026-04-12 05:54:59.395163
642,transaction_made,2026-04-13 04:54:59.395163
643,app_opened,2026-04-10 06:54:59.395188
643,account_created,2026-04-09 23:54:59.395188
643,kyc_started,2026-04-10 20:54:59.395188
643,kyc_completed,2026-04-14 13:54:59.395188
643,deposit_made,2026-04-15 11:54:59.395188
644,app_opened,2026-03-10 07:54:59.395208
644,account_created,2026-03-09 12:54:59.395208
644,kyc_started,2026-03-09 13:54:59.395208
645,app_opened,2026-04-09 00:54:59.395222
646,app_opened,2026-03-21 11:54:59.395231
646,account_created,2026-03-21 23:54:59.395231
646,kyc_started,2026-03-22 04:54:59.395231
647,app_opened,2026-03-24 04:54:59.395245
647,account_created,2026-03-24 03:54:59.395245
648,app_opened,2026-03-10 10:54:59.395255
649,app_opened,2026-04-07 05:54:59.395262
649,account_created,2026-04-06 09:54:59.395262
649,kyc_started,2026-04-09 04:54:59.395262
649,kyc_completed,2026-04-10 08:54:59.395262
650,app_opened,2026-03-17 01:54:59.395279
650,account_created,2026-03-18 00:54:59.395279
650,kyc_started,2026-03-18 05:54:59.395279
650,kyc_completed,2026-03-22 16:54:59.395279
650,deposit_made,2026-03-23 03:54:59.395279
650,transaction_made,2026-03-23 12:54:59.395279
651,app_opened,2026-03-27 06:54:59.395305
651,account_created,2026-03-27 22:54:59.395305
651,kyc_started,2026-03-28 00:54:59.395305
652,app_opened,2026-04-13 11:54:59.395318
652,account_created,2026-04-15 07:54:59.395318
653,app_opened,2026-03-11 20:54:59.395329
653,account_created,2026-03-12 02:54:59.395329
653,kyc_started,2026-03-13 03:54:59.395329
653,kyc_completed,2026-03-16 06:54:59.395329
654,app_opened,2026-04-01 14:54:59.395355
654,account_created,2026-04-01 15:54:59.395355
654,kyc_started,2026-04-04 08:54:59.395355
654,kyc_completed,2026-04-05 22:54:59.395355
655,app_opened,2026-04-02 02:54:59.395372
655,account_created,2026-04-02 21:54:59.395372
655,kyc_started,2026-04-05 06:54:59.395372
656,app_opened,2026-03-13 00:54:59.395388
656,account_created,2026-03-13 06:54:59.395388
657,app_opened,2026-03-20 06:54:59.395399
657,account_created,2026-03-20 22:54:59.395399
658,app_opened,2026-03-18 12:54:59.395409
658,account_created,2026-03-19 09:54:59.395409
658,kyc_started,2026-03-20 14:54:59.395409
659,app_opened,2026-04-03 19:54:59.395422
659,account_created,2026-04-04 07:54:59.395422
659,kyc_started,2026-04-04 09:54:59.395422
660,app_opened,2026-04-01 16:54:59.395436
660,account_created,2026-04-02 10:54:59.395436
660,kyc_started,2026-04-04 06:54:59.395436
660,kyc_completed,2026-04-06 04:54:59.395436
660,deposit_made,2026-04-07 03:54:59.395436
660,transaction_made,2026-04-07 22:54:59.395436
660,credit_product_viewed,2026-04-19 22:54:59.395436
660,credit_application_started,2026-04-21 18:54:59.395436
660,credit_application_cancelled,2026-04-22 01:54:59.395436
661,app_opened,2026-03-18 08:54:59.395473
661,account_created,2026-03-19 08:54:59.395473
661,kyc_started,2026-03-20 18:54:59.395473
661,kyc_completed,2026-03-22 19:54:59.395473
662,app_opened,2026-03-09 20:54:59.395489
662,account_created,2026-03-09 15:54:59.395489
662,kyc_started,2026-03-10 02:54:59.395489
663,app_opened,2026-03-07 00:54:59.395503
663,account_created,2026-03-07 19:54:59.395503
664,app_opened,2026-03-18 20:54:59.395513
664,account_created,2026-03-19 16:54:59.395513
665,app_opened,2026-03-12 17:54:59.395523
665,account_created,2026-03-13 17:54:59.395523
665,kyc_started,2026-03-14 22:54:59.395523
666,app_opened,2026-04-09 10:54:59.395539
666,account_created,2026-04-10 12:54:59.395539
666,kyc_started,2026-04-13 10:54:59.395539
666,kyc_completed,2026-04-16 06:54:59.395539
666,deposit_made,2026-04-18 02:54:59.395539
666,transaction_made,2026-04-18 17:54:59.395539
667,app_opened,2026-03-05 01:54:59.395562
667,account_created,2026-03-06 05:54:59.395562
667,kyc_started,2026-03-07 08:54:59.395562
667,kyc_completed,2026-03-08 20:54:59.395562
667,deposit_made,2026-03-10 12:54:59.395562
668,app_opened,2026-04-07 02:54:59.395583
668,account_created,2026-04-07 02:54:59.395583
668,kyc_started,2026-04-08 22:54:59.395583
668,kyc_completed,2026-04-12 13:54:59.395583
668,deposit_made,2026-04-13 16:54:59.395583
668,transaction_made,2026-04-14 04:54:59.395583
669,app_opened,2026-03-23 17:54:59.395609
669,account_created,2026-03-24 21:54:59.395609
669,kyc_started,2026-03-26 03:54:59.395609
670,app_opened,2026-03-31 16:54:59.395622
670,account_created,2026-04-01 09:54:59.395622
670,kyc_started,2026-04-02 05:54:59.395622
670,kyc_completed,2026-04-03 06:54:59.395622
670,deposit_made,2026-04-04 14:54:59.395622
670,transaction_made,2026-04-05 11:54:59.395622
671,app_opened,2026-03-29 00:54:59.395646
671,account_created,2026-03-29 20:54:59.395646
672,app_opened,2026-04-14 21:54:59.395657
672,account_created,2026-04-14 19:54:59.395657
672,kyc_started,2026-04-16 04:54:59.395657
672,kyc_completed,2026-04-20 12:54:59.395657
672,deposit_made,2026-04-22 12:54:59.395657
672,transaction_made,2026-04-23 00:54:59.395657
673,app_opened,2026-03-13 17:54:59.395682
673,account_created,2026-03-14 11:54:59.395682
673,kyc_started,2026-03-15 13:54:59.395682
673,kyc_completed,2026-03-20 00:54:59.395682
674,app_opened,2026-04-06 18:54:59.395698
674,account_created,2026-04-08 04:54:59.395698
674,kyc_started,2026-04-10 14:54:59.395698
675,app_opened,2026-03-25 04:54:59.395712
675,account_created,2026-03-26 01:54:59.395712
676,app_opened,2026-04-08 05:54:59.395722
676,account_created,2026-04-08 06:54:59.395722
676,kyc_started,2026-04-10 10:54:59.395722
677,app_opened,2026-04-13 11:54:59.395736
677,account_created,2026-04-13 23:54:59.395736
677,kyc_started,2026-04-15 13:54:59.395736
678,app_opened,2026-03-11 05:54:59.395749
678,account_created,2026-03-11 13:54:59.395749
679,app_opened,2026-03-26 08:54:59.395759
679,account_created,2026-03-26 13:54:59.395759
679,kyc_started,2026-03-27 13:54:59.395759
680,app_opened,2026-04-10 08:54:59.395773
680,account_created,2026-04-10 01:54:59.395773
681,app_opened,2026-03-05 08:54:59.395783
681,account_created,2026-03-04 19:54:59.395783
681,kyc_started,2026-03-05 08:54:59.395783
681,kyc_completed,2026-03-08 20:54:59.395783
682,app_opened,2026-04-16 21:54:59.395800
682,account_created,2026-04-16 14:54:59.395800
682,kyc_started,2026-04-17 10:54:59.395800
682,kyc_completed,2026-04-20 11:54:59.395800
682,deposit_made,2026-04-21 03:54:59.395800
682,transaction_made,2026-04-21 18:54:59.395800
683,app_opened,2026-04-10 01:54:59.395832
683,account_created,2026-04-09 10:54:59.395832
683,kyc_started,2026-04-11 08:54:59.395832
684,app_opened,2026-03-29 00:54:59.395853
684,account_created,2026-03-29 19:54:59.395853
685,app_opened,2026-03-13 23:54:59.395864
685,account_created,2026-03-15 05:54:59.395864
685,kyc_started,2026-03-17 16:54:59.395864
686,app_opened,2026-03-09 03:54:59.395877
686,account_created,2026-03-10 01:54:59.395877
686,kyc_started,2026-03-11 17:54:59.395877
687,app_opened,2026-03-19 02:54:59.395893
687,account_created,2026-03-18 14:54:59.395893
687,kyc_started,2026-03-20 13:54:59.395893
687,kyc_completed,2026-03-22 08:54:59.395893
687,deposit_made,2026-03-22 09:54:59.395893
687,transaction_made,2026-03-22 14:54:59.395893
688,app_opened,2026-03-19 02:54:59.395917
688,account_created,2026-03-19 16:54:59.395917
689,app_opened,2026-03-18 18:54:59.395927
689,account_created,2026-03-19 12:54:59.395927
690,app_opened,2026-03-10 16:54:59.395937
690,account_created,2026-03-11 20:54:59.395937
690,kyc_started,2026-03-14 01:54:59.395937
691,app_opened,2026-03-21 21:54:59.395951
691,account_created,2026-03-23 06:54:59.395951
692,app_opened,2026-03-24 21:54:59.395962
692,account_created,2026-03-24 14:54:59.395962
692,kyc_started,2026-03-25 21:54:59.395962
692,kyc_completed,2026-03-30 03:54:59.395962
693,app_opened,2026-03-05 17:54:59.395982
693,account_created,2026-03-07 08:54:59.395982
693,kyc_started,2026-03-08 19:54:59.395982
693,kyc_completed,2026-03-10 03:54:59.395982
693,deposit_made,2026-03-10 22:54:59.395982
693,transaction_made,2026-03-11 13:54:59.395982
694,app_opened,2026-04-01 07:54:59.396005
694,account_created,2026-03-31 21:54:59.396005
694,kyc_started,2026-04-01 17:54:59.396005
694,kyc_completed,2026-04-05 13:54:59.396005
694,deposit_made,2026-04-05 20:54:59.396005
694,transaction_made,2026-04-06 01:54:59.396005
695,app_opened,2026-04-17 16:54:59.396029
695,account_created,2026-04-17 09:54:59.396029
695,kyc_started,2026-04-19 05:54:59.396029
695,kyc_completed,2026-04-22 20:54:59.396029
696,app_opened,2026-03-20 07:54:59.396046
696,account_created,2026-03-20 06:54:59.396046
696,kyc_started,2026-03-21 01:54:59.396046
696,kyc_completed,2026-03-24 03:54:59.396046
696,deposit_made,2026-03-25 10:54:59.396046
696,transaction_made,2026-03-25 19:54:59.396046
697,app_opened,2026-04-17 12:54:59.396069
698,app_opened,2026-03-03 16:54:59.396076
698,account_created,2026-03-04 13:54:59.396076
698,kyc_started,2026-03-04 18:54:59.396076
698,kyc_completed,2026-03-09 16:54:59.396076
699,app_opened,2026-03-16 06:54:59.396093
700,app_opened,2026-03-18 21:54:59.396100
700,account_created,2026-03-19 04:54:59.396100
701,app_opened,2026-04-08 05:54:59.396113
701,account_created,2026-04-09 08:54:59.396113
702,app_opened,2026-03-15 12:54:59.396123
702,account_created,2026-03-17 01:54:59.396123
702,kyc_started,2026-03-19 00:54:59.396123
703,app_opened,2026-03-06 15:54:59.396136
704,app_opened,2026-04-03 05:54:59.396143
704,account_created,2026-04-02 09:54:59.396143
704,kyc_started,2026-04-03 21:54:59.396143
704,kyc_completed,2026-04-06 23:54:59.396143
705,app_opened,2026-04-17 10:54:59.396160
705,account_created,2026-04-19 05:54:59.396160
705,kyc_started,2026-04-20 01:54:59.396160
705,kyc_completed,2026-04-21 12:54:59.396160
705,deposit_made,2026-04-22 20:54:59.396160
705,transaction_made,2026-04-23 16:54:59.396160
706,app_opened,2026-03-08 10:54:59.396186
706,account_created,2026-03-10 02:54:59.396186
706,kyc_started,2026-03-12 23:54:59.396186
707,app_opened,2026-04-10 00:54:59.396200
707,account_created,2026-04-10 20:54:59.396200
708,app_opened,2026-03-26 23:54:59.396210
708,account_created,2026-03-26 10:54:59.396210
708,kyc_started,2026-03-28 08:54:59.396210
709,app_opened,2026-04-01 10:54:59.396223
709,account_created,2026-04-02 13:54:59.396223
709,kyc_started,2026-04-05 11:54:59.396223
710,app_opened,2026-04-06 03:54:59.396236
710,account_created,2026-04-06 07:54:59.396236
710,kyc_started,2026-04-08 19:54:59.396236
710,kyc_completed,2026-04-12 23:54:59.396236
711,app_opened,2026-03-13 14:54:59.396259
711,account_created,2026-03-13 18:54:59.396259
711,kyc_started,2026-03-15 04:54:59.396259
711,kyc_completed,2026-03-18 14:54:59.396259
711,deposit_made,2026-03-20 07:54:59.396259
711,transaction_made,2026-03-21 07:54:59.396259
711,credit_product_viewed,2026-03-22 07:54:59.396259
711,credit_application_started,2026-03-23 23:54:59.396259
711,credit_application_cancelled,2026-03-24 19:54:59.396259
712,app_opened,2026-04-02 19:54:59.396291
712,account_created,2026-04-04 03:54:59.396291
713,app_opened,2026-03-24 15:54:59.396301
713,account_created,2026-03-25 16:54:59.396301
714,app_opened,2026-04-09 04:54:59.396311
714,account_created,2026-04-09 11:54:59.396311
714,kyc_started,2026-04-10 02:54:59.396311
714,kyc_completed,2026-04-14 14:54:59.396311
714,deposit_made,2026-04-14 23:54:59.396311
714,transaction_made,2026-04-15 01:54:59.396311
714,credit_product_viewed,2026-04-23 01:54:59.396311
714,credit_application_started,2026-04-23 14:54:59.396311
714,credit_application_completed,2026-04-24 09:54:59.396311
715,app_opened,2026-03-07 21:54:59.396352
715,account_created,2026-03-08 18:54:59.396352
715,kyc_started,2026-03-10 03:54:59.396352
715,kyc_completed,2026-03-12 07:54:59.396352
716,app_opened,2026-04-13 09:54:59.396369
717,app_opened,2026-04-05 05:54:59.396375
717,account_created,2026-04-04 14:54:59.396375
717,kyc_started,2026-04-04 22:54:59.396375
717,kyc_completed,2026-04-09 21:54:59.396375
718,app_opened,2026-03-22 20:54:59.396393
718,account_created,2026-03-22 12:54:59.396393
719,app_opened,2026-04-01 01:54:59.396405
719,account_created,2026-03-31 13:54:59.396405
720,app_opened,2026-04-13 15:54:59.396416
721,app_opened,2026-04-11 12:54:59.396422
721,account_created,2026-04-12 19:54:59.396422
721,kyc_started,2026-04-13 20:54:59.396422
721,kyc_completed,2026-04-16 03:54:59.396422
722,app_opened,2026-04-07 02:54:59.396439
722,account_created,2026-04-07 11:54:59.396439
723,app_opened,2026-03-09 03:54:59.396449
723,account_created,2026-03-09 14:54:59.396449
724,app_opened,2026-03-21 12:54:59.396459
724,account_created,2026-03-21 20:54:59.396459
724,kyc_started,2026-03-24 13:54:59.396459
724,kyc_completed,2026-03-26 09:54:59.396459
725,app_opened,2026-03-10 23:54:59.396478
726,app_opened,2026-03-29 02:54:59.396485
727,app_opened,2026-03-28 20:54:59.396492
727,account_created,2026-03-30 01:54:59.396492
727,kyc_started,2026-03-31 19:54:59.396492
728,app_opened,2026-03-13 02:54:59.396505
728,account_created,2026-03-13 20:54:59.396505
729,app_opened,2026-04-01 20:54:59.396516
730,app_opened,2026-03-20 21:54:59.396522
730,account_created,2026-03-20 11:54:59.396522
731,app_opened,2026-03-10 09:54:59.396533
731,account_created,2026-03-11 04:54:59.396533
731,kyc_started,2026-03-12 09:54:59.396533
731,kyc_completed,2026-03-15 01:54:59.396533
731,deposit_made,2026-03-16 22:54:59.396533
732,app_opened,2026-03-14 01:54:59.396553
732,account_created,2026-03-14 21:54:59.396553
732,kyc_started,2026-03-15 02:54:59.396553
732,kyc_completed,2026-03-16 21:54:59.396553
732,deposit_made,2026-03-17 21:54:59.396553
733,app_opened,2026-04-02 16:54:59.396576
733,account_created,2026-04-03 04:54:59.396576
733,kyc_started,2026-04-05 08:54:59.396576
733,kyc_completed,2026-04-07 11:54:59.396576
734,app_opened,2026-03-29 00:54:59.396593
734,account_created,2026-03-30 05:54:59.396593
735,app_opened,2026-04-12 04:54:59.396603
735,account_created,2026-04-11 11:54:59.396603
736,app_opened,2026-03-12 21:54:59.396613
736,account_created,2026-03-12 12:54:59.396613
737,app_opened,2026-03-27 20:54:59.396623
738,app_opened,2026-03-21 22:54:59.396630
739,app_opened,2026-04-10 16:54:59.396637
739,account_created,2026-04-11 23:54:59.396637
740,app_opened,2026-03-09 05:54:59.396652
740,account_created,2026-03-09 04:54:59.396652
740,kyc_started,2026-03-10 21:54:59.396652
740,kyc_completed,2026-03-12 16:54:59.396652
740,deposit_made,2026-03-14 13:54:59.396652
740,transaction_made,2026-03-14 15:54:59.396652
741,app_opened,2026-03-23 23:54:59.396675
741,account_created,2026-03-24 21:54:59.396675
741,kyc_started,2026-03-26 02:54:59.396675
741,kyc_completed,2026-03-29 04:54:59.396675
741,deposit_made,2026-03-30 02:54:59.396675
741,transaction_made,2026-03-30 21:54:59.396675
742,app_opened,2026-03-13 21:54:59.396699
742,account_created,2026-03-14 10:54:59.396699
742,kyc_started,2026-03-15 03:54:59.396699
743,app_opened,2026-03-19 02:54:59.396715
743,account_created,2026-03-19 10:54:59.396715
743,kyc_started,2026-03-20 12:54:59.396715
743,kyc_completed,2026-03-25 10:54:59.396715
744,app_opened,2026-04-02 11:54:59.396732
744,account_created,2026-04-03 12:54:59.396732
744,kyc_started,2026-04-04 00:54:59.396732
744,kyc_completed,2026-04-07 04:54:59.396732
744,deposit_made,2026-04-08 03:54:59.396732
744,transaction_made,2026-04-08 15:54:59.396732
745,app_opened,2026-04-16 18:54:59.396757
745,account_created,2026-04-17 07:54:59.396757
745,kyc_started,2026-04-19 16:54:59.396757
746,app_opened,2026-03-20 10:54:59.396773
747,app_opened,2026-04-03 15:54:59.396780
747,account_created,2026-04-03 18:54:59.396780
748,app_opened,2026-04-12 12:54:59.396790
748,account_created,2026-04-13 00:54:59.396790
749,app_opened,2026-04-08 18:54:59.396800
749,account_created,2026-04-10 05:54:59.396800
750,app_opened,2026-03-29 23:54:59.396810
750,account_created,2026-03-30 06:54:59.396810
750,kyc_started,2026-04-02 03:54:59.396810
750,kyc_completed,2026-04-06 00:54:59.396810
751,app_opened,2026-04-02 02:54:59.396826
751,account_created,2026-04-03 07:54:59.396826
752,app_opened,2026-03-05 07:54:59.396836
752,account_created,2026-03-05 09:54:59.396836
752,kyc_started,2026-03-08 05:54:59.396836
752,kyc_completed,2026-03-10 02:54:59.396836
752,deposit_made,2026-03-10 15:54:59.396836
752,transaction_made,2026-03-11 11:54:59.396836
752,credit_product_viewed,2026-03-19 11:54:59.396836
752,credit_application_started,2026-03-21 05:54:59.396836
752,credit_application_cancelled,2026-03-21 08:54:59.396836
753,app_opened,2026-03-25 06:54:59.396877
753,account_created,2026-03-26 03:54:59.396877
753,kyc_started,2026-03-26 17:54:59.396877
753,kyc_completed,2026-03-31 04:54:59.396877
753,deposit_made,2026-04-01 05:54:59.396877
753,transaction_made,2026-04-02 04:54:59.396877
753,credit_product_viewed,2026-04-08 04:54:59.396877
753,credit_application_started,2026-04-09 12:54:59.396877
753,credit_application_cancelled,2026-04-10 06:54:59.396877
754,app_opened,2026-04-12 14:54:59.396910
754,account_created,2026-04-13 14:54:59.396910
754,kyc_started,2026-04-13 17:54:59.396910
754,kyc_completed,2026-04-17 12:54:59.396910
754,deposit_made,2026-04-18 20:54:59.396910
754,transaction_made,2026-04-19 02:54:59.396910
754,credit_product_viewed,2026-04-30 02:54:59.396910
754,credit_application_started,2026-05-01 01:54:59.396910
754,credit_application_completed,2026-05-01 11:54:59.396910
755,app_opened,2026-04-03 01:54:59.396942
755,account_created,2026-04-02 12:54:59.396942
755,kyc_started,2026-04-04 14:54:59.396942
756,app_opened,2026-04-17 02:54:59.396956
757,app_opened,2026-04-03 13:54:59.396963
757,account_created,2026-04-04 10:54:59.396963
757,kyc_started,2026-04-04 22:54:59.396963
758,app_opened,2026-03-16 06:54:59.396977
758,account_created,2026-03-17 01:54:59.396977
758,kyc_started,2026-03-19 07:54:59.396977
758,kyc_completed,2026-03-21 02:54:59.396977
758,deposit_made,2026-03-21 22:54:59.396977
759,app_opened,2026-03-27 23:54:59.396998
759,account_created,2026-03-27 22:54:59.396998
759,kyc_started,2026-03-30 20:54:59.396998
760,app_opened,2026-04-05 13:54:59.397012
760,account_created,2026-04-07 06:54:59.397012
761,app_opened,2026-04-09 22:54:59.397025
762,app_opened,2026-04-09 05:54:59.397031
763,app_opened,2026-04-07 19:54:59.397038
763,account_created,2026-04-08 19:54:59.397038
764,app_opened,2026-04-10 14:54:59.397049
764,account_created,2026-04-10 18:54:59.397049
765,app_opened,2026-03-28 22:54:59.397064
766,app_opened,2026-03-29 23:54:59.397071
766,account_created,2026-03-31 01:54:59.397071
767,app_opened,2026-03-31 13:54:59.397081
767,account_created,2026-03-31 15:54:59.397081
767,kyc_started,2026-03-31 19:54:59.397081
768,app_opened,2026-03-10 04:54:59.397095
768,account_created,2026-03-10 21:54:59.397095
768,kyc_started,2026-03-12 03:54:59.397095
768,kyc_completed,2026-03-13 06:54:59.397095
768,deposit_made,2026-03-15 03:54:59.397095
768,transaction_made,2026-03-15 08:54:59.397095
769,app_opened,2026-03-11 00:54:59.397116
769,account_created,2026-03-11 08:54:59.397116
769,kyc_started,2026-03-13 10:54:59.397116
769,kyc_completed,2026-03-15 03:54:59.397116
769,deposit_made,2026-03-15 18:54:59.397116
769,transaction_made,2026-03-15 19:54:59.397116
770,app_opened,2026-03-22 16:54:59.397143
770,account_created,2026-03-22 21:54:59.397143
771,app_opened,2026-04-13 14:54:59.397153
772,app_opened,2026-03-21 04:54:59.397160
772,account_created,2026-03-21 05:54:59.397160
773,app_opened,2026-04-02 22:54:59.397170
773,account_created,2026-04-02 11:54:59.397170
773,kyc_started,2026-04-04 12:54:59.397170
774,app_opened,2026-03-24 04:54:59.397183
775,app_opened,2026-03-13 04:54:59.397190
775,account_created,2026-03-14 02:54:59.397190
776,app_opened,2026-04-16 01:54:59.397200
776,account_created,2026-04-16 14:54:59.397200
777,app_opened,2026-04-15 16:54:59.397210
777,account_created,2026-04-16 10:54:59.397210
778,app_opened,2026-04-16 02:54:59.397221
778,account_created,2026-04-17 01:54:59.397221
779,app_opened,2026-04-05 18:54:59.397231
779,account_created,2026-04-06 04:54:59.397231
780,app_opened,2026-03-30 23:54:59.397241
780,account_created,2026-03-31 03:54:59.397241
780,kyc_started,2026-03-31 10:54:59.397241
781,app_opened,2026-04-08 23:54:59.397254
781,account_created,2026-04-09 13:54:59.397254
781,kyc_started,2026-04-12 06:54:59.397254
781,kyc_completed,2026-04-16 08:54:59.397254
782,app_opened,2026-03-05 02:54:59.397271
782,account_created,2026-03-05 11:54:59.397271
782,kyc_started,2026-03-05 15:54:59.397271
782,kyc_completed,2026-03-09 18:54:59.397271
783,app_opened,2026-04-05 23:54:59.397288
783,account_created,2026-04-06 05:54:59.397288
783,kyc_started,2026-04-07 02:54:59.397288
784,app_opened,2026-04-10 11:54:59.397304
784,account_created,2026-04-11 13:54:59.397304
784,kyc_started,2026-04-12 00:54:59.397304
784,kyc_completed,2026-04-15 01:54:59.397304
785,app_opened,2026-03-17 04:54:59.397321
786,app_opened,2026-03-25 02:54:59.397328
786,account_created,2026-03-24 19:54:59.397328
787,app_opened,2026-03-13 06:54:59.397347
788,app_opened,2026-04-07 13:54:59.397354
788,account_created,2026-04-09 06:54:59.397354
788,kyc_started,2026-04-10 22:54:59.397354
788,kyc_completed,2026-04-14 07:54:59.397354
788,deposit_made,2026-04-14 19:54:59.397354
788,transaction_made,2026-04-15 00:54:59.397354
789,app_opened,2026-04-18 04:54:59.397380
789,account_created,2026-04-17 09:54:59.397380
789,kyc_started,2026-04-20 01:54:59.397380
789,kyc_completed,2026-04-21 01:54:59.397380
790,app_opened,2026-03-17 16:54:59.397397
790,account_created,2026-03-19 03:54:59.397397
790,kyc_started,2026-03-21 08:54:59.397397
790,kyc_completed,2026-03-25 12:54:59.397397
791,app_opened,2026-04-03 02:54:59.397413
791,account_created,2026-04-04 01:54:59.397413
791,kyc_started,2026-04-05 04:54:59.397413
791,kyc_completed,2026-04-06 22:54:59.397413
791,deposit_made,2026-04-07 21:54:59.397413
791,transaction_made,2026-04-07 23:54:59.397413
792,app_opened,2026-03-10 18:54:59.397439
792,account_created,2026-03-10 14:54:59.397439
792,kyc_started,2026-03-12 20:54:59.397439
793,app_opened,2026-04-08 06:54:59.397455
793,account_created,2026-04-09 03:54:59.397455
793,kyc_started,2026-04-12 03:54:59.397455
793,kyc_completed,2026-04-15 13:54:59.397455
794,app_opened,2026-03-25 10:54:59.397472
794,account_created,2026-03-26 04:54:59.397472
794,kyc_started,2026-03-28 05:54:59.397472
795,app_opened,2026-03-22 02:54:59.397486
795,account_created,2026-03-22 15:54:59.397486
795,kyc_started,2026-03-24 03:54:59.397486
795,kyc_completed,2026-03-27 07:54:59.397486
796,app_opened,2026-03-04 15:54:59.397503
796,account_created,2026-03-04 15:54:59.397503
796,kyc_started,2026-03-07 11:54:59.397503
797,app_opened,2026-03-19 08:54:59.397516
797,account_created,2026-03-20 06:54:59.397516
797,kyc_started,2026-03-21 23:54:59.397516
797,kyc_completed,2026-03-26 00:54:59.397516
798,app_opened,2026-03-26 13:54:59.397535
798,account_created,2026-03-27 16:54:59.397535
798,kyc_started,2026-03-30 08:54:59.397535
798,kyc_completed,2026-04-01 07:54:59.397535
799,app_opened,2026-04-04 07:54:59.397552
799,account_created,2026-04-03 21:54:59.397552
799,kyc_started,2026-04-04 01:54:59.397552
799,kyc_completed,2026-04-05 16:54:59.397552
800,app_opened,2026-04-05 04:54:59.397568
801,app_opened,2026-03-22 10:54:59.397575
801,account_created,2026-03-23 20:54:59.397575
802,app_opened,2026-04-04 09:54:59.397585
802,account_created,2026-04-06 05:54:59.397585
802,kyc_started,2026-04-06 14:54:59.397585
802,kyc_completed,2026-04-10 06:54:59.397585
803,app_opened,2026-04-17 12:54:59.397605
803,account_created,2026-04-18 06:54:59.397605
803,kyc_started,2026-04-18 10:54:59.397605
804,app_opened,2026-04-05 19:54:59.397619
804,account_created,2026-04-07 04:54:59.397619
804,kyc_started,2026-04-09 17:54:59.397619
805,app_opened,2026-03-07 13:54:59.397632
805,account_created,2026-03-09 01:54:59.397632
805,kyc_started,2026-03-11 22:54:59.397632
806,app_opened,2026-03-19 22:54:59.397645
807,app_opened,2026-04-15 01:54:59.397652
807,account_created,2026-04-16 07:54:59.397652
807,kyc_started,2026-04-19 07:54:59.397652
807,kyc_completed,2026-04-21 09:54:59.397652
808,app_opened,2026-03-27 20:54:59.397672
808,account_created,2026-03-27 18:54:59.397672
808,kyc_started,2026-03-27 22:54:59.397672
808,kyc_completed,2026-03-30 22:54:59.397672
809,app_opened,2026-04-08 03:54:59.397689
809,account_created,2026-04-07 20:54:59.397689
809,kyc_started,2026-04-09 12:54:59.397689
810,app_opened,2026-03-29 07:54:59.397702
810,account_created,2026-03-29 11:54:59.397702
810,kyc_started,2026-03-30 18:54:59.397702
810,kyc_completed,2026-04-02 08:54:59.397702
810,deposit_made,2026-04-03 04:54:59.397702
810,transaction_made,2026-04-03 16:54:59.397702
811,app_opened,2026-04-05 11:54:59.397726
811,account_created,2026-04-05 10:54:59.397726
812,app_opened,2026-03-16 13:54:59.397736
812,account_created,2026-03-17 15:54:59.397736
813,app_opened,2026-03-15 18:54:59.397751
813,account_created,2026-03-15 18:54:59.397751
814,app_opened,2026-04-12 01:54:59.397761
814,account_created,2026-04-11 17:54:59.397761
814,kyc_started,2026-04-11 22:54:59.397761
814,kyc_completed,2026-04-16 17:54:59.397761
815,app_opened,2026-04-10 09:54:59.397780
815,account_created,2026-04-10 11:54:59.397780
815,kyc_started,2026-04-10 23:54:59.397780
815,kyc_completed,2026-04-12 04:54:59.397780
815,deposit_made,2026-04-13 23:54:59.397780
815,transaction_made,2026-04-14 00:54:59.397780
816,app_opened,2026-03-30 05:54:59.397809
817,app_opened,2026-03-28 15:54:59.397816
817,account_created,2026-03-29 02:54:59.397816
817,kyc_started,2026-03-31 11:54:59.397816
818,app_opened,2026-03-31 13:54:59.397830
818,account_created,2026-03-31 16:54:59.397830
818,kyc_started,2026-04-03 16:54:59.397830
818,kyc_completed,2026-04-05 18:54:59.397830
819,app_opened,2026-03-13 19:54:59.397857
819,account_created,2026-03-15 06:54:59.397857
820,app_opened,2026-03-12 16:54:59.397867
820,account_created,2026-03-13 04:54:59.397867
820,kyc_started,2026-03-15 00:54:59.397867
820,kyc_completed,2026-03-16 06:54:59.397867
820,deposit_made,2026-03-17 13:54:59.397867
821,app_opened,2026-04-14 12:54:59.397887
821,account_created,2026-04-14 14:54:59.397887
821,kyc_started,2026-04-15 13:54:59.397887
822,app_opened,2026-03-12 05:54:59.397903
822,account_created,2026-03-13 05:54:59.397903
822,kyc_started,2026-03-15 03:54:59.397903
822,kyc_completed,2026-03-17 04:54:59.397903
823,app_opened,2026-03-07 02:54:59.397919
823,account_created,2026-03-07 14:54:59.397919
823,kyc_started,2026-03-08 02:54:59.397919
824,app_opened,2026-03-04 23:54:59.397932
824,account_created,2026-03-05 04:54:59.397932
824,kyc_started,2026-03-07 16:54:59.397932
824,kyc_completed,2026-03-09 20:54:59.397932
824,deposit_made,2026-03-11 12:54:59.397932
824,transaction_made,2026-03-12 00:54:59.397932
825,app_opened,2026-03-05 06:54:59.397955
825,account_created,2026-03-05 05:54:59.397955
825,kyc_started,2026-03-05 09:54:59.397955
825,kyc_completed,2026-03-06 23:54:59.397955
825,deposit_made,2026-03-08 05:54:59.397955
826,app_opened,2026-03-30 20:54:59.397978
826,account_created,2026-03-30 17:54:59.397978
826,kyc_started,2026-04-01 21:54:59.397978
827,app_opened,2026-04-11 19:54:59.397992
827,account_created,2026-04-11 13:54:59.397992
828,app_opened,2026-03-14 23:54:59.398002
828,account_created,2026-03-15 11:54:59.398002
828,kyc_started,2026-03-16 19:54:59.398002
828,kyc_completed,2026-03-20 08:54:59.398002
828,deposit_made,2026-03-21 06:54:59.398002
828,transaction_made,2026-03-22 05:54:59.398002
829,app_opened,2026-03-22 03:54:59.398026
829,account_created,2026-03-22 19:54:59.398026
829,kyc_started,2026-03-23 18:54:59.398026
830,app_opened,2026-04-14 08:54:59.398042
831,app_opened,2026-03-13 00:54:59.398048
831,account_created,2026-03-13 23:54:59.398048
831,kyc_started,2026-03-16 23:54:59.398048
831,kyc_completed,2026-03-20 07:54:59.398048
831,deposit_made,2026-03-21 09:54:59.398048
831,transaction_made,2026-03-21 13:54:59.398048
832,app_opened,2026-03-10 21:54:59.398072
832,account_created,2026-03-12 02:54:59.398072
832,kyc_started,2026-03-12 14:54:59.398072
832,kyc_completed,2026-03-14 07:54:59.398072
833,app_opened,2026-03-08 09:54:59.398089
833,account_created,2026-03-10 03:54:59.398089
833,kyc_started,2026-03-13 00:54:59.398089
833,kyc_completed,2026-03-17 06:54:59.398089
834,app_opened,2026-04-05 15:54:59.398106
834,account_created,2026-04-06 05:54:59.398106
834,kyc_started,2026-04-07 20:54:59.398106
835,app_opened,2026-03-22 07:54:59.398119
836,app_opened,2026-03-26 11:54:59.398126
836,account_created,2026-03-28 00:54:59.398126
837,app_opened,2026-03-23 13:54:59.398136
838,app_opened,2026-04-14 20:54:59.398143
839,app_opened,2026-04-14 09:54:59.398150
839,account_created,2026-04-15 07:54:59.398150
839,kyc_started,2026-04-16 20:54:59.398150
840,app_opened,2026-04-02 22:54:59.398163
840,account_created,2026-04-03 10:54:59.398163
840,kyc_started,2026-04-05 11:54:59.398163
840,kyc_completed,2026-04-08 18:54:59.398163
841,app_opened,2026-03-06 14:54:59.398180
841,account_created,2026-03-06 21:54:59.398180
841,kyc_started,2026-03-08 20:54:59.398180
842,app_opened,2026-04-08 18:54:59.398196
843,app_opened,2026-03-06 13:54:59.398203
843,account_created,2026-03-06 13:54:59.398203
843,kyc_started,2026-03-07 08:54:59.398203
844,app_opened,2026-03-18 06:54:59.398216
844,account_created,2026-03-17 17:54:59.398216
844,kyc_started,2026-03-19 23:54:59.398216
845,app_opened,2026-03-05 04:54:59.398232
846,app_opened,2026-03-09 14:54:59.398240
846,account_created,2026-03-10 12:54:59.398240
846,kyc_started,2026-03-12 22:54:59.398240
846,kyc_completed,2026-03-15 02:54:59.398240
846,deposit_made,2026-03-16 17:54:59.398240
846,transaction_made,2026-03-17 09:54:59.398240
847,app_opened,2026-04-03 07:54:59.398276
847,account_created,2026-04-03 11:54:59.398276
848,app_opened,2026-03-12 20:54:59.398287
848,account_created,2026-03-12 11:54:59.398287
848,kyc_started,2026-03-14 11:54:59.398287
848,kyc_completed,2026-03-18 00:54:59.398287
849,app_opened,2026-04-12 13:54:59.398305
849,account_created,2026-04-13 18:54:59.398305
850,app_opened,2026-03-31 23:54:59.398314
850,account_created,2026-04-01 18:54:59.398314
851,app_opened,2026-04-12 16:54:59.398325
851,account_created,2026-04-14 08:54:59.398325
851,kyc_started,2026-04-14 18:54:59.398325
852,app_opened,2026-03-15 03:54:59.398347
852,account_created,2026-03-14 12:54:59.398347
853,app_opened,2026-03-14 09:54:59.398358
853,account_created,2026-03-15 17:54:59.398358
854,app_opened,2026-03-13 08:54:59.398371
854,account_created,2026-03-13 07:54:59.398371
855,app_opened,2026-03-30 18:54:59.398381
855,account_created,2026-04-01 05:54:59.398381
856,app_opened,2026-03-30 08:54:59.398391
856,account_created,2026-03-30 01:54:59.398391
856,kyc_started,2026-04-01 14:54:59.398391
856,kyc_completed,2026-04-05 15:54:59.398391
856,deposit_made,2026-04-06 10:54:59.398391
857,app_opened,2026-03-09 09:54:59.398411
857,account_created,2026-03-09 14:54:59.398411
857,kyc_started,2026-03-10 00:54:59.398411
858,app_opened,2026-03-31 17:54:59.398425
858,account_created,2026-04-01 02:54:59.398425
858,kyc_started,2026-04-02 11:54:59.398425
858,kyc_completed,2026-04-04 01:54:59.398425
859,app_opened,2026-03-12 08:54:59.398441
859,account_created,2026-03-12 13:54:59.398441
859,kyc_started,2026-03-13 12:54:59.398441
859,kyc_completed,2026-03-18 05:54:59.398441
859,deposit_made,2026-03-18 17:54:59.398441
859,transaction_made,2026-03-18 19:54:59.398441
860,app_opened,2026-04-12 13:54:59.398465
860,account_created,2026-04-12 18:54:59.398465
861,app_opened,2026-03-22 21:54:59.398475
861,account_created,2026-03-23 13:54:59.398475
862,app_opened,2026-04-07 15:54:59.398485
862,account_created,2026-04-08 07:54:59.398485
862,kyc_started,2026-04-09 17:54:59.398485
863,app_opened,2026-04-10 10:54:59.398499
863,account_created,2026-04-11 10:54:59.398499
863,kyc_started,2026-04-13 23:54:59.398499
864,app_opened,2026-03-14 16:54:59.398515
864,account_created,2026-03-16 06:54:59.398515
864,kyc_started,2026-03-17 16:54:59.398515
864,kyc_completed,2026-03-20 23:54:59.398515
864,deposit_made,2026-03-22 04:54:59.398515
864,transaction_made,2026-03-22 15:54:59.398515
865,app_opened,2026-03-05 10:54:59.398539
865,account_created,2026-03-06 19:54:59.398539
865,kyc_started,2026-03-09 03:54:59.398539
866,app_opened,2026-03-07 17:54:59.398552
866,account_created,2026-03-08 02:54:59.398552
867,app_opened,2026-04-02 05:54:59.398562
867,account_created,2026-04-02 14:54:59.398562
868,app_opened,2026-04-03 08:54:59.398573
868,account_created,2026-04-02 21:54:59.398573
868,kyc_started,2026-04-03 21:54:59.398573
868,kyc_completed,2026-04-04 22:54:59.398573
869,app_opened,2026-04-13 09:54:59.398592
869,account_created,2026-04-14 18:54:59.398592
869,kyc_started,2026-04-17 04:54:59.398592
869,kyc_completed,2026-04-22 00:54:59.398592
869,deposit_made,2026-04-22 13:54:59.398592
869,transaction_made,2026-04-23 09:54:59.398592
869,credit_product_viewed,2026-05-03 09:54:59.398592
869,credit_application_started,2026-05-05 04:54:59.398592
869,credit_application_cancelled,2026-05-05 11:54:59.398592
870,app_opened,2026-03-11 05:54:59.398624
870,account_created,2026-03-10 16:54:59.398624
870,kyc_started,2026-03-11 09:54:59.398624
870,kyc_completed,2026-03-15 19:54:59.398624
871,app_opened,2026-04-06 12:54:59.398644
871,account_created,2026-04-07 01:54:59.398644
871,kyc_started,2026-04-07 11:54:59.398644
872,app_opened,2026-03-31 22:54:59.398660
872,account_created,2026-04-02 03:54:59.398660
873,app_opened,2026-03-28 17:54:59.398670
873,account_created,2026-03-28 13:54:59.398670
873,kyc_started,2026-03-28 21:54:59.398670
873,kyc_completed,2026-03-31 15:54:59.398670
874,app_opened,2026-04-01 17:54:59.398687
874,account_created,2026-04-01 13:54:59.398687
874,kyc_started,2026-04-02 15:54:59.398687
875,app_opened,2026-04-07 05:54:59.398700
875,account_created,2026-04-06 18:54:59.398700
875,kyc_started,2026-04-09 02:54:59.398700
875,kyc_completed,2026-04-13 12:54:59.398700
875,deposit_made,2026-04-14 17:54:59.398700
875,transaction_made,2026-04-14 21:54:59.398700
875,credit_product_viewed,2026-04-16 21:54:59.398700
875,credit_application_started,2026-04-18 10:54:59.398700
875,credit_application_cancelled,2026-04-19 01:54:59.398700
876,app_opened,2026-04-17 00:54:59.398733
876,account_created,2026-04-18 01:54:59.398733
876,kyc_started,2026-04-18 06:54:59.398733
877,app_opened,2026-03-31 13:54:59.398746
877,account_created,2026-04-01 10:54:59.398746
877,kyc_started,2026-04-04 04:54:59.398746
878,app_opened,2026-03-18 00:54:59.398760
878,account_created,2026-03-19 07:54:59.398760
879,app_opened,2026-04-14 02:54:59.398770
879,account_created,2026-04-14 09:54:59.398770
880,app_opened,2026-03-18 12:54:59.398780
880,account_created,2026-03-19 07:54:59.398780
880,kyc_started,2026-03-20 22:54:59.398780
880,kyc_completed,2026-03-25 06:54:59.398780
881,app_opened,2026-03-07 11:54:59.398799
881,account_created,2026-03-08 06:54:59.398799
881,kyc_started,2026-03-10 17:54:59.398799
882,app_opened,2026-03-31 05:54:59.398813
882,account_created,2026-03-31 20:54:59.398813
882,kyc_started,2026-04-02 22:54:59.398813
883,app_opened,2026-03-30 07:54:59.398826
883,account_created,2026-03-29 15:54:59.398826
883,kyc_started,2026-03-31 13:54:59.398826
883,kyc_completed,2026-04-04 21:54:59.398826
883,deposit_made,2026-04-05 10:54:59.398826
883,transaction_made,2026-04-05 17:54:59.398826
883,credit_product_viewed,2026-04-15 17:54:59.398826
883,credit_application_started,2026-04-16 09:54:59.398826
883,credit_application_cancelled,2026-04-16 12:54:59.398826
884,app_opened,2026-03-15 05:54:59.398868
884,account_created,2026-03-15 19:54:59.398868
885,app_opened,2026-03-20 09:54:59.398878
885,account_created,2026-03-20 12:54:59.398878
885,kyc_started,2026-03-20 18:54:59.398878
885,kyc_completed,2026-03-22 21:54:59.398878
886,app_opened,2026-03-07 01:54:59.398895
886,account_created,2026-03-08 04:54:59.398895
887,app_opened,2026-03-14 13:54:59.398905
887,account_created,2026-03-14 23:54:59.398905
888,app_opened,2026-04-16 08:54:59.398915
888,account_created,2026-04-17 02:54:59.398915
888,kyc_started,2026-04-17 08:54:59.398915
888,kyc_completed,2026-04-21 19:54:59.398915
888,deposit_made,2026-04-22 07:54:59.398915
888,transaction_made,2026-04-22 17:54:59.398915
889,app_opened,2026-04-11 23:54:59.398943
889,account_created,2026-04-12 22:54:59.398943
889,kyc_started,2026-04-13 12:54:59.398943
889,kyc_completed,2026-04-17 16:54:59.398943
890,app_opened,2026-04-03 11:54:59.398959
890,account_created,2026-04-04 12:54:59.398959
890,kyc_started,2026-04-06 16:54:59.398959
890,kyc_completed,2026-04-11 07:54:59.398959
891,app_opened,2026-04-09 19:54:59.398976
891,account_created,2026-04-09 22:54:59.398976
892,app_opened,2026-03-11 14:54:59.398990
892,account_created,2026-03-11 16:54:59.398990
892,kyc_started,2026-03-13 22:54:59.398990
892,kyc_completed,2026-03-16 21:54:59.398990
893,app_opened,2026-03-20 16:54:59.399010
894,app_opened,2026-04-15 13:54:59.399018
894,account_created,2026-04-17 01:54:59.399018
894,kyc_started,2026-04-17 22:54:59.399018
894,kyc_completed,2026-04-21 12:54:59.399018
894,deposit_made,2026-04-21 13:54:59.399018
894,transaction_made,2026-04-21 16:54:59.399018
895,app_opened,2026-03-11 18:54:59.399044
895,account_created,2026-03-12 15:54:59.399044
895,kyc_started,2026-03-13 18:54:59.399044
895,kyc_completed,2026-03-16 04:54:59.399044
896,app_opened,2026-03-22 16:54:59.399062
897,app_opened,2026-03-10 07:54:59.399069
897,account_created,2026-03-09 20:54:59.399069
898,app_opened,2026-03-09 11:54:59.399080
898,account_created,2026-03-10 04:54:59.399080
898,kyc_started,2026-03-10 05:54:59.399080
898,kyc_completed,2026-03-12 05:54:59.399080
898,deposit_made,2026-03-13 15:54:59.399080
899,app_opened,2026-03-09 20:54:59.399103
900,app_opened,2026-03-15 01:54:59.399109
900,account_created,2026-03-16 01:54:59.399109
900,kyc_started,2026-03-17 13:54:59.399109
900,kyc_completed,2026-03-19 03:54:59.399109
901,app_opened,2026-03-06 00:54:59.399126
901,account_created,2026-03-05 19:54:59.399126
901,kyc_started,2026-03-06 01:54:59.399126
901,kyc_completed,2026-03-08 23:54:59.399126
901,deposit_made,2026-03-10 03:54:59.399126
901,transaction_made,2026-03-10 23:54:59.399126
902,app_opened,2026-03-19 10:54:59.399150
902,account_created,2026-03-19 12:54:59.399150
903,app_opened,2026-04-06 14:54:59.399160
903,account_created,2026-04-07 16:54:59.399160
903,kyc_started,2026-04-08 02:54:59.399160
904,app_opened,2026-03-21 03:54:59.399176
904,account_created,2026-03-21 11:54:59.399176
904,kyc_started,2026-03-23 05:54:59.399176
904,kyc_completed,2026-03-24 19:54:59.399176
904,deposit_made,2026-03-25 02:54:59.399176
904,transaction_made,2026-03-25 16:54:59.399176
905,app_opened,2026-03-24 16:54:59.399218
905,account_created,2026-03-25 22:54:59.399218
905,kyc_started,2026-03-28 06:54:59.399218
905,kyc_completed,2026-04-01 12:54:59.399218
905,deposit_made,2026-04-02 13:54:59.399218
905,transaction_made,2026-04-03 04:54:59.399218
906,app_opened,2026-03-08 20:54:59.399242
907,app_opened,2026-04-05 19:54:59.399251
907,account_created,2026-04-07 05:54:59.399251
907,kyc_started,2026-04-08 17:54:59.399251
907,kyc_completed,2026-04-12 04:54:59.399251
907,deposit_made,2026-04-12 15:54:59.399251
907,transaction_made,2026-04-12 23:54:59.399251
908,app_opened,2026-03-10 14:54:59.399275
908,account_created,2026-03-12 01:54:59.399275
909,app_opened,2026-04-08 03:54:59.399285
910,app_opened,2026-04-03 11:54:59.399292
910,account_created,2026-04-04 18:54:59.399292
910,kyc_started,2026-04-05 22:54:59.399292
910,kyc_completed,2026-04-09 09:54:59.399292
910,deposit_made,2026-04-11 08:54:59.399292
910,transaction_made,2026-04-11 16:54:59.399292
910,credit_product_viewed,2026-04-18 16:54:59.399292
910,credit_application_started,2026-04-20 06:54:59.399292
910,credit_application_completed,2026-04-21 01:54:59.399292
911,app_opened,2026-04-09 03:54:59.399325
912,app_opened,2026-03-22 10:54:59.399341
912,account_created,2026-03-23 15:54:59.399341
913,app_opened,2026-03-16 10:54:59.399351
913,account_created,2026-03-17 10:54:59.399351
913,kyc_started,2026-03-17 23:54:59.399351
913,kyc_completed,2026-03-20 05:54:59.399351
913,deposit_made,2026-03-20 06:54:59.399351
913,transaction_made,2026-03-20 20:54:59.399351
914,app_opened,2026-04-09 20:54:59.399375
914,account_created,2026-04-11 02:54:59.399375
915,app_opened,2026-04-17 00:54:59.399385
915,account_created,2026-04-16 19:54:59.399385
916,app_opened,2026-03-13 08:54:59.399395
916,account_created,2026-03-13 14:54:59.399395
916,kyc_started,2026-03-14 08:54:59.399395
917,app_opened,2026-03-23 14:54:59.399412
917,account_created,2026-03-24 08:54:59.399412
917,kyc_started,2026-03-24 09:54:59.399412
918,app_opened,2026-04-13 21:54:59.399425
919,app_opened,2026-03-28 01:54:59.399432
919,account_created,2026-03-28 12:54:59.399432
920,app_opened,2026-03-05 04:54:59.399443
920,account_created,2026-03-04 22:54:59.399443
921,app_opened,2026-04-13 04:54:59.399455
922,app_opened,2026-04-15 01:54:59.399463
923,app_opened,2026-03-05 20:54:59.399470
924,app_opened,2026-04-10 21:54:59.399476
924,account_created,2026-04-12 00:54:59.399476
924,kyc_started,2026-04-13 23:54:59.399476
924,kyc_completed,2026-04-17 22:54:59.399476
925,app_opened,2026-03-14 07:54:59.399496
925,account_created,2026-03-13 17:54:59.399496
926,app_opened,2026-04-03 02:54:59.399506
926,account_created,2026-04-03 15:54:59.399506
927,app_opened,2026-03-12 07:54:59.399516
927,account_created,2026-03-13 08:54:59.399516
928,app_opened,2026-03-28 20:54:59.399526
929,app_opened,2026-03-17 06:54:59.399533
929,account_created,2026-03-16 12:54:59.399533
929,kyc_started,2026-03-18 09:54:59.399533
929,kyc_completed,2026-03-22 01:54:59.399533
930,app_opened,2026-04-11 00:54:59.399550
930,account_created,2026-04-12 04:54:59.399550
931,app_opened,2026-03-30 23:54:59.399560
931,account_created,2026-04-01 04:54:59.399560
932,app_opened,2026-04-13 15:54:59.399572
933,app_opened,2026-03-19 11:54:59.399580
933,account_created,2026-03-19 20:54:59.399580
933,kyc_started,2026-03-20 06:54:59.399580
933,kyc_completed,2026-03-22 17:54:59.399580
933,deposit_made,2026-03-23 03:54:59.399580
933,transaction_made,2026-03-23 10:54:59.399580
934,app_opened,2026-03-08 09:54:59.399603
934,account_created,2026-03-10 04:54:59.399603
934,kyc_started,2026-03-10 21:54:59.399603
934,kyc_completed,2026-03-14 02:54:59.399603
934,deposit_made,2026-03-15 20:54:59.399603
934,transaction_made,2026-03-16 03:54:59.399603
934,credit_product_viewed,2026-03-30 03:54:59.399603
934,credit_application_started,2026-03-30 18:54:59.399603
934,credit_application_cancelled,2026-03-31 11:54:59.399603
935,app_opened,2026-03-07 19:54:59.399636
935,account_created,2026-03-08 06:54:59.399636
935,kyc_started,2026-03-10 00:54:59.399636
935,kyc_completed,2026-03-14 13:54:59.399636
936,app_opened,2026-03-13 23:54:59.399652
936,account_created,2026-03-14 21:54:59.399652
936,kyc_started,2026-03-16 13:54:59.399652
936,kyc_completed,2026-03-18 22:54:59.399652
936,deposit_made,2026-03-19 22:54:59.399652
937,app_opened,2026-04-14 13:54:59.399672
937,account_created,2026-04-15 14:54:59.399672
938,app_opened,2026-03-09 14:54:59.399683
938,account_created,2026-03-10 03:54:59.399683
938,kyc_started,2026-03-11 02:54:59.399683
939,app_opened,2026-03-05 06:54:59.399696
939,account_created,2026-03-04 19:54:59.399696
939,kyc_started,2026-03-05 01:54:59.399696
940,app_opened,2026-03-12 13:54:59.399712
940,account_created,2026-03-13 08:54:59.399712
940,kyc_started,2026-03-16 08:54:59.399712
941,app_opened,2026-03-06 19:54:59.399725
942,app_opened,2026-04-08 20:54:59.399732
942,account_created,2026-04-08 19:54:59.399732
942,kyc_started,2026-04-09 11:54:59.399732
943,app_opened,2026-03-24 00:54:59.399745
943,account_created,2026-03-24 14:54:59.399745
944,app_opened,2026-04-08 09:54:59.399755
945,app_opened,2026-03-15 01:54:59.399762
945,account_created,2026-03-16 06:54:59.399762
945,kyc_started,2026-03-17 20:54:59.399762
946,app_opened,2026-03-13 06:54:59.399776
946,account_created,2026-03-13 21:54:59.399776
947,app_opened,2026-03-20 19:54:59.399788
947,account_created,2026-03-22 07:54:59.399788
947,kyc_started,2026-03-22 13:54:59.399788
947,kyc_completed,2026-03-26 11:54:59.399788
947,deposit_made,2026-03-26 13:54:59.399788
947,transaction_made,2026-03-26 21:54:59.399788
948,app_opened,2026-04-12 19:54:59.399812
948,account_created,2026-04-14 02:54:59.399812
948,kyc_started,2026-04-16 22:54:59.399812
948,kyc_completed,2026-04-19 09:54:59.399812
948,deposit_made,2026-04-19 15:54:59.399812
948,transaction_made,2026-04-20 06:54:59.399812
949,app_opened,2026-04-13 01:54:59.399835
949,account_created,2026-04-13 16:54:59.399835
949,kyc_started,2026-04-16 10:54:59.399835
950,app_opened,2026-03-06 20:54:59.399860
950,account_created,2026-03-08 06:54:59.399860
951,app_opened,2026-03-25 21:54:59.399870
951,account_created,2026-03-26 03:54:59.399870
951,kyc_started,2026-03-27 19:54:59.399870
952,app_opened,2026-03-13 11:54:59.399883
952,account_created,2026-03-14 13:54:59.399883
953,app_opened,2026-03-22 23:54:59.399895
953,account_created,2026-03-24 07:54:59.399895
954,app_opened,2026-03-22 08:54:59.399906
955,app_opened,2026-04-10 03:54:59.399912
955,account_created,2026-04-09 18:54:59.399912
955,kyc_started,2026-04-12 07:54:59.399912
956,app_opened,2026-03-15 19:54:59.399926
956,account_created,2026-03-16 22:54:59.399926
957,app_opened,2026-04-12 09:54:59.399936
957,account_created,2026-04-13 02:54:59.399936
957,kyc_started,2026-04-16 02:54:59.399936
957,kyc_completed,2026-04-20 02:54:59.399936
958,app_opened,2026-04-09 15:54:59.399953
958,account_created,2026-04-10 09:54:59.399953
958,kyc_started,2026-04-13 00:54:59.399953
958,kyc_completed,2026-04-15 14:54:59.399953
959,app_opened,2026-03-30 00:54:59.399969
959,account_created,2026-03-30 14:54:59.399969
959,kyc_started,2026-03-30 15:54:59.399969
959,kyc_completed,2026-04-02 05:54:59.399969
960,app_opened,2026-03-09 00:54:59.399986
960,account_created,2026-03-10 03:54:59.399986
961,app_opened,2026-03-22 14:54:59.399997
961,account_created,2026-03-24 05:54:59.399997
961,kyc_started,2026-03-24 09:54:59.399997
961,kyc_completed,2026-03-26 20:54:59.399997
961,deposit_made,2026-03-27 01:54:59.399997
961,transaction_made,2026-03-27 13:54:59.399997
962,app_opened,2026-03-12 22:54:59.400022
963,app_opened,2026-03-09 06:54:59.400029
963,account_created,2026-03-10 05:54:59.400029
964,app_opened,2026-03-26 01:54:59.400039
964,account_created,2026-03-25 10:54:59.400039
965,app_opened,2026-04-08 03:54:59.400049
965,account_created,2026-04-08 05:54:59.400049
965,kyc_started,2026-04-08 23:54:59.400049
965,kyc_completed,2026-04-10 05:54:59.400049
965,deposit_made,2026-04-11 08:54:59.400049
965,transaction_made,2026-04-11 20:54:59.400049
965,credit_product_viewed,2026-04-16 20:54:59.400049
965,credit_application_started,2026-04-18 06:54:59.400049
965,credit_application_cancelled,2026-04-18 09:54:59.400049
966,app_opened,2026-03-16 15:54:59.400086
966,account_created,2026-03-16 20:54:59.400086
967,app_opened,2026-03-10 14:54:59.400096
967,account_created,2026-03-11 05:54:59.400096
968,app_opened,2026-03-05 18:54:59.400106
968,account_created,2026-03-07 05:54:59.400106
968,kyc_started,2026-03-07 18:54:59.400106
968,kyc_completed,2026-03-10 15:54:59.400106
969,app_opened,2026-04-17 13:54:59.400123
969,account_created,2026-04-18 08:54:59.400123
970,app_opened,2026-03-22 19:54:59.400133
971,app_opened,2026-04-07 12:54:59.400140
971,account_created,2026-04-08 17:54:59.400140
971,kyc_started,2026-04-09 18:54:59.400140
972,app_opened,2026-03-14 04:54:59.400153
972,account_created,2026-03-14 18:54:59.400153
973,app_opened,2026-03-04 02:54:59.400166
973,account_created,2026-03-03 16:54:59.400166
973,kyc_started,2026-03-04 02:54:59.400166
973,kyc_completed,2026-03-05 18:54:59.400166
974,app_opened,2026-03-18 20:54:59.400183
974,account_created,2026-03-19 08:54:59.400183
974,kyc_started,2026-03-21 17:54:59.400183
975,app_opened,2026-03-11 01:54:59.400196
975,account_created,2026-03-11 06:54:59.400196
975,kyc_started,2026-03-12 21:54:59.400196
975,kyc_completed,2026-03-14 12:54:59.400196
975,deposit_made,2026-03-16 09:54:59.400196
975,transaction_made,2026-03-16 17:54:59.400196
976,app_opened,2026-04-04 13:54:59.400219
977,app_opened,2026-03-22 07:54:59.400226
977,account_created,2026-03-21 16:54:59.400226
977,kyc_started,2026-03-24 06:54:59.400226
978,app_opened,2026-04-15 15:54:59.400240
978,account_created,2026-04-17 03:54:59.400240
978,kyc_started,2026-04-17 11:54:59.400240
978,kyc_completed,2026-04-19 19:54:59.400240
978,deposit_made,2026-04-20 15:54:59.400240
978,transaction_made,2026-04-20 19:54:59.400240
979,app_opened,2026-03-10 15:54:59.400265
979,account_created,2026-03-10 21:54:59.400265
979,kyc_started,2026-03-12 18:54:59.400265
979,kyc_completed,2026-03-14 12:54:59.400265
980,app_opened,2026-04-01 03:54:59.400282
980,account_created,2026-03-31 19:54:59.400282
981,app_opened,2026-03-09 16:54:59.400293
981,account_created,2026-03-09 13:54:59.400293
981,kyc_started,2026-03-09 15:54:59.400293
981,kyc_completed,2026-03-14 10:54:59.400293
981,deposit_made,2026-03-15 05:54:59.400293
981,transaction_made,2026-03-15 23:54:59.400293
981,credit_product_viewed,2026-03-27 23:54:59.400293
981,credit_application_started,2026-03-28 06:54:59.400293
981,credit_application_cancelled,2026-03-28 23:54:59.400293
982,app_opened,2026-03-04 00:54:59.400328
982,account_created,2026-03-04 22:54:59.400328
982,kyc_started,2026-03-05 12:54:59.400328
982,kyc_completed,2026-03-08 09:54:59.400328
983,app_opened,2026-03-21 15:54:59.400353
983,account_created,2026-03-22 11:54:59.400353
983,kyc_started,2026-03-24 04:54:59.400353
983,kyc_completed,2026-03-25 18:54:59.400353
984,app_opened,2026-03-17 20:54:59.400370
984,account_created,2026-03-18 20:54:59.400370
985,app_opened,2026-04-12 19:54:59.400383
985,account_created,2026-04-13 09:54:59.400383
985,kyc_started,2026-04-15 01:54:59.400383
986,app_opened,2026-03-20 16:54:59.400397
986,account_created,2026-03-21 03:54:59.400397
987,app_opened,2026-03-21 15:54:59.400406
988,app_opened,2026-03-19 06:54:59.400413
988,account_created,2026-03-18 09:54:59.400413
989,app_opened,2026-03-18 06:54:59.400424
989,account_created,2026-03-18 13:54:59.400424
989,kyc_started,2026-03-19 00:54:59.400424
989,kyc_completed,2026-03-22 02:54:59.400424
989,deposit_made,2026-03-23 16:54:59.400424
990,app_opened,2026-04-07 11:54:59.400444
990,account_created,2026-04-07 21:54:59.400444
990,kyc_started,2026-04-10 01:54:59.400444
990,kyc_completed,2026-04-13 07:54:59.400444
991,app_opened,2026-04-01 07:54:59.400464
991,account_created,2026-04-01 22:54:59.400464
991,kyc_started,2026-04-04 02:54:59.400464
991,kyc_completed,2026-04-08 15:54:59.400464
992,app_opened,2026-03-24 00:54:59.400481
992,account_created,2026-03-23 18:54:59.400481
993,app_opened,2026-04-11 12:54:59.400491
993,account_created,2026-04-12 16:54:59.400491
993,kyc_started,2026-04-13 10:54:59.400491
993,kyc_completed,2026-04-18 08:54:59.400491
993,deposit_made,2026-04-18 13:54:59.400491
993,transaction_made,2026-04-18 14:54:59.400491
994,app_opened,2026-03-25 04:54:59.400514
994,account_created,2026-03-24 18:54:59.400514
994,kyc_started,2026-03-25 07:54:59.400514
995,app_opened,2026-03-07 01:54:59.400528
995,account_created,2026-03-07 14:54:59.400528
995,kyc_started,2026-03-10 06:54:59.400528
995,kyc_completed,2026-03-12 15:54:59.400528
996,app_opened,2026-03-15 02:54:59.400544
996,account_created,2026-03-14 11:54:59.400544
997,app_opened,2026-04-10 21:54:59.400555
997,account_created,2026-04-11 09:54:59.400555
997,kyc_started,2026-04-11 14:54:59.400555
997,kyc_completed,2026-04-15 13:54:59.400555
998,app_opened,2026-03-30 07:54:59.400572
998,account_created,2026-03-30 12:54:59.400572
998,kyc_started,2026-04-01 14:54:59.400572
998,kyc_completed,2026-04-03 04:54:59.400572
999,app_opened,2026-03-18 06:54:59.400591
999,account_created,2026-03-18 19:54:59.400591
999,kyc_started,2026-03-21 08:54:59.400591
999,kyc_completed,2026-03-23 04:54:59.400591
1000,app_opened,2026-03-23 17:54:59.400642
1000,account_created,2026-03-24 09:54:59.400642
1000,kyc_started,2026-03-26 07:54:59.400642
1001,app_opened,2026-03-30 19:54:59.400656
1001,account_created,2026-03-31 22:54:59.400656
1001,kyc_started,2026-04-02 21:54:59.400656
1001,kyc_completed,2026-04-07 19:54:59.400656
1002,app_opened,2026-03-08 19:54:59.400676
1002,account_created,2026-03-09 12:54:59.400676
1002,kyc_started,2026-03-11 10:54:59.400676
1002,kyc_completed,2026-03-12 17:54:59.400676
1003,app_opened,2026-04-02 16:54:59.400694
1003,account_created,2026-04-03 22:54:59.400694
1003,kyc_started,2026-04-04 07:54:59.400694
1004,app_opened,2026-04-10 19:54:59.400709
1004,account_created,2026-04-11 19:54:59.400709
1004,kyc_started,2026-04-14 06:54:59.400709
1005,app_opened,2026-03-22 03:54:59.400723
1005,account_created,2026-03-22 11:54:59.400723
1005,kyc_started,2026-03-25 00:54:59.400723
1005,kyc_completed,2026-03-27 16:54:59.400723
1005,deposit_made,2026-03-28 17:54:59.400723
1005,transaction_made,2026-03-28 21:54:59.400723
1006,app_opened,2026-04-12 07:54:59.400746
1006,account_created,2026-04-12 06:54:59.400746
1006,kyc_started,2026-04-14 02:54:59.400746
1006,kyc_completed,2026-04-16 16:54:59.400746
1006,deposit_made,2026-04-17 20:54:59.400746
1006,transaction_made,2026-04-18 17:54:59.400746
1007,app_opened,2026-04-14 02:54:59.400772
1007,account_created,2026-04-14 01:54:59.400772
1007,kyc_started,2026-04-16 05:54:59.400772
1008,app_opened,2026-03-10 08:54:59.400786
1009,app_opened,2026-03-04 03:54:59.400793
1009,account_created,2026-03-04 06:54:59.400793
1009,kyc_started,2026-03-07 02:54:59.400793
1009,kyc_completed,2026-03-09 04:54:59.400793
1009,deposit_made,2026-03-09 09:54:59.400793
1009,transaction_made,2026-03-09 19:54:59.400793
1010,app_opened,2026-03-29 22:54:59.400817
1010,account_created,2026-03-30 05:54:59.400817
1010,kyc_started,2026-04-01 09:54:59.400817
1010,kyc_completed,2026-04-05 02:54:59.400817
1010,deposit_made,2026-04-06 14:54:59.400817
1010,transaction_made,2026-04-06 15:54:59.400817
1011,app_opened,2026-03-15 14:54:59.400847
1011,account_created,2026-03-15 22:54:59.400847
1011,kyc_started,2026-03-18 10:54:59.400847
1011,kyc_completed,2026-03-22 19:54:59.400847
1012,app_opened,2026-03-09 22:54:59.400864
1013,app_opened,2026-03-08 10:54:59.400871
1013,account_created,2026-03-09 08:54:59.400871
1013,kyc_started,2026-03-10 15:54:59.400871
1013,kyc_completed,2026-03-15 06:54:59.400871
1014,app_opened,2026-03-21 22:54:59.400889
1014,account_created,2026-03-21 13:54:59.400889
1014,kyc_started,2026-03-23 18:54:59.400889
1014,kyc_completed,2026-03-26 06:54:59.400889
1015,app_opened,2026-04-02 06:54:59.400908
1015,account_created,2026-04-02 10:54:59.400908
1015,kyc_started,2026-04-03 06:54:59.400908
1015,kyc_completed,2026-04-05 13:54:59.400908
1016,app_opened,2026-03-29 23:54:59.400925
1016,account_created,2026-03-30 12:54:59.400925
1016,kyc_started,2026-03-30 17:54:59.400925
1016,kyc_completed,2026-04-02 03:54:59.400925
1016,deposit_made,2026-04-02 20:54:59.400925
1016,transaction_made,2026-04-03 05:54:59.400925
1017,app_opened,2026-04-07 05:54:59.400949
1018,app_opened,2026-03-17 09:54:59.400955
1018,account_created,2026-03-17 14:54:59.400955
1018,kyc_started,2026-03-19 05:54:59.400955
1019,app_opened,2026-03-22 20:54:59.400972
1019,account_created,2026-03-22 14:54:59.400972
1019,kyc_started,2026-03-23 08:54:59.400972
1019,kyc_completed,2026-03-27 09:54:59.400972
1020,app_opened,2026-04-11 01:54:59.400989
1020,account_created,2026-04-11 22:54:59.400989
1021,app_opened,2026-03-15 17:54:59.401001
1021,account_created,2026-03-15 14:54:59.401001
1021,kyc_started,2026-03-16 06:54:59.401001
1022,app_opened,2026-03-28 19:54:59.401015
1022,account_created,2026-03-30 08:54:59.401015
1022,kyc_started,2026-03-31 15:54:59.401015
1023,app_opened,2026-04-04 13:54:59.401028
1023,account_created,2026-04-04 22:54:59.401028
1024,app_opened,2026-03-20 22:54:59.401038
1024,account_created,2026-03-21 22:54:59.401038
1024,kyc_started,2026-03-24 19:54:59.401038
1024,kyc_completed,2026-03-26 09:54:59.401038
1024,deposit_made,2026-03-27 13:54:59.401038
1024,transaction_made,2026-03-27 21:54:59.401038
1025,app_opened,2026-04-08 20:54:59.401067
1025,account_created,2026-04-09 08:54:59.401067
1026,app_opened,2026-04-17 05:54:59.401078
1027,app_opened,2026-03-10 10:54:59.401084
1027,account_created,2026-03-12 03:54:59.401084
1028,app_opened,2026-04-15 07:54:59.401094
1029,app_opened,2026-03-06 16:54:59.401103
1029,account_created,2026-03-07 09:54:59.401103
1029,kyc_started,2026-03-09 08:54:59.401103
1030,app_opened,2026-03-05 12:54:59.401117
1030,account_created,2026-03-06 00:54:59.401117
1031,app_opened,2026-03-24 09:54:59.401127
1032,app_opened,2026-03-23 17:54:59.401134
1032,account_created,2026-03-24 00:54:59.401134
1032,kyc_started,2026-03-24 21:54:59.401134
1033,app_opened,2026-03-08 19:54:59.401148
1034,app_opened,2026-03-07 22:54:59.401155
1034,account_created,2026-03-08 02:54:59.401155
1035,app_opened,2026-03-18 00:54:59.401165
1035,account_created,2026-03-18 06:54:59.401165
1036,app_opened,2026-04-11 14:54:59.401176
1036,account_created,2026-04-12 17:54:59.401176
1036,kyc_started,2026-04-14 23:54:59.401176
1037,app_opened,2026-03-14 08:54:59.401189
1037,account_created,2026-03-15 05:54:59.401189
1037,kyc_started,2026-03-15 12:54:59.401189
1038,app_opened,2026-04-07 05:54:59.401203
1038,account_created,2026-04-08 02:54:59.401203
1038,kyc_started,2026-04-10 06:54:59.401203
1038,kyc_completed,2026-04-12 21:54:59.401203
1038,deposit_made,2026-04-13 03:54:59.401203
1038,transaction_made,2026-04-13 11:54:59.401203
1039,app_opened,2026-03-07 13:54:59.401231
1039,account_created,2026-03-09 04:54:59.401231
1039,kyc_started,2026-03-10 21:54:59.401231
1039,kyc_completed,2026-03-15 19:54:59.401231
1039,deposit_made,2026-03-16 07:54:59.401231
1039,transaction_made,2026-03-16 18:54:59.401231
1040,app_opened,2026-04-05 11:54:59.401254
1040,account_created,2026-04-05 20:54:59.401254
1040,kyc_started,2026-04-07 21:54:59.401254
1041,app_opened,2026-03-12 16:54:59.401268
1041,account_created,2026-03-12 10:54:59.401268
1042,app_opened,2026-03-08 04:54:59.401279
1042,account_created,2026-03-07 14:54:59.401279
1043,app_opened,2026-04-05 17:54:59.401289
1043,account_created,2026-04-05 19:54:59.401289
1043,kyc_started,2026-04-08 02:54:59.401289
1044,app_opened,2026-04-08 11:54:59.401302
1045,app_opened,2026-04-08 03:54:59.401312
1045,account_created,2026-04-09 06:54:59.401312
1045,kyc_started,2026-04-11 17:54:59.401312
1046,app_opened,2026-03-17 12:54:59.401325
1046,account_created,2026-03-17 22:54:59.401325
1046,kyc_started,2026-03-19 09:54:59.401325
1046,kyc_completed,2026-03-23 00:54:59.401325
1046,deposit_made,2026-03-24 04:54:59.401325
1047,app_opened,2026-03-10 15:54:59.401356
1048,app_opened,2026-03-31 08:54:59.401363
1048,account_created,2026-03-31 11:54:59.401363
1048,kyc_started,2026-04-01 06:54:59.401363
1048,kyc_completed,2026-04-03 15:54:59.401363
1048,deposit_made,2026-04-04 20:54:59.401363
1049,app_opened,2026-03-26 03:54:59.401400
1049,account_created,2026-03-26 14:54:59.401400
1049,kyc_started,2026-03-29 03:54:59.401400
1049,kyc_completed,2026-03-31 20:54:59.401400
1050,app_opened,2026-03-24 06:54:59.401417
1050,account_created,2026-03-24 09:54:59.401417
1051,app_opened,2026-03-10 17:54:59.401427
1051,account_created,2026-03-11 20:54:59.401427
1051,kyc_started,2026-03-13 15:54:59.401427
1052,app_opened,2026-03-18 20:54:59.401441
1053,app_opened,2026-03-07 04:54:59.401447
1053,account_created,2026-03-06 11:54:59.401447
1053,kyc_started,2026-03-09 04:54:59.401447
1054,app_opened,2026-03-29 21:54:59.401461
1054,account_created,2026-03-29 17:54:59.401461
1055,app_opened,2026-03-13 10:54:59.401473
1055,account_created,2026-03-14 01:54:59.401473
1055,kyc_started,2026-03-16 17:54:59.401473
1056,app_opened,2026-03-19 13:54:59.401486
1056,account_created,2026-03-21 06:54:59.401486
1056,kyc_started,2026-03-22 01:54:59.401486
1056,kyc_completed,2026-03-24 17:54:59.401486
1056,deposit_made,2026-03-25 02:54:59.401486
1056,transaction_made,2026-03-25 11:54:59.401486
1057,app_opened,2026-03-21 18:54:59.401511
1058,app_opened,2026-04-02 04:54:59.401518
1058,account_created,2026-04-02 01:54:59.401518
1058,kyc_started,2026-04-04 09:54:59.401518
1059,app_opened,2026-03-29 08:54:59.401532
1060,app_opened,2026-04-09 02:54:59.401538
1061,app_opened,2026-03-07 05:54:59.401548
1061,account_created,2026-03-06 12:54:59.401548
1061,kyc_started,2026-03-06 19:54:59.401548
1061,kyc_completed,2026-03-07 23:54:59.401548
1061,deposit_made,2026-03-08 10:54:59.401548
1061,transaction_made,2026-03-09 00:54:59.401548
1061,credit_product_viewed,2026-03-17 00:54:59.401548
1061,credit_application_started,2026-03-17 03:54:59.401548
1061,credit_application_cancelled,2026-03-18 02:54:59.401548
1062,app_opened,2026-03-14 00:54:59.401581
1062,account_created,2026-03-13 16:54:59.401581
1063,app_opened,2026-04-08 12:54:59.401591
1063,account_created,2026-04-08 22:54:59.401591
1064,app_opened,2026-04-06 14:54:59.401601
1064,account_created,2026-04-07 02:54:59.401601
1064,kyc_started,2026-04-08 06:54:59.401601
1064,kyc_completed,2026-04-09 06:54:59.401601
1065,app_opened,2026-03-12 14:54:59.401618
1065,account_created,2026-03-12 13:54:59.401618
1065,kyc_started,2026-03-15 05:54:59.401618
1066,app_opened,2026-03-27 09:54:59.401634
1066,account_created,2026-03-29 04:54:59.401634
1066,kyc_started,2026-03-31 04:54:59.401634
1066,kyc_completed,2026-04-01 17:54:59.401634
1067,app_opened,2026-04-08 09:54:59.401651
1067,account_created,2026-04-10 06:54:59.401651
1067,kyc_started,2026-04-12 17:54:59.401651
1068,app_opened,2026-04-01 04:54:59.401664
1068,account_created,2026-04-01 06:54:59.401664
1069,app_opened,2026-03-08 04:54:59.401675
1070,app_opened,2026-03-29 08:54:59.401681
1071,app_opened,2026-03-12 13:54:59.401688
1071,account_created,2026-03-12 12:54:59.401688
1072,app_opened,2026-03-30 19:54:59.401702
1072,account_created,2026-04-01 08:54:59.401702
1072,kyc_started,2026-04-03 09:54:59.401702
1072,kyc_completed,2026-04-05 17:54:59.401702
1072,deposit_made,2026-04-06 19:54:59.401702
1072,transaction_made,2026-04-07 02:54:59.401702
1072,credit_product_viewed,2026-04-20 02:54:59.401702
1072,credit_application_started,2026-04-21 04:54:59.401702
1072,credit_application_completed,2026-04-22 01:54:59.401702
1073,app_opened,2026-04-08 12:54:59.401735
1073,account_created,2026-04-09 12:54:59.401735
1074,app_opened,2026-03-30 06:54:59.401745
1074,account_created,2026-03-30 07:54:59.401745
1074,kyc_started,2026-04-01 07:54:59.401745
1074,kyc_completed,2026-04-04 21:54:59.401745
1074,deposit_made,2026-04-05 22:54:59.401745
1074,transaction_made,2026-04-06 17:54:59.401745
1075,app_opened,2026-04-12 22:54:59.401768
1075,account_created,2026-04-14 00:54:59.401768
1075,kyc_started,2026-04-16 07:54:59.401768
1075,kyc_completed,2026-04-20 00:54:59.401768
1075,deposit_made,2026-04-21 06:54:59.401768
1075,transaction_made,2026-04-22 03:54:59.401768
1076,app_opened,2026-04-09 00:54:59.401792
1076,account_created,2026-04-10 02:54:59.401792
1076,kyc_started,2026-04-11 16:54:59.401792
1076,kyc_completed,2026-04-13 02:54:59.401792
1077,app_opened,2026-03-18 18:54:59.401809
1077,account_created,2026-03-18 17:54:59.401809
1077,kyc_started,2026-03-20 08:54:59.401809
1078,app_opened,2026-03-15 22:54:59.401822
1078,account_created,2026-03-15 12:54:59.401822
1078,kyc_started,2026-03-15 18:54:59.401822
1078,kyc_completed,2026-03-19 11:54:59.401822
1078,deposit_made,2026-03-19 18:54:59.401822
1078,transaction_made,2026-03-20 18:54:59.401822
1079,app_opened,2026-04-01 20:54:59.401854
1079,account_created,2026-04-01 14:54:59.401854
1080,app_opened,2026-04-16 12:54:59.401864
1080,account_created,2026-04-17 14:54:59.401864
1080,kyc_started,2026-04-18 14:54:59.401864
1081,app_opened,2026-04-15 11:54:59.401877
1081,account_created,2026-04-17 06:54:59.401877
1081,kyc_started,2026-04-19 17:54:59.401877
1082,app_opened,2026-03-21 04:54:59.401893
1082,account_created,2026-03-21 06:54:59.401893
1083,app_opened,2026-04-06 15:54:59.401903
1083,account_created,2026-04-08 08:54:59.401903
1084,app_opened,2026-04-02 06:54:59.401914
1084,account_created,2026-04-02 19:54:59.401914
1084,kyc_started,2026-04-04 22:54:59.401914
1084,kyc_completed,2026-04-06 19:54:59.401914
1085,app_opened,2026-03-20 07:54:59.401933
1085,account_created,2026-03-21 03:54:59.401933
1086,app_opened,2026-03-11 08:54:59.401943
1086,account_created,2026-03-12 00:54:59.401943
1087,app_opened,2026-03-09 20:54:59.401953
1087,account_created,2026-03-11 05:54:59.401953
1087,kyc_started,2026-03-12 20:54:59.401953
1087,kyc_completed,2026-03-14 13:54:59.401953
1087,deposit_made,2026-03-14 21:54:59.401953
1088,app_opened,2026-03-04 15:54:59.401973
1089,app_opened,2026-04-05 00:54:59.401980
1089,account_created,2026-04-06 02:54:59.401980
1089,kyc_started,2026-04-08 23:54:59.401980
1089,kyc_completed,2026-04-11 13:54:59.401980
1090,app_opened,2026-04-09 00:54:59.401999
1090,account_created,2026-04-08 16:54:59.401999
1090,kyc_started,2026-04-09 12:54:59.401999
1091,app_opened,2026-03-21 00:54:59.402013
1091,account_created,2026-03-21 13:54:59.402013
1091,kyc_started,2026-03-22 15:54:59.402013
1091,kyc_completed,2026-03-25 17:54:59.402013
1091,deposit_made,2026-03-25 18:54:59.402013
1091,transaction_made,2026-03-26 17:54:59.402013
1092,app_opened,2026-03-23 00:54:59.402036
1092,account_created,2026-03-23 23:54:59.402036
1093,app_opened,2026-03-30 10:54:59.402047
1093,account_created,2026-03-31 16:54:59.402047
1093,kyc_started,2026-04-03 07:54:59.402047
1093,kyc_completed,2026-04-04 14:54:59.402047
1094,app_opened,2026-03-22 03:54:59.402063
1094,account_created,2026-03-21 13:54:59.402063
1094,kyc_started,2026-03-23 19:54:59.402063
1095,app_opened,2026-04-11 00:54:59.402077
1095,account_created,2026-04-12 02:54:59.402077
1095,kyc_started,2026-04-14 10:54:59.402077
1095,kyc_completed,2026-04-16 22:54:59.402077
1096,app_opened,2026-03-18 20:54:59.402094
1096,account_created,2026-03-19 17:54:59.402094
1096,kyc_started,2026-03-21 13:54:59.402094
1097,app_opened,2026-03-04 06:54:59.402107
1097,account_created,2026-03-04 03:54:59.402107
1098,app_opened,2026-03-24 22:54:59.402118
1098,account_created,2026-03-26 04:54:59.402118
1098,kyc_started,2026-03-28 03:54:59.402118
1099,app_opened,2026-04-08 04:54:59.402133
1099,account_created,2026-04-09 05:54:59.402133
1100,app_opened,2026-03-07 00:54:59.402144
1100,account_created,2026-03-06 21:54:59.402144
1100,kyc_started,2026-03-09 12:54:59.402144
1100,kyc_completed,2026-03-12 17:54:59.402144
1101,app_opened,2026-03-17 18:54:59.402160
1101,account_created,2026-03-18 20:54:59.402160
1101,kyc_started,2026-03-18 23:54:59.402160
1101,kyc_completed,2026-03-21 08:54:59.402160
1101,deposit_made,2026-03-21 19:54:59.402160
1101,transaction_made,2026-03-22 12:54:59.402160
1101,credit_product_viewed,2026-03-24 12:54:59.402160
1101,credit_application_started,2026-03-25 10:54:59.402160
1101,credit_application_cancelled,2026-03-26 06:54:59.402160
1102,app_opened,2026-04-03 12:54:59.402193
1102,account_created,2026-04-04 16:54:59.402193
1102,kyc_started,2026-04-06 12:54:59.402193
1103,app_opened,2026-04-16 02:54:59.402209
1103,account_created,2026-04-15 18:54:59.402209
1104,app_opened,2026-03-17 04:54:59.402220
1104,account_created,2026-03-18 06:54:59.402220
1104,kyc_started,2026-03-20 15:54:59.402220
1105,app_opened,2026-04-10 12:54:59.402235
1105,account_created,2026-04-12 00:54:59.402235
1106,app_opened,2026-04-12 02:54:59.402246
1106,account_created,2026-04-11 15:54:59.402246
1106,kyc_started,2026-04-12 07:54:59.402246
1107,app_opened,2026-03-25 14:54:59.402259
1107,account_created,2026-03-27 06:54:59.402259
1107,kyc_started,2026-03-29 23:54:59.402259
1107,kyc_completed,2026-03-31 11:54:59.402259
1107,deposit_made,2026-04-01 11:54:59.402259
1107,transaction_made,2026-04-01 16:54:59.402259
1107,credit_product_viewed,2026-04-05 16:54:59.402259
1107,credit_application_started,2026-04-06 21:54:59.402259
1107,credit_application_cancelled,2026-04-06 22:54:59.402259
1108,app_opened,2026-04-03 00:54:59.402297
1108,account_created,2026-04-03 17:54:59.402297
1108,kyc_started,2026-04-05 04:54:59.402297
1108,kyc_completed,2026-04-10 04:54:59.402297
1108,deposit_made,2026-04-11 21:54:59.402297
1108,transaction_made,2026-04-12 02:54:59.402297
1109,app_opened,2026-03-15 22:54:59.402320
1109,account_created,2026-03-15 17:54:59.402320
1110,app_opened,2026-03-22 22:54:59.402339
1111,app_opened,2026-03-16 06:54:59.402347
1111,account_created,2026-03-15 10:54:59.402347
1111,kyc_started,2026-03-15 12:54:59.402347
1112,app_opened,2026-03-15 11:54:59.402360
1112,account_created,2026-03-16 05:54:59.402360
1112,kyc_started,2026-03-17 03:54:59.402360
1112,kyc_completed,2026-03-20 05:54:59.402360
1113,app_opened,2026-03-07 05:54:59.402377
1113,account_created,2026-03-07 21:54:59.402377
1113,kyc_started,2026-03-10 16:54:59.402377
1114,app_opened,2026-03-22 21:54:59.402391
1115,app_opened,2026-03-05 02:54:59.402398
1116,app_opened,2026-03-28 20:54:59.402405
1116,account_created,2026-03-29 02:54:59.402405
1117,app_opened,2026-03-09 13:54:59.402415
1117,account_created,2026-03-10 13:54:59.402415
1117,kyc_started,2026-03-13 11:54:59.402415
1118,app_opened,2026-03-10 05:54:59.402433
1118,account_created,2026-03-10 07:54:59.402433
1119,app_opened,2026-03-07 21:54:59.402443
1119,account_created,2026-03-08 04:54:59.402443
1119,kyc_started,2026-03-11 01:54:59.402443
1119,kyc_completed,2026-03-15 21:54:59.402443
1120,app_opened,2026-04-10 01:54:59.402461
1121,app_opened,2026-03-30 15:54:59.402467
1121,account_created,2026-03-31 20:54:59.402467
1121,kyc_started,2026-04-02 16:54:59.402467
1122,app_opened,2026-04-07 09:54:59.402481
1122,account_created,2026-04-08 19:54:59.402481
1122,kyc_started,2026-04-10 02:54:59.402481
1123,app_opened,2026-03-30 08:54:59.402494
1123,account_created,2026-03-30 17:54:59.402494
1123,kyc_started,2026-03-31 01:54:59.402494
1124,app_opened,2026-04-02 05:54:59.402508
1124,account_created,2026-04-01 16:54:59.402508
1124,kyc_started,2026-04-02 08:54:59.402508
1124,kyc_completed,2026-04-06 09:54:59.402508
1125,app_opened,2026-03-19 19:54:59.402527
1126,app_opened,2026-03-12 03:54:59.402534
1126,account_created,2026-03-13 01:54:59.402534
1126,kyc_started,2026-03-14 07:54:59.402534
1126,kyc_completed,2026-03-16 19:54:59.402534
1127,app_opened,2026-03-04 03:54:59.402551
1127,account_created,2026-03-05 06:54:59.402551
1127,kyc_started,2026-03-06 14:54:59.402551
1127,kyc_completed,2026-03-10 08:54:59.402551
1128,app_opened,2026-03-25 23:54:59.402568
1128,account_created,2026-03-27 06:54:59.402568
1128,kyc_started,2026-03-29 11:54:59.402568
1128,kyc_completed,2026-03-30 18:54:59.402568
1128,deposit_made,2026-03-31 03:54:59.402568
1128,transaction_made,2026-03-31 18:54:59.402568
1128,credit_product_viewed,2026-04-11 18:54:59.402568
1128,credit_application_started,2026-04-13 04:54:59.402568
1128,credit_application_cancelled,2026-04-13 22:54:59.402568
1129,app_opened,2026-03-15 21:54:59.402603
1130,app_opened,2026-03-12 00:54:59.402610
1130,account_created,2026-03-12 13:54:59.402610
1130,kyc_started,2026-03-15 04:54:59.402610
1131,app_opened,2026-03-22 14:54:59.402623
1131,account_created,2026-03-22 17:54:59.402623
1131,kyc_started,2026-03-25 04:54:59.402623
1131,kyc_completed,2026-03-29 22:54:59.402623
1132,app_opened,2026-03-15 12:54:59.402640
1132,account_created,2026-03-16 14:54:59.402640
1132,kyc_started,2026-03-17 11:54:59.402640
1133,app_opened,2026-03-25 12:54:59.402653
1133,account_created,2026-03-26 11:54:59.402653
1133,kyc_started,2026-03-28 11:54:59.402653
1133,kyc_completed,2026-03-29 16:54:59.402653
1134,app_opened,2026-04-10 20:54:59.402670
1134,account_created,2026-04-11 08:54:59.402670
1134,kyc_started,2026-04-13 23:54:59.402670
1134,kyc_completed,2026-04-15 17:54:59.402670
1134,deposit_made,2026-04-17 07:54:59.402670
1134,transaction_made,2026-04-17 17:54:59.402670
1135,app_opened,2026-04-04 14:54:59.402696
1135,account_created,2026-04-05 16:54:59.402696
1135,kyc_started,2026-04-08 15:54:59.402696
1135,kyc_completed,2026-04-09 20:54:59.402696
1135,deposit_made,2026-04-11 09:54:59.402696
1135,transaction_made,2026-04-12 00:54:59.402696
1136,app_opened,2026-03-25 00:54:59.402722
1136,account_created,2026-03-25 23:54:59.402722
1136,kyc_started,2026-03-26 17:54:59.402722
1136,kyc_completed,2026-03-30 03:54:59.402722
1137,app_opened,2026-03-06 23:54:59.402739
1137,account_created,2026-03-08 07:54:59.402739
1137,kyc_started,2026-03-10 12:54:59.402739
1137,kyc_completed,2026-03-13 14:54:59.402739
1137,deposit_made,2026-03-13 17:54:59.402739
1138,app_opened,2026-03-21 08:54:59.402760
1138,account_created,2026-03-20 14:54:59.402760
1139,app_opened,2026-03-03 09:54:59.402770
1139,account_created,2026-03-05 06:54:59.402770
1139,kyc_started,2026-03-05 22:54:59.402770
1140,app_opened,2026-04-12 15:54:59.402784
1141,app_opened,2026-03-15 03:54:59.402790
1141,account_created,2026-03-15 21:54:59.402790
1141,kyc_started,2026-03-18 10:54:59.402790
1141,kyc_completed,2026-03-19 12:54:59.402790
1141,deposit_made,2026-03-20 23:54:59.402790
1141,transaction_made,2026-03-21 00:54:59.402790
1141,credit_product_viewed,2026-03-25 00:54:59.402790
1141,credit_application_started,2026-03-25 16:54:59.402790
1141,credit_application_cancelled,2026-03-26 11:54:59.402790
1142,app_opened,2026-03-20 11:54:59.402826
1142,account_created,2026-03-21 23:54:59.402826
1142,kyc_started,2026-03-22 05:54:59.402826
1142,kyc_completed,2026-03-23 07:54:59.402826
1142,deposit_made,2026-03-23 19:54:59.402826
1142,transaction_made,2026-03-24 12:54:59.402826
1143,app_opened,2026-04-01 11:54:59.402858
1143,account_created,2026-04-01 15:54:59.402858
1143,kyc_started,2026-04-03 04:54:59.402858
1143,kyc_completed,2026-04-05 12:54:59.402858
1144,app_opened,2026-04-08 18:54:59.402875
1145,app_opened,2026-03-05 14:54:59.402881
1145,account_created,2026-03-06 05:54:59.402881
1145,kyc_started,2026-03-06 13:54:59.402881
1145,kyc_completed,2026-03-08 01:54:59.402881
1145,deposit_made,2026-03-09 04:54:59.402881
1146,app_opened,2026-04-01 21:54:59.402902
1147,app_opened,2026-04-10 10:54:59.402908
1147,account_created,2026-04-11 23:54:59.402908
1147,kyc_started,2026-04-14 15:54:59.402908
1147,kyc_completed,2026-04-18 07:54:59.402908
1147,deposit_made,2026-04-18 15:54:59.402908
1147,transaction_made,2026-04-19 02:54:59.402908
1148,app_opened,2026-03-22 11:54:59.402934
1148,account_created,2026-03-23 11:54:59.402934
1148,kyc_started,2026-03-23 14:54:59.402934
1148,kyc_completed,2026-03-27 17:54:59.402934
1149,app_opened,2026-04-03 02:54:59.402951
1149,account_created,2026-04-02 17:54:59.402951
1149,kyc_started,2026-04-04 22:54:59.402951
1149,kyc_completed,2026-04-09 07:54:59.402951
1150,app_opened,2026-04-08 20:54:59.402968
1150,account_created,2026-04-08 19:54:59.402968
1151,app_opened,2026-03-14 22:54:59.402978
1152,app_opened,2026-03-13 23:54:59.402985
1152,account_created,2026-03-14 14:54:59.402985
1153,app_opened,2026-03-09 18:54:59.402997
1153,account_created,2026-03-09 19:54:59.402997
1153,kyc_started,2026-03-12 09:54:59.402997
1153,kyc_completed,2026-03-14 17:54:59.402997
1154,app_opened,2026-03-24 20:54:59.403016
1154,account_created,2026-03-24 22:54:59.403016
1154,kyc_started,2026-03-27 16:54:59.403016
1154,kyc_completed,2026-03-29 12:54:59.403016
1155,app_opened,2026-03-12 11:54:59.403033
1155,account_created,2026-03-13 10:54:59.403033
1155,kyc_started,2026-03-14 04:54:59.403033
1156,app_opened,2026-03-31 22:54:59.403046
1156,account_created,2026-04-01 17:54:59.403046
1157,app_opened,2026-03-29 06:54:59.403056
1158,app_opened,2026-03-08 17:54:59.403066
1159,app_opened,2026-03-03 23:54:59.403072
1159,account_created,2026-03-05 03:54:59.403072
1160,app_opened,2026-03-27 15:54:59.403083
1160,account_created,2026-03-28 23:54:59.403083
1160,kyc_started,2026-03-29 17:54:59.403083
1161,app_opened,2026-04-18 04:54:59.403096
1161,account_created,2026-04-17 09:54:59.403096
1161,kyc_started,2026-04-19 14:54:59.403096
1161,kyc_completed,2026-04-24 07:54:59.403096
1162,app_opened,2026-03-24 02:54:59.403120
1162,account_created,2026-03-25 02:54:59.403120
1162,kyc_started,2026-03-27 23:54:59.403120
1162,kyc_completed,2026-04-01 12:54:59.403120
1162,deposit_made,2026-04-01 20:54:59.403120
1162,transaction_made,2026-04-02 09:54:59.403120
1163,app_opened,2026-03-26 21:54:59.403144
1163,account_created,2026-03-28 05:54:59.403144
1164,app_opened,2026-04-10 23:54:59.403154
1164,account_created,2026-04-10 21:54:59.403154
1164,kyc_started,2026-04-12 02:54:59.403154
1165,app_opened,2026-04-01 06:54:59.403170
1166,app_opened,2026-03-26 15:54:59.403178
1166,account_created,2026-03-28 00:54:59.403178
1166,kyc_started,2026-03-29 05:54:59.403178
1166,kyc_completed,2026-04-01 20:54:59.403178
1167,app_opened,2026-04-15 17:54:59.403195
1167,account_created,2026-04-17 06:54:59.403195
1168,app_opened,2026-04-04 09:54:59.403205
1168,account_created,2026-04-06 01:54:59.403205
1168,kyc_started,2026-04-07 13:54:59.403205
1168,kyc_completed,2026-04-11 04:54:59.403205
1168,deposit_made,2026-04-11 17:54:59.403205
1168,transaction_made,2026-04-12 12:54:59.403205
1169,app_opened,2026-03-11 03:54:59.403228
1169,account_created,2026-03-11 22:54:59.403228
1169,kyc_started,2026-03-12 07:54:59.403228
1169,kyc_completed,2026-03-16 07:54:59.403228
1170,app_opened,2026-03-16 08:54:59.403245
1170,account_created,2026-03-15 21:54:59.403245
1171,app_opened,2026-04-17 07:54:59.403255
1171,account_created,2026-04-18 00:54:59.403255
1171,kyc_started,2026-04-21 00:54:59.403255
1172,app_opened,2026-04-17 22:54:59.403268
1172,account_created,2026-04-19 02:54:59.403268
1172,kyc_started,2026-04-20 20:54:59.403268
1172,kyc_completed,2026-04-24 00:54:59.403268
1172,deposit_made,2026-04-25 20:54:59.403268
1172,transaction_made,2026-04-26 12:54:59.403268
1173,app_opened,2026-04-16 08:54:59.403293
1173,account_created,2026-04-16 02:54:59.403293
1174,app_opened,2026-03-14 23:54:59.403305
1174,account_created,2026-03-15 10:54:59.403305
1174,kyc_started,2026-03-15 21:54:59.403305
1175,app_opened,2026-04-17 08:54:59.403319
1175,account_created,2026-04-18 05:54:59.403319
1175,kyc_started,2026-04-18 15:54:59.403319
1176,app_opened,2026-04-05 14:54:59.403341
1176,account_created,2026-04-05 13:54:59.403341
1176,kyc_started,2026-04-06 02:54:59.403341
1176,kyc_completed,2026-04-09 09:54:59.403341
1177,app_opened,2026-03-12 05:54:59.403359
1178,app_opened,2026-04-01 16:54:59.403365
1178,account_created,2026-04-02 00:54:59.403365
1179,app_opened,2026-04-14 19:54:59.403376
1179,account_created,2026-04-15 00:54:59.403376
1180,app_opened,2026-03-11 04:54:59.403386
1180,account_created,2026-03-10 15:54:59.403386
1180,kyc_started,2026-03-11 07:54:59.403386
1180,kyc_completed,2026-03-12 14:54:59.403386
1181,app_opened,2026-03-24 19:54:59.403403
1182,app_opened,2026-03-04 11:54:59.403412
1182,account_created,2026-03-04 12:54:59.403412
1183,app_opened,2026-03-20 10:54:59.403423
1183,account_created,2026-03-22 01:54:59.403423
1183,kyc_started,2026-03-22 15:54:59.403423
1184,app_opened,2026-03-13 10:54:59.403436
1184,account_created,2026-03-14 09:54:59.403436
1184,kyc_started,2026-03-16 14:54:59.403436
1184,kyc_completed,2026-03-20 18:54:59.403436
1185,app_opened,2026-03-09 09:54:59.403453
1185,account_created,2026-03-10 14:54:59.403453
1186,app_opened,2026-03-10 04:54:59.403466
1186,account_created,2026-03-11 02:54:59.403466
1187,app_opened,2026-04-16 23:54:59.403476
1187,account_created,2026-04-17 22:54:59.403476
1187,kyc_started,2026-04-18 12:54:59.403476
1187,kyc_completed,2026-04-23 07:54:59.403476
1187,deposit_made,2026-04-23 20:54:59.403476
1188,app_opened,2026-04-10 05:54:59.403501
1188,account_created,2026-04-10 07:54:59.403501
1188,kyc_started,2026-04-12 16:54:59.403501
1188,kyc_completed,2026-04-14 09:54:59.403501
1189,app_opened,2026-04-14 13:54:59.403517
1189,account_created,2026-04-15 12:54:59.403517
1189,kyc_started,2026-04-17 10:54:59.403517
1189,kyc_completed,2026-04-21 07:54:59.403517
1190,app_opened,2026-04-09 00:54:59.403534
1190,account_created,2026-04-09 06:54:59.403534
1190,kyc_started,2026-04-09 08:54:59.403534
1190,kyc_completed,2026-04-13 20:54:59.403534
1191,app_opened,2026-04-14 16:54:59.403551
1191,account_created,2026-04-15 20:54:59.403551
1192,app_opened,2026-03-21 20:54:59.403561
1192,account_created,2026-03-21 21:54:59.403561
1192,kyc_started,2026-03-22 23:54:59.403561
1193,app_opened,2026-03-27 15:54:59.403575
1193,account_created,2026-03-29 05:54:59.403575
1193,kyc_started,2026-03-31 17:54:59.403575
1193,kyc_completed,2026-04-03 11:54:59.403575
1194,app_opened,2026-03-12 19:54:59.403591
1194,account_created,2026-03-13 11:54:59.403591
1194,kyc_started,2026-03-14 01:54:59.403591
1194,kyc_completed,2026-03-15 06:54:59.403591
1194,deposit_made,2026-03-15 07:54:59.403591
1194,transaction_made,2026-03-16 06:54:59.403591
1194,credit_product_viewed,2026-03-26 06:54:59.403591
1194,credit_application_started,2026-03-26 20:54:59.403591
1194,credit_application_completed,2026-03-27 20:54:59.403591
1195,app_opened,2026-03-28 08:54:59.403626
1195,account_created,2026-03-28 10:54:59.403626
1195,kyc_started,2026-03-28 11:54:59.403626
1195,kyc_completed,2026-03-29 20:54:59.403626
1195,deposit_made,2026-03-31 08:54:59.403626
1195,transaction_made,2026-03-31 18:54:59.403626
1196,app_opened,2026-03-09 03:54:59.403650
1197,app_opened,2026-03-25 10:54:59.403657
1198,app_opened,2026-04-05 15:54:59.403664
1198,account_created,2026-04-05 23:54:59.403664
1199,app_opened,2026-04-06 19:54:59.403674
1199,account_created,2026-04-07 00:54:59.403674
1199,kyc_started,2026-04-07 03:54:59.403674
1199,kyc_completed,2026-04-09 12:54:59.403674
1200,app_opened,2026-04-17 06:54:59.403691
1200,account_created,2026-04-18 02:54:59.403691
1201,app_opened,2026-04-10 19:54:59.403703
1202,app_opened,2026-03-29 23:54:59.403710
1202,account_created,2026-03-30 08:54:59.403710
1202,kyc_started,2026-04-02 04:54:59.403710
1203,app_opened,2026-03-09 22:54:59.403724
1204,app_opened,2026-04-13 12:54:59.403731
1204,account_created,2026-04-13 17:54:59.403731
1205,app_opened,2026-04-06 02:54:59.403741
1205,account_created,2026-04-06 08:54:59.403741
1205,kyc_started,2026-04-08 15:54:59.403741
1206,app_opened,2026-04-02 10:54:59.403754
1206,account_created,2026-04-03 22:54:59.403754
1206,kyc_started,2026-04-06 19:54:59.403754
1206,kyc_completed,2026-04-08 14:54:59.403754
1206,deposit_made,2026-04-08 18:54:59.403754
1206,transaction_made,2026-04-09 03:54:59.403754
1207,app_opened,2026-03-17 03:54:59.403780
1208,app_opened,2026-04-05 08:54:59.403787
1208,account_created,2026-04-05 15:54:59.403787
1209,app_opened,2026-03-09 11:54:59.403799
1209,account_created,2026-03-10 09:54:59.403799
1210,app_opened,2026-03-08 01:54:59.403809
1210,account_created,2026-03-08 18:54:59.403809
1210,kyc_started,2026-03-10 12:54:59.403809
1211,app_opened,2026-03-16 07:54:59.403823
1211,account_created,2026-03-16 16:54:59.403823
1211,kyc_started,2026-03-18 20:54:59.403823
1212,app_opened,2026-03-12 05:54:59.403836
1212,account_created,2026-03-11 23:54:59.403836
1213,app_opened,2026-03-20 16:54:59.403853
1213,account_created,2026-03-21 04:54:59.403853
1213,kyc_started,2026-03-23 05:54:59.403853
1213,kyc_completed,2026-03-26 04:54:59.403853
1213,deposit_made,2026-03-26 10:54:59.403853
1213,transaction_made,2026-03-26 13:54:59.403853
1213,credit_product_viewed,2026-04-04 13:54:59.403853
1213,credit_application_started,2026-04-05 12:54:59.403853
1213,credit_application_completed,2026-04-05 14:54:59.403853
1214,app_opened,2026-03-20 01:54:59.403888
1214,account_created,2026-03-20 12:54:59.403888
1214,kyc_started,2026-03-22 20:54:59.403888
1214,kyc_completed,2026-03-26 11:54:59.403888
1214,deposit_made,2026-03-27 12:54:59.403888
1214,transaction_made,2026-03-28 03:54:59.403888
1214,credit_product_viewed,2026-04-08 03:54:59.403888
1214,credit_application_started,2026-04-08 08:54:59.403888
1214,credit_application_completed,2026-04-08 11:54:59.403888
1215,app_opened,2026-03-31 01:54:59.403923
1215,account_created,2026-04-01 02:54:59.403923
1215,kyc_started,2026-04-02 14:54:59.403923
1216,app_opened,2026-04-11 12:54:59.403937
1216,account_created,2026-04-11 11:54:59.403937
1216,kyc_started,2026-04-13 06:54:59.403937
1216,kyc_completed,2026-04-16 00:54:59.403937
1216,deposit_made,2026-04-18 00:54:59.403937
1217,app_opened,2026-03-05 17:54:59.403957
1217,account_created,2026-03-06 23:54:59.403957
1218,app_opened,2026-03-04 08:54:59.403967
1218,account_created,2026-03-04 01:54:59.403967
1218,kyc_started,2026-03-05 16:54:59.403967
1218,kyc_completed,2026-03-08 12:54:59.403967
1219,app_opened,2026-03-23 21:54:59.403984
1219,account_created,2026-03-25 02:54:59.403984
1219,kyc_started,2026-03-27 20:54:59.403984
1220,app_opened,2026-04-08 21:54:59.404001
1220,account_created,2026-04-10 07:54:59.404001
1221,app_opened,2026-03-18 16:54:59.404011
1221,account_created,2026-03-19 20:54:59.404011
1222,app_opened,2026-03-19 19:54:59.404021
1222,account_created,2026-03-20 05:54:59.404021
1223,app_opened,2026-03-22 07:54:59.404031
1223,account_created,2026-03-22 13:54:59.404031
1223,kyc_started,2026-03-25 13:54:59.404031
1223,kyc_completed,2026-03-27 06:54:59.404031
1224,app_opened,2026-04-09 18:54:59.404051
1225,app_opened,2026-04-18 00:54:59.404057
1225,account_created,2026-04-18 07:54:59.404057
1225,kyc_started,2026-04-20 13:54:59.404057
1225,kyc_completed,2026-04-25 13:54:59.404057
1225,deposit_made,2026-04-27 10:54:59.404057
1225,transaction_made,2026-04-27 21:54:59.404057
1226,app_opened,2026-03-12 10:54:59.404081
1227,app_opened,2026-04-08 19:54:59.404088
1227,account_created,2026-04-09 23:54:59.404088
1228,app_opened,2026-03-12 21:54:59.404098
1229,app_opened,2026-04-04 21:54:59.404105
1229,account_created,2026-04-05 09:54:59.404105
1229,kyc_started,2026-04-05 23:54:59.404105
1229,kyc_completed,2026-04-09 08:54:59.404105
1230,app_opened,2026-03-29 11:54:59.404122
1230,account_created,2026-03-31 04:54:59.404122
1230,kyc_started,2026-03-31 09:54:59.404122
1231,app_opened,2026-03-11 00:54:59.404135
1231,account_created,2026-03-10 21:54:59.404135
1231,kyc_started,2026-03-12 23:54:59.404135
1231,kyc_completed,2026-03-15 04:54:59.404135
1231,deposit_made,2026-03-16 14:54:59.404135
1231,transaction_made,2026-03-16 16:54:59.404135
1232,app_opened,2026-04-17 14:54:59.404159
1232,account_created,2026-04-18 11:54:59.404159
1232,kyc_started,2026-04-19 02:54:59.404159
1232,kyc_completed,2026-04-22 07:54:59.404159
1232,deposit_made,2026-04-22 12:54:59.404159
1232,transaction_made,2026-04-22 19:54:59.404159
1232,credit_product_viewed,2026-04-26 19:54:59.404159
1232,credit_application_started,2026-04-27 15:54:59.404159
1232,credit_application_cancelled,2026-04-28 14:54:59.404159
1233,app_opened,2026-03-07 00:54:59.404194
1233,account_created,2026-03-07 21:54:59.404194
1234,app_opened,2026-03-11 15:54:59.404204
1234,account_created,2026-03-13 04:54:59.404204
1234,kyc_started,2026-03-14 06:54:59.404204
1234,kyc_completed,2026-03-16 00:54:59.404204
1234,deposit_made,2026-03-17 02:54:59.404204
1234,transaction_made,2026-03-17 10:54:59.404204
1235,app_opened,2026-03-13 00:54:59.404227
1235,account_created,2026-03-13 21:54:59.404227
1235,kyc_started,2026-03-14 09:54:59.404227
1235,kyc_completed,2026-03-17 19:54:59.404227
1235,deposit_made,2026-03-19 17:54:59.404227
1235,transaction_made,2026-03-20 06:54:59.404227
1236,app_opened,2026-04-06 22:54:59.404254
1236,account_created,2026-04-08 00:54:59.404254
1237,app_opened,2026-03-19 21:54:59.404264
1238,app_opened,2026-04-07 07:54:59.404271
1238,account_created,2026-04-07 10:54:59.404271
1238,kyc_started,2026-04-07 16:54:59.404271
1238,kyc_completed,2026-04-09 12:54:59.404271
1238,deposit_made,2026-04-11 05:54:59.404271
1238,transaction_made,2026-04-12 03:54:59.404271
1239,app_opened,2026-03-05 08:54:59.404297
1239,account_created,2026-03-04 22:54:59.404297
1240,app_opened,2026-03-23 02:54:59.404307
1240,account_created,2026-03-23 08:54:59.404307
1240,kyc_started,2026-03-23 22:54:59.404307
1240,kyc_completed,2026-03-26 15:54:59.404307
1240,deposit_made,2026-03-27 02:54:59.404307
1240,transaction_made,2026-03-27 19:54:59.404307
1240,credit_product_viewed,2026-03-28 19:54:59.404307
1240,credit_application_started,2026-03-29 00:54:59.404307
1240,credit_application_cancelled,2026-03-29 22:54:59.404307
1241,app_opened,2026-03-19 21:54:59.404350
1241,account_created,2026-03-20 10:54:59.404350
1242,app_opened,2026-03-23 10:54:59.404360
1242,account_created,2026-03-23 16:54:59.404360
1243,app_opened,2026-04-09 19:54:59.404370
1243,account_created,2026-04-10 14:54:59.404370
1243,kyc_started,2026-04-10 23:54:59.404370
1243,kyc_completed,2026-04-15 11:54:59.404370
1243,deposit_made,2026-04-16 16:54:59.404370
1243,transaction_made,2026-04-17 01:54:59.404370
1244,app_opened,2026-04-07 09:54:59.404396
1244,account_created,2026-04-07 20:54:59.404396
1244,kyc_started,2026-04-10 17:54:59.404396
1245,app_opened,2026-04-07 11:54:59.404410
1245,account_created,2026-04-07 09:54:59.404410
1245,kyc_started,2026-04-08 05:54:59.404410
1245,kyc_completed,2026-04-10 03:54:59.404410
1245,deposit_made,2026-04-10 06:54:59.404410
1246,app_opened,2026-03-14 15:54:59.404429
1246,account_created,2026-03-14 12:54:59.404429
1247,app_opened,2026-03-16 05:54:59.404440
1247,account_created,2026-03-17 03:54:59.404440
1248,app_opened,2026-03-25 07:54:59.404450
1248,account_created,2026-03-24 12:54:59.404450
1248,kyc_started,2026-03-24 19:54:59.404450
1249,app_opened,2026-04-05 16:54:59.404463
1249,account_created,2026-04-06 00:54:59.404463
1249,kyc_started,2026-04-06 03:54:59.404463
1249,kyc_completed,2026-04-07 04:54:59.404463
1249,deposit_made,2026-04-07 17:54:59.404463
1249,transaction_made,2026-04-07 20:54:59.404463
1249,credit_product_viewed,2026-04-09 20:54:59.404463
1249,credit_application_started,2026-04-11 15:54:59.404463
1249,credit_application_completed,2026-04-11 21:54:59.404463
1250,app_opened,2026-04-15 22:54:59.404499
1250,account_created,2026-04-16 05:54:59.404499
1250,kyc_started,2026-04-17 06:54:59.404499
1251,app_opened,2026-03-14 21:54:59.404512
1252,app_opened,2026-04-10 16:54:59.404519
1252,account_created,2026-04-11 07:54:59.404519
1252,kyc_started,2026-04-11 09:54:59.404519
1252,kyc_completed,2026-04-14 01:54:59.404519
1252,deposit_made,2026-04-14 15:54:59.404519
1252,transaction_made,2026-04-14 18:54:59.404519
1253,app_opened,2026-04-01 05:54:59.404543
1253,account_created,2026-03-31 11:54:59.404543
1253,kyc_started,2026-04-01 15:54:59.404543
1253,kyc_completed,2026-04-05 19:54:59.404543
1253,deposit_made,2026-04-06 02:54:59.404543
1253,transaction_made,2026-04-06 21:54:59.404543
1253,credit_product_viewed,2026-04-08 21:54:59.404543
1253,credit_application_started,2026-04-10 12:54:59.404543
1253,credit_application_completed,2026-04-11 09:54:59.404543
1254,app_opened,2026-03-04 21:54:59.404578
1254,account_created,2026-03-06 05:54:59.404578
1254,kyc_started,2026-03-07 04:54:59.404578
1255,app_opened,2026-03-04 19:54:59.404593
1256,app_opened,2026-03-07 00:54:59.404600
1256,account_created,2026-03-06 10:54:59.404600
1256,kyc_started,2026-03-08 20:54:59.404600
1256,kyc_completed,2026-03-13 05:54:59.404600
1257,app_opened,2026-03-17 03:54:59.404619
1257,account_created,2026-03-16 09:54:59.404619
1257,kyc_started,2026-03-17 01:54:59.404619
1257,kyc_completed,2026-03-21 23:54:59.404619
1257,deposit_made,2026-03-22 15:54:59.404619
1257,transaction_made,2026-03-22 17:54:59.404619
1257,credit_product_viewed,2026-03-30 17:54:59.404619
1257,credit_application_started,2026-03-31 12:54:59.404619
1257,credit_application_completed,2026-04-01 01:54:59.404619
1258,app_opened,2026-04-05 05:54:59.404656
1258,account_created,2026-04-06 07:54:59.404656
1258,kyc_started,2026-04-08 16:54:59.404656
1259,app_opened,2026-03-27 13:54:59.404670
1259,account_created,2026-03-29 02:54:59.404670
1260,app_opened,2026-04-16 01:54:59.404681
1260,account_created,2026-04-16 11:54:59.404681
1260,kyc_started,2026-04-18 00:54:59.404681
1261,app_opened,2026-04-04 08:54:59.404694
1261,account_created,2026-04-04 00:54:59.404694
1261,kyc_started,2026-04-04 07:54:59.404694
1262,app_opened,2026-03-06 16:54:59.404707
1262,account_created,2026-03-08 05:54:59.404707
1263,app_opened,2026-03-10 21:54:59.404718
1263,account_created,2026-03-10 20:54:59.404718
1263,kyc_started,2026-03-10 21:54:59.404718
1263,kyc_completed,2026-03-14 11:54:59.404718
1263,deposit_made,2026-03-15 00:54:59.404718
1263,transaction_made,2026-03-15 05:54:59.404718
1264,app_opened,2026-04-09 11:54:59.404741
1264,account_created,2026-04-10 20:54:59.404741
1265,app_opened,2026-04-04 16:54:59.404751
1265,account_created,2026-04-05 12:54:59.404751
1266,app_opened,2026-03-29 14:54:59.404764
1266,account_created,2026-03-30 00:54:59.404764
1266,kyc_started,2026-03-31 08:54:59.404764
1266,kyc_completed,2026-04-04 09:54:59.404764
1266,deposit_made,2026-04-06 02:54:59.404764
1266,transaction_made,2026-04-06 18:54:59.404764
1266,credit_product_viewed,2026-04-12 18:54:59.404764
1266,credit_application_started,2026-04-13 20:54:59.404764
1266,credit_application_completed,2026-04-14 12:54:59.404764
1267,app_opened,2026-03-20 22:54:59.404796
1267,account_created,2026-03-22 08:54:59.404796
1267,kyc_started,2026-03-23 04:54:59.404796
1268,app_opened,2026-03-18 09:54:59.404810
1268,account_created,2026-03-19 12:54:59.404810
1269,app_opened,2026-03-30 04:54:59.404820
1269,account_created,2026-03-30 20:54:59.404820
1270,app_opened,2026-04-01 21:54:59.404830
1270,account_created,2026-04-02 14:54:59.404830
1270,kyc_started,2026-04-05 14:54:59.404830
1271,app_opened,2026-04-13 19:54:59.404850
1271,account_created,2026-04-14 15:54:59.404850
1271,kyc_started,2026-04-15 16:54:59.404850
1271,kyc_completed,2026-04-19 08:54:59.404850
1272,app_opened,2026-03-26 00:54:59.404869
1272,account_created,2026-03-26 11:54:59.404869
1273,app_opened,2026-03-25 21:54:59.404880
1273,account_created,2026-03-27 02:54:59.404880
1274,app_opened,2026-04-13 22:54:59.404890
1275,app_opened,2026-04-10 21:54:59.404897
1276,app_opened,2026-04-07 15:54:59.404906
1276,account_created,2026-04-08 01:54:59.404906
1277,app_opened,2026-03-27 01:54:59.404919
1277,account_created,2026-03-28 01:54:59.404919
1277,kyc_started,2026-03-28 09:54:59.404919
1278,app_opened,2026-03-22 08:54:59.404933
1278,account_created,2026-03-22 15:54:59.404933
1278,kyc_started,2026-03-24 14:54:59.404933
1279,app_opened,2026-03-05 09:54:59.404947
1279,account_created,2026-03-07 02:54:59.404947
1279,kyc_started,2026-03-09 13:54:59.404947
1280,app_opened,2026-04-08 17:54:59.404960
1280,account_created,2026-04-09 22:54:59.404960
1281,app_opened,2026-04-07 09:54:59.404970
1281,account_created,2026-04-07 14:54:59.404970
1281,kyc_started,2026-04-09 16:54:59.404970
1281,kyc_completed,2026-04-13 19:54:59.404970
1282,app_opened,2026-04-13 01:54:59.404987
1283,app_opened,2026-03-21 14:54:59.404994
1283,account_created,2026-03-22 01:54:59.404994
1283,kyc_started,2026-03-24 18:54:59.404994
1284,app_opened,2026-03-06 21:54:59.405007
1284,account_created,2026-03-08 07:54:59.405007
1284,kyc_started,2026-03-08 19:54:59.405007
1284,kyc_completed,2026-03-12 20:54:59.405007
1285,app_opened,2026-03-26 13:54:59.405024
1285,account_created,2026-03-26 22:54:59.405024
1286,app_opened,2026-03-24 07:54:59.405038
1286,account_created,2026-03-23 19:54:59.405038
1287,app_opened,2026-04-17 12:54:59.405048
1287,account_created,2026-04-19 05:54:59.405048
1287,kyc_started,2026-04-21 11:54:59.405048
1288,app_opened,2026-03-21 14:54:59.405062
1288,account_created,2026-03-21 20:54:59.405062
1289,app_opened,2026-04-06 00:54:59.405074
1289,account_created,2026-04-05 16:54:59.405074
1289,kyc_started,2026-04-06 20:54:59.405074
1289,kyc_completed,2026-04-08 03:54:59.405074
1290,app_opened,2026-04-05 17:54:59.405091
1291,app_opened,2026-03-22 23:54:59.405098
1291,account_created,2026-03-24 00:54:59.405098
1291,kyc_started,2026-03-24 22:54:59.405098
1291,kyc_completed,2026-03-26 08:54:59.405098
1291,deposit_made,2026-03-27 02:54:59.405098
1291,transaction_made,2026-03-27 03:54:59.405098
1292,app_opened,2026-03-19 00:54:59.405122
1292,account_created,2026-03-18 15:54:59.405122
1292,kyc_started,2026-03-20 02:54:59.405122
1293,app_opened,2026-04-18 06:54:59.405135
1293,account_created,2026-04-17 11:54:59.405135
1293,kyc_started,2026-04-20 06:54:59.405135
1294,app_opened,2026-03-25 04:54:59.405149
1294,account_created,2026-03-25 02:54:59.405149
1295,app_opened,2026-03-18 19:54:59.405159
1295,account_created,2026-03-19 06:54:59.405159
1295,kyc_started,2026-03-21 02:54:59.405159
1296,app_opened,2026-04-02 20:54:59.405175
1296,account_created,2026-04-03 09:54:59.405175
1296,kyc_started,2026-04-05 07:54:59.405175
1297,app_opened,2026-04-11 09:54:59.405189
1297,account_created,2026-04-13 05:54:59.405189
1297,kyc_started,2026-04-13 23:54:59.405189
1297,kyc_completed,2026-04-15 14:54:59.405189
1298,app_opened,2026-04-01 07:54:59.405206
1298,account_created,2026-04-01 00:54:59.405206
1298,kyc_started,2026-04-03 13:54:59.405206
1298,kyc_completed,2026-04-08 01:54:59.405206
1298,deposit_made,2026-04-09 18:54:59.405206
1299,app_opened,2026-03-28 09:54:59.405229
1299,account_created,2026-03-28 11:54:59.405229
1300,app_opened,2026-03-29 06:54:59.405240
1300,account_created,2026-03-29 23:54:59.405240
1300,kyc_started,2026-03-30 10:54:59.405240
1300,kyc_completed,2026-04-02 22:54:59.405240
1301,app_opened,2026-03-04 12:54:59.405257
1301,account_created,2026-03-05 03:54:59.405257
1301,kyc_started,2026-03-05 22:54:59.405257
1302,app_opened,2026-03-13 07:54:59.405271
1302,account_created,2026-03-12 17:54:59.405271
1302,kyc_started,2026-03-13 05:54:59.405271
1302,kyc_completed,2026-03-17 19:54:59.405271
1303,app_opened,2026-03-19 14:54:59.405288
1304,app_opened,2026-04-11 00:54:59.405295
1304,account_created,2026-04-11 00:54:59.405295
1304,kyc_started,2026-04-11 22:54:59.405295
1305,app_opened,2026-03-07 07:54:59.405308
1305,account_created,2026-03-07 12:54:59.405308
1306,app_opened,2026-04-16 14:54:59.405319
1307,app_opened,2026-03-28 21:54:59.405325
1307,account_created,2026-03-28 23:54:59.405325
1308,app_opened,2026-03-07 00:54:59.405344
1309,app_opened,2026-03-06 12:54:59.405351
1309,account_created,2026-03-07 19:54:59.405351
1309,kyc_started,2026-03-10 10:54:59.405351
1309,kyc_completed,2026-03-15 02:54:59.405351
1309,deposit_made,2026-03-15 17:54:59.405351
1310,app_opened,2026-03-10 11:54:59.405372
1310,account_created,2026-03-11 09:54:59.405372
1311,app_opened,2026-03-25 05:54:59.405385
1311,account_created,2026-03-25 20:54:59.405385
1312,app_opened,2026-03-21 16:54:59.405396
1312,account_created,2026-03-21 16:54:59.405396
1312,kyc_started,2026-03-22 07:54:59.405396
1312,kyc_completed,2026-03-27 05:54:59.405396
1313,app_opened,2026-04-06 08:54:59.405413
1314,app_opened,2026-03-12 20:54:59.405419
1314,account_created,2026-03-13 05:54:59.405419
1315,app_opened,2026-03-13 08:54:59.405429
1315,account_created,2026-03-12 12:54:59.405429
1315,kyc_started,2026-03-13 13:54:59.405429
1316,app_opened,2026-03-21 19:54:59.405443
1316,account_created,2026-03-23 04:54:59.405443
1317,app_opened,2026-04-10 01:54:59.405456
1317,account_created,2026-04-10 22:54:59.405456
1317,kyc_started,2026-04-13 01:54:59.405456
1317,kyc_completed,2026-04-16 11:54:59.405456
1317,deposit_made,2026-04-17 06:54:59.405456
1318,app_opened,2026-03-18 06:54:59.405476
1318,account_created,2026-03-18 23:54:59.405476
1318,kyc_started,2026-03-19 04:54:59.405476
1318,kyc_completed,2026-03-21 19:54:59.405476
1319,app_opened,2026-03-04 12:54:59.405496
1319,account_created,2026-03-06 06:54:59.405496
1319,kyc_started,2026-03-07 10:54:59.405496
1319,kyc_completed,2026-03-12 04:54:59.405496
1320,app_opened,2026-04-14 19:54:59.405513
1320,account_created,2026-04-16 06:54:59.405513
1320,kyc_started,2026-04-17 11:54:59.405513
1321,app_opened,2026-04-14 14:54:59.405526
1322,app_opened,2026-03-23 18:54:59.405536
1323,app_opened,2026-03-06 14:54:59.405543
1324,app_opened,2026-03-13 21:54:59.405550
1324,account_created,2026-03-15 04:54:59.405550
1324,kyc_started,2026-03-17 01:54:59.405550
1325,app_opened,2026-03-23 11:54:59.405563
1325,account_created,2026-03-24 03:54:59.405563
1325,kyc_started,2026-03-25 04:54:59.405563
1326,app_opened,2026-03-13 21:54:59.405577
1326,account_created,2026-03-14 05:54:59.405577
1327,app_opened,2026-03-11 10:54:59.405620
1327,account_created,2026-03-13 06:54:59.405620
1327,kyc_started,2026-03-14 03:54:59.405620
1327,kyc_completed,2026-03-17 11:54:59.405620
1328,app_opened,2026-03-30 13:54:59.405641
1328,account_created,2026-04-01 08:54:59.405641
1328,kyc_started,2026-04-01 10:54:59.405641
1328,kyc_completed,2026-04-05 11:54:59.405641
1328,deposit_made,2026-04-05 21:54:59.405641
1328,transaction_made,2026-04-06 11:54:59.405641
1329,app_opened,2026-04-07 10:54:59.405666
1329,account_created,2026-04-08 15:54:59.405666
1329,kyc_started,2026-04-08 22:54:59.405666
1329,kyc_completed,2026-04-12 15:54:59.405666
1330,app_opened,2026-03-11 22:54:59.405683
1331,app_opened,2026-03-09 08:54:59.405690
1331,account_created,2026-03-08 11:54:59.405690
1331,kyc_started,2026-03-10 14:54:59.405690
1331,kyc_completed,2026-03-15 06:54:59.405690
1332,app_opened,2026-04-07 05:54:59.405707
1332,account_created,2026-04-08 05:54:59.405707
1333,app_opened,2026-03-07 06:54:59.405721
1333,account_created,2026-03-07 14:54:59.405721
1334,app_opened,2026-03-07 21:54:59.405731
1334,account_created,2026-03-09 02:54:59.405731
1334,kyc_started,2026-03-09 04:54:59.405731
1334,kyc_completed,2026-03-10 14:54:59.405731
1334,deposit_made,2026-03-12 08:54:59.405731
1334,transaction_made,2026-03-13 01:54:59.405731
1334,credit_product_viewed,2026-03-23 01:54:59.405731
1334,credit_application_started,2026-03-24 14:54:59.405731
1334,credit_application_cancelled,2026-03-25 06:54:59.405731
1335,app_opened,2026-04-01 07:54:59.405764
1335,account_created,2026-04-01 22:54:59.405764
1335,kyc_started,2026-04-04 12:54:59.405764
1336,app_opened,2026-03-04 22:54:59.405777
1336,account_created,2026-03-04 17:54:59.405777
1336,kyc_started,2026-03-05 02:54:59.405777
1337,app_opened,2026-03-14 14:54:59.405791
1337,account_created,2026-03-16 05:54:59.405791
1337,kyc_started,2026-03-19 05:54:59.405791
1338,app_opened,2026-03-16 00:54:59.405804
1338,account_created,2026-03-16 22:54:59.405804
1338,kyc_started,2026-03-17 14:54:59.405804
1339,app_opened,2026-04-05 06:54:59.405826
1340,app_opened,2026-04-07 04:54:59.405834
1340,account_created,2026-04-06 09:54:59.405834
1340,kyc_started,2026-04-08 02:54:59.405834
1340,kyc_completed,2026-04-09 18:54:59.405834
1341,app_opened,2026-03-07 14:54:59.405857
1341,account_created,2026-03-08 01:54:59.405857
1342,app_opened,2026-04-15 11:54:59.405867
1343,app_opened,2026-03-16 18:54:59.405874
1343,account_created,2026-03-17 19:54:59.405874
1343,kyc_started,2026-03-17 20:54:59.405874
1343,kyc_completed,2026-03-19 01:54:59.405874
1344,app_opened,2026-03-15 18:54:59.405895
1344,account_created,2026-03-16 13:54:59.405895
1344,kyc_started,2026-03-19 04:54:59.405895
1345,app_opened,2026-03-15 20:54:59.405912
1345,account_created,2026-03-16 17:54:59.405912
1345,kyc_started,2026-03-17 06:54:59.405912
1346,app_opened,2026-04-15 16:54:59.405926
1346,account_created,2026-04-15 18:54:59.405926
1346,kyc_started,2026-04-16 22:54:59.405926
1347,app_opened,2026-03-11 02:54:59.405939
1347,account_created,2026-03-11 07:54:59.405939
1347,kyc_started,2026-03-13 14:54:59.405939
1347,kyc_completed,2026-03-15 22:54:59.405939
1347,deposit_made,2026-03-17 16:54:59.405939
1348,app_opened,2026-03-23 23:54:59.405960
1348,account_created,2026-03-24 01:54:59.405960
1348,kyc_started,2026-03-24 20:54:59.405960
1348,kyc_completed,2026-03-26 05:54:59.405960
1349,app_opened,2026-04-01 05:54:59.405977
1349,account_created,2026-03-31 21:54:59.405977
1350,app_opened,2026-03-13 06:54:59.405987
1350,account_created,2026-03-13 17:54:59.405987
1350,kyc_started,2026-03-15 23:54:59.405987
1351,app_opened,2026-03-28 22:54:59.406000
1351,account_created,2026-03-29 23:54:59.406000
1351,kyc_started,2026-03-31 10:54:59.406000
1351,kyc_completed,2026-04-02 00:54:59.406000
1352,app_opened,2026-03-22 11:54:59.406017
1352,account_created,2026-03-22 14:54:59.406017
1352,kyc_started,2026-03-24 09:54:59.406017
1353,app_opened,2026-04-08 16:54:59.406033
1353,account_created,2026-04-08 15:54:59.406033
1353,kyc_started,2026-04-09 20:54:59.406033
1353,kyc_completed,2026-04-11 09:54:59.406033
1354,app_opened,2026-04-10 14:54:59.406050
1354,account_created,2026-04-11 04:54:59.406050
1354,kyc_started,2026-04-13 19:54:59.406050
1354,kyc_completed,2026-04-16 15:54:59.406050
1355,app_opened,2026-03-31 02:54:59.406067
1355,account_created,2026-03-30 15:54:59.406067
1356,app_opened,2026-04-07 19:54:59.406078
1357,app_opened,2026-03-24 14:54:59.406084
1357,account_created,2026-03-26 08:54:59.406084
1357,kyc_started,2026-03-29 05:54:59.406084
1357,kyc_completed,2026-04-01 08:54:59.406084
1357,deposit_made,2026-04-01 17:54:59.406084
1357,transaction_made,2026-04-02 15:54:59.406084
1358,app_opened,2026-04-09 06:54:59.406108
1358,account_created,2026-04-09 09:54:59.406108
1358,kyc_started,2026-04-10 20:54:59.406108
1358,kyc_completed,2026-04-15 16:54:59.406108
1359,app_opened,2026-03-26 07:54:59.406125
1359,account_created,2026-03-27 04:54:59.406125
1359,kyc_started,2026-03-29 15:54:59.406125
1359,kyc_completed,2026-04-01 12:54:59.406125
1360,app_opened,2026-03-16 18:54:59.406144
1360,account_created,2026-03-17 12:54:59.406144
1360,kyc_started,2026-03-18 18:54:59.406144
1360,kyc_completed,2026-03-20 05:54:59.406144
1361,app_opened,2026-03-22 19:54:59.406161
1361,account_created,2026-03-24 01:54:59.406161
1361,kyc_started,2026-03-25 08:54:59.406161
1362,app_opened,2026-04-08 03:54:59.406179
1362,account_created,2026-04-09 08:54:59.406179
1362,kyc_started,2026-04-12 00:54:59.406179
1363,app_opened,2026-04-17 22:54:59.406193
1363,account_created,2026-04-19 07:54:59.406193
1363,kyc_started,2026-04-21 23:54:59.406193
1363,kyc_completed,2026-04-26 13:54:59.406193
1364,app_opened,2026-03-04 12:54:59.406210
1364,account_created,2026-03-06 00:54:59.406210
1364,kyc_started,2026-03-06 01:54:59.406210
1365,app_opened,2026-03-05 02:54:59.406224
1365,account_created,2026-03-05 00:54:59.406224
1366,app_opened,2026-03-07 01:54:59.406234
1366,account_created,2026-03-06 11:54:59.406234
1366,kyc_started,2026-03-07 09:54:59.406234
1367,app_opened,2026-03-15 16:54:59.406248
1367,account_created,2026-03-16 08:54:59.406248
1368,app_opened,2026-03-16 20:54:59.406258
1369,app_opened,2026-03-22 00:54:59.406265
1369,account_created,2026-03-22 08:54:59.406265
1370,app_opened,2026-03-28 06:54:59.406275
1370,account_created,2026-03-28 19:54:59.406275
1371,app_opened,2026-04-10 18:54:59.406286
1371,account_created,2026-04-11 03:54:59.406286
1371,kyc_started,2026-04-11 04:54:59.406286
1372,app_opened,2026-03-12 21:54:59.406302
1372,account_created,2026-03-13 04:54:59.406302
1373,app_opened,2026-03-08 01:54:59.406312
1373,account_created,2026-03-07 11:54:59.406312
1374,app_opened,2026-03-10 00:54:59.406322
1374,account_created,2026-03-09 09:54:59.406322
1374,kyc_started,2026-03-11 04:54:59.406322
1374,kyc_completed,2026-03-12 17:54:59.406322
1374,deposit_made,2026-03-14 16:54:59.406322
1374,transaction_made,2026-03-15 04:54:59.406322
1374,credit_product_viewed,2026-03-22 04:54:59.406322
1374,credit_application_started,2026-03-23 12:54:59.406322
1374,credit_application_completed,2026-03-24 05:54:59.406322
1375,app_opened,2026-03-16 13:54:59.406368
1375,account_created,2026-03-17 16:54:59.406368
1375,kyc_started,2026-03-19 01:54:59.406368
1375,kyc_completed,2026-03-22 03:54:59.406368
1375,deposit_made,2026-03-23 03:54:59.406368
1375,transaction_made,2026-03-23 09:54:59.406368
1376,app_opened,2026-03-31 12:54:59.406392
1377,app_opened,2026-03-06 23:54:59.406399
1377,account_created,2026-03-07 07:54:59.406399
1378,app_opened,2026-04-17 20:54:59.406409
1379,app_opened,2026-03-03 15:54:59.406416
1379,account_created,2026-03-04 03:54:59.406416
1379,kyc_started,2026-03-06 06:54:59.406416
1379,kyc_completed,2026-03-09 00:54:59.406416
1380,app_opened,2026-04-08 06:54:59.406433
1380,account_created,2026-04-08 15:54:59.406433
1381,app_opened,2026-03-31 12:54:59.406446
1381,account_created,2026-04-01 20:54:59.406446
1381,kyc_started,2026-04-02 13:54:59.406446
1381,kyc_completed,2026-04-05 16:54:59.406446
1382,app_opened,2026-03-24 13:54:59.406464
1382,account_created,2026-03-24 15:54:59.406464
1383,app_opened,2026-04-09 13:54:59.406474
1383,account_created,2026-04-09 09:54:59.406474
1384,app_opened,2026-04-02 10:54:59.406487
1384,account_created,2026-04-03 06:54:59.406487
1384,kyc_started,2026-04-03 08:54:59.406487
1384,kyc_completed,2026-04-05 21:54:59.406487
1384,deposit_made,2026-04-06 03:54:59.406487
1384,transaction_made,2026-04-06 11:54:59.406487
1385,app_opened,2026-03-16 14:54:59.406511
1385,account_created,2026-03-16 16:54:59.406511
1386,app_opened,2026-03-04 16:54:59.406521
1386,account_created,2026-03-05 12:54:59.406521
1386,kyc_started,2026-03-06 02:54:59.406521
1387,app_opened,2026-03-17 04:54:59.406535
1387,account_created,2026-03-17 22:54:59.406535
1387,kyc_started,2026-03-18 18:54:59.406535
1387,kyc_completed,2026-03-20 10:54:59.406535
1387,deposit_made,2026-03-21 04:54:59.406535
1388,app_opened,2026-04-08 22:54:59.406555
1388,account_created,2026-04-08 21:54:59.406555
1388,kyc_started,2026-04-09 04:54:59.406555
1388,kyc_completed,2026-04-12 23:54:59.406555
1388,deposit_made,2026-04-14 16:54:59.406555
1389,app_opened,2026-04-03 19:54:59.406575
1389,account_created,2026-04-03 12:54:59.406575
1389,kyc_started,2026-04-03 19:54:59.406575
1389,kyc_completed,2026-04-06 05:54:59.406575
1389,deposit_made,2026-04-07 04:54:59.406575
1389,transaction_made,2026-04-07 12:54:59.406575
1390,app_opened,2026-04-14 14:54:59.406599
1390,account_created,2026-04-14 12:54:59.406599
1390,kyc_started,2026-04-16 06:54:59.406599
1390,kyc_completed,2026-04-19 18:54:59.406599
1390,deposit_made,2026-04-21 09:54:59.406599
1390,transaction_made,2026-04-21 15:54:59.406599
1390,credit_product_viewed,2026-04-29 15:54:59.406599
1390,credit_application_started,2026-04-30 15:54:59.406599
1390,credit_application_completed,2026-04-30 19:54:59.406599
1391,app_opened,2026-04-12 06:54:59.406633
1391,account_created,2026-04-12 20:54:59.406633
1392,app_opened,2026-04-09 19:54:59.406644
1392,account_created,2026-04-10 08:54:59.406644
1393,app_opened,2026-03-12 01:54:59.406654
1393,account_created,2026-03-12 00:54:59.406654
1393,kyc_started,2026-03-13 03:54:59.406654
1393,kyc_completed,2026-03-14 14:54:59.406654
1394,app_opened,2026-04-10 05:54:59.406671
1394,account_created,2026-04-09 16:54:59.406671
1394,kyc_started,2026-04-10 17:54:59.406671
1394,kyc_completed,2026-04-14 02:54:59.406671
1395,app_opened,2026-04-14 02:54:59.406690
1395,account_created,2026-04-14 04:54:59.406690
1396,app_opened,2026-04-06 02:54:59.406701
1396,account_created,2026-04-05 11:54:59.406701
1396,kyc_started,2026-04-07 17:54:59.406701
1396,kyc_completed,2026-04-10 01:54:59.406701
1397,app_opened,2026-03-13 20:54:59.406717
1398,app_opened,2026-03-21 05:54:59.406727
1398,account_created,2026-03-21 12:54:59.406727
1398,kyc_started,2026-03-23 18:54:59.406727
1398,kyc_completed,2026-03-27 10:54:59.406727
1399,app_opened,2026-04-08 04:54:59.406744
1399,account_created,2026-04-07 17:54:59.406744
1399,kyc_started,2026-04-08 01:54:59.406744
1400,app_opened,2026-03-04 15:54:59.406758
1400,account_created,2026-03-05 10:54:59.406758
1400,kyc_started,2026-03-08 07:54:59.406758
1401,app_opened,2026-04-13 14:54:59.406774
1401,account_created,2026-04-14 17:54:59.406774
1401,kyc_started,2026-04-16 19:54:59.406774
1401,kyc_completed,2026-04-19 05:54:59.406774
1401,deposit_made,2026-04-19 06:54:59.406774
1401,transaction_made,2026-04-19 13:54:59.406774
1402,app_opened,2026-04-18 01:54:59.406797
1402,account_created,2026-04-19 06:54:59.406797
1403,app_opened,2026-04-01 18:54:59.406811
1404,app_opened,2026-03-31 07:54:59.406818
1404,account_created,2026-03-30 16:54:59.406818
1404,kyc_started,2026-03-30 22:54:59.406818
1404,kyc_completed,2026-04-02 11:54:59.406818
1404,deposit_made,2026-04-02 21:54:59.406818
1405,app_opened,2026-03-31 13:54:59.406845
1405,account_created,2026-03-31 12:54:59.406845
1405,kyc_started,2026-04-01 20:54:59.406845
1406,app_opened,2026-04-05 02:54:59.406859
1406,account_created,2026-04-06 02:54:59.406859
1406,kyc_started,2026-04-08 02:54:59.406859
1406,kyc_completed,2026-04-12 20:54:59.406859
1407,app_opened,2026-04-02 08:54:59.406876
1407,account_created,2026-04-03 00:54:59.406876
1407,kyc_started,2026-04-03 08:54:59.406876
1408,app_opened,2026-04-17 20:54:59.406889
1408,account_created,2026-04-18 02:54:59.406889
1408,kyc_started,2026-04-18 05:54:59.406889
1408,kyc_completed,2026-04-22 07:54:59.406889
1408,deposit_made,2026-04-24 07:54:59.406889
1408,transaction_made,2026-04-25 04:54:59.406889
1408,credit_product_viewed,2026-05-06 04:54:59.406889
1408,credit_application_started,2026-05-07 21:54:59.406889
1408,credit_application_cancelled,2026-05-08 04:54:59.406889
1409,app_opened,2026-03-20 16:54:59.406925
1409,account_created,2026-03-20 22:54:59.406925
1409,kyc_started,2026-03-23 01:54:59.406925
1409,kyc_completed,2026-03-25 06:54:59.406925
1410,app_opened,2026-03-21 20:54:59.406944
1410,account_created,2026-03-22 15:54:59.406944
1410,kyc_started,2026-03-23 15:54:59.406944
1410,kyc_completed,2026-03-25 13:54:59.406944
1410,deposit_made,2026-03-26 21:54:59.406944
1411,app_opened,2026-04-07 05:54:59.406964
1411,account_created,2026-04-07 04:54:59.406964
1411,kyc_started,2026-04-08 03:54:59.406964
1412,app_opened,2026-03-06 04:54:59.406978
1412,account_created,2026-03-05 18:54:59.406978
1412,kyc_started,2026-03-07 02:54:59.406978
1412,kyc_completed,2026-03-11 12:54:59.406978
1413,app_opened,2026-04-12 08:54:59.406994
1413,account_created,2026-04-13 07:54:59.406994
1414,app_opened,2026-04-18 04:54:59.407005
1414,account_created,2026-04-18 09:54:59.407005
1414,kyc_started,2026-04-18 11:54:59.407005
1415,app_opened,2026-03-07 10:54:59.407023
1415,account_created,2026-03-07 14:54:59.407023
1415,kyc_started,2026-03-07 16:54:59.407023
1416,app_opened,2026-04-17 12:54:59.407037
1416,account_created,2026-04-18 06:54:59.407037
1417,app_opened,2026-04-12 15:54:59.407047
1417,account_created,2026-04-13 21:54:59.407047
1418,app_opened,2026-04-07 18:54:59.407058
1418,account_created,2026-04-07 18:54:59.407058
1418,kyc_started,2026-04-10 16:54:59.407058
1419,app_opened,2026-03-09 02:54:59.407073
1419,account_created,2026-03-08 11:54:59.407073
1419,kyc_started,2026-03-10 01:54:59.407073
1419,kyc_completed,2026-03-13 06:54:59.407073
1419,deposit_made,2026-03-13 21:54:59.407073
1419,transaction_made,2026-03-14 11:54:59.407073
1420,app_opened,2026-03-27 05:54:59.407099
1420,account_created,2026-03-28 04:54:59.407099
1420,kyc_started,2026-03-28 19:54:59.407099
1420,kyc_completed,2026-03-30 09:54:59.407099
1420,deposit_made,2026-03-31 04:54:59.407099
1420,transaction_made,2026-04-01 00:54:59.407099
1421,app_opened,2026-03-25 11:54:59.407123
1422,app_opened,2026-03-10 13:54:59.407130
1422,account_created,2026-03-11 18:54:59.407130
1422,kyc_started,2026-03-12 18:54:59.407130
1423,app_opened,2026-04-09 06:54:59.407144
1423,account_created,2026-04-10 00:54:59.407144
1424,app_opened,2026-03-26 12:54:59.407154
1424,account_created,2026-03-27 16:54:59.407154
1424,kyc_started,2026-03-29 02:54:59.407154
1425,app_opened,2026-03-03 11:54:59.407168
1425,account_created,2026-03-03 18:54:59.407168
1426,app_opened,2026-04-08 19:54:59.407178
1426,account_created,2026-04-09 13:54:59.407178
1427,app_opened,2026-03-18 11:54:59.407188
1427,account_created,2026-03-19 12:54:59.407188
1428,app_opened,2026-03-31 13:54:59.407199
1428,account_created,2026-03-31 17:54:59.407199
1428,kyc_started,2026-04-02 19:54:59.407199
1428,kyc_completed,2026-04-06 10:54:59.407199
1428,deposit_made,2026-04-08 07:54:59.407199
1429,app_opened,2026-03-11 05:54:59.407222
1429,account_created,2026-03-12 02:54:59.407222
1430,app_opened,2026-03-24 22:54:59.407232
1430,account_created,2026-03-25 19:54:59.407232
1430,kyc_started,2026-03-28 16:54:59.407232
1430,kyc_completed,2026-03-30 21:54:59.407232
1430,deposit_made,2026-04-01 11:54:59.407232
1430,transaction_made,2026-04-02 04:54:59.407232
1431,app_opened,2026-03-05 08:54:59.407256
1431,account_created,2026-03-04 14:54:59.407256
1431,kyc_started,2026-03-04 15:54:59.407256
1431,kyc_completed,2026-03-05 17:54:59.407256
1431,deposit_made,2026-03-07 00:54:59.407256
1432,app_opened,2026-04-10 10:54:59.407276
1433,app_opened,2026-03-25 13:54:59.407283
1433,account_created,2026-03-25 18:54:59.407283
1434,app_opened,2026-03-13 22:54:59.407293
1434,account_created,2026-03-13 23:54:59.407293
1434,kyc_started,2026-03-14 17:54:59.407293
1434,kyc_completed,2026-03-19 10:54:59.407293
1435,app_opened,2026-03-25 08:54:59.407311
1435,account_created,2026-03-25 12:54:59.407311
1435,kyc_started,2026-03-26 02:54:59.407311
1436,app_opened,2026-04-14 00:54:59.407327
1436,account_created,2026-04-13 19:54:59.407327
1436,kyc_started,2026-04-15 18:54:59.407327
1436,kyc_completed,2026-04-18 01:54:59.407327
1436,deposit_made,2026-04-19 14:54:59.407327
1437,app_opened,2026-03-22 13:54:59.407376
1437,account_created,2026-03-23 15:54:59.407376
1438,app_opened,2026-03-16 07:54:59.407390
1439,app_opened,2026-03-18 22:54:59.407396
1439,account_created,2026-03-19 13:54:59.407396
1440,app_opened,2026-03-04 09:54:59.407407
1440,account_created,2026-03-04 18:54:59.407407
1440,kyc_started,2026-03-04 23:54:59.407407
1441,app_opened,2026-04-07 01:54:59.407420
1441,account_created,2026-04-07 10:54:59.407420
1442,app_opened,2026-03-05 23:54:59.407430
1442,account_created,2026-03-06 01:54:59.407430
1443,app_opened,2026-03-16 18:54:59.407441
1443,account_created,2026-03-17 12:54:59.407441
1444,app_opened,2026-03-31 11:54:59.407451
1444,account_created,2026-03-31 17:54:59.407451
1445,app_opened,2026-03-24 04:54:59.407460
1445,account_created,2026-03-24 10:54:59.407460
1445,kyc_started,2026-03-27 10:54:59.407460
1446,app_opened,2026-04-14 07:54:59.407474
1446,account_created,2026-04-14 05:54:59.407474
1446,kyc_started,2026-04-16 09:54:59.407474
1447,app_opened,2026-04-07 10:54:59.407488
1447,account_created,2026-04-09 02:54:59.407488
1447,kyc_started,2026-04-10 13:54:59.407488
1447,kyc_completed,2026-04-11 22:54:59.407488
1447,deposit_made,2026-04-12 20:54:59.407488
1447,transaction_made,2026-04-13 06:54:59.407488
1447,credit_product_viewed,2026-04-15 06:54:59.407488
1447,credit_application_started,2026-04-15 11:54:59.407488
1447,credit_application_completed,2026-04-15 12:54:59.407488
1448,app_opened,2026-03-29 15:54:59.407524
1448,account_created,2026-03-31 01:54:59.407524
1449,app_opened,2026-04-02 17:54:59.407536
1449,account_created,2026-04-03 21:54:59.407536
1449,kyc_started,2026-04-06 11:54:59.407536
1449,kyc_completed,2026-04-09 03:54:59.407536
1449,deposit_made,2026-04-09 23:54:59.407536
1449,transaction_made,2026-04-10 11:54:59.407536
1450,app_opened,2026-03-24 01:54:59.407560
1450,account_created,2026-03-24 10:54:59.407560
1451,app_opened,2026-04-10 07:54:59.407571
1451,account_created,2026-04-10 06:54:59.407571
1451,kyc_started,2026-04-12 23:54:59.407571
1451,kyc_completed,2026-04-14 18:54:59.407571
1451,deposit_made,2026-04-15 19:54:59.407571
1451,transaction_made,2026-04-15 21:54:59.407571
1451,credit_product_viewed,2026-04-18 21:54:59.407571
1451,credit_application_started,2026-04-20 17:54:59.407571
1451,credit_application_cancelled,2026-04-21 14:54:59.407571
1452,app_opened,2026-04-13 07:54:59.407604
1452,account_created,2026-04-12 22:54:59.407604
1453,app_opened,2026-03-07 13:54:59.407614
1453,account_created,2026-03-07 19:54:59.407614
1454,app_opened,2026-03-17 01:54:59.407624
1455,app_opened,2026-03-11 05:54:59.407631
1455,account_created,2026-03-11 06:54:59.407631
1455,kyc_started,2026-03-11 23:54:59.407631
1455,kyc_completed,2026-03-14 21:54:59.407631
1456,app_opened,2026-03-21 10:54:59.407651
1457,app_opened,2026-03-05 21:54:59.407658
1457,account_created,2026-03-07 00:54:59.407658
1457,kyc_started,2026-03-07 20:54:59.407658
1457,kyc_completed,2026-03-11 11:54:59.407658
1457,deposit_made,2026-03-11 12:54:59.407658
1457,transaction_made,2026-03-11 22:54:59.407658
1458,app_opened,2026-04-13 00:54:59.407685
1458,account_created,2026-04-13 05:54:59.407685
1458,kyc_started,2026-04-14 19:54:59.407685
1458,kyc_completed,2026-04-17 06:54:59.407685
1459,app_opened,2026-03-26 11:54:59.407702
1459,account_created,2026-03-28 06:54:59.407702
1460,app_opened,2026-04-02 00:54:59.407714
1461,app_opened,2026-03-21 05:54:59.407721
1462,app_opened,2026-04-11 03:54:59.407728
1462,account_created,2026-04-11 08:54:59.407728
1463,app_opened,2026-03-23 22:54:59.407738
1464,app_opened,2026-03-05 13:54:59.407748
1464,account_created,2026-03-06 17:54:59.407748
1465,app_opened,2026-03-28 20:54:59.407758
1465,account_created,2026-03-29 11:54:59.407758
1465,kyc_started,2026-03-30 21:54:59.407758
1466,app_opened,2026-03-05 10:54:59.407771
1466,account_created,2026-03-07 02:54:59.407771
1466,kyc_started,2026-03-08 10:54:59.407771
1467,app_opened,2026-03-13 09:54:59.407785
1467,account_created,2026-03-13 15:54:59.407785
1467,kyc_started,2026-03-14 12:54:59.407785
1467,kyc_completed,2026-03-15 21:54:59.407785
1467,deposit_made,2026-03-17 03:54:59.407785
1467,transaction_made,2026-03-17 15:54:59.407785
1468,app_opened,2026-03-08 02:54:59.407809
1469,app_opened,2026-03-19 12:54:59.407815
1469,account_created,2026-03-21 07:54:59.407815
1469,kyc_started,2026-03-23 10:54:59.407815
1470,app_opened,2026-04-05 21:54:59.407829
1470,account_created,2026-04-06 05:54:59.407829
1470,kyc_started,2026-04-08 20:54:59.407829
1470,kyc_completed,2026-04-13 18:54:59.407829
1470,deposit_made,2026-04-14 12:54:59.407829
1470,transaction_made,2026-04-15 06:54:59.407829
1470,credit_product_viewed,2026-04-23 06:54:59.407829
1470,credit_application_started,2026-04-23 16:54:59.407829
1470,credit_application_cancelled,2026-04-24 03:54:59.407829
1471,app_opened,2026-03-12 10:54:59.407872
1472,app_opened,2026-03-24 10:54:59.407878
1473,app_opened,2026-03-25 22:54:59.407885
1474,app_opened,2026-04-04 10:54:59.407892
1474,account_created,2026-04-04 10:54:59.407892
1475,app_opened,2026-03-05 22:54:59.407903
1475,account_created,2026-03-07 01:54:59.407903
1475,kyc_started,2026-03-07 20:54:59.407903
1475,kyc_completed,2026-03-10 23:54:59.407903
1475,deposit_made,2026-03-12 21:54:59.407903
1475,transaction_made,2026-03-13 11:54:59.407903
1476,app_opened,2026-03-06 17:54:59.407929
1476,account_created,2026-03-06 12:54:59.407929
1476,kyc_started,2026-03-08 19:54:59.407929
1476,kyc_completed,2026-03-13 19:54:59.407929
1476,deposit_made,2026-03-14 08:54:59.407929
1476,transaction_made,2026-03-14 22:54:59.407929
1477,app_opened,2026-03-15 07:54:59.407955
1477,account_created,2026-03-16 05:54:59.407955
1477,kyc_started,2026-03-18 07:54:59.407955
1478,app_opened,2026-03-14 04:54:59.407968
1478,account_created,2026-03-15 07:54:59.407968
1478,kyc_started,2026-03-16 02:54:59.407968
1478,kyc_completed,2026-03-20 23:54:59.407968
1479,app_opened,2026-03-28 09:54:59.407986
1479,account_created,2026-03-29 14:54:59.407986
1480,app_opened,2026-03-17 19:54:59.408003
1480,account_created,2026-03-19 04:54:59.408003
1480,kyc_started,2026-03-21 23:54:59.408003
1481,app_opened,2026-03-20 13:54:59.408017
1481,account_created,2026-03-22 01:54:59.408017
1482,app_opened,2026-04-11 10:54:59.408028
1482,account_created,2026-04-11 21:54:59.408028
1482,kyc_started,2026-04-14 19:54:59.408028
1483,app_opened,2026-03-10 21:54:59.408041
1483,account_created,2026-03-10 22:54:59.408041
1484,app_opened,2026-03-06 03:54:59.408051
1485,app_opened,2026-03-25 20:54:59.408058
1485,account_created,2026-03-26 04:54:59.408058
1485,kyc_started,2026-03-26 20:54:59.408058
1486,app_opened,2026-03-07 23:54:59.408072
1486,account_created,2026-03-08 07:54:59.408072
1486,kyc_started,2026-03-11 05:54:59.408072
1486,kyc_completed,2026-03-13 23:54:59.408072
1486,deposit_made,2026-03-14 11:54:59.408072
1486,transaction_made,2026-03-14 23:54:59.408072
1486,credit_product_viewed,2026-03-24 23:54:59.408072
1486,credit_application_started,2026-03-25 10:54:59.408072
1486,credit_application_cancelled,2026-03-25 23:54:59.408072
1487,app_opened,2026-03-31 06:54:59.408104
1487,account_created,2026-03-31 12:54:59.408104
1487,kyc_started,2026-04-01 01:54:59.408104
1488,app_opened,2026-04-11 11:54:59.408119
1488,account_created,2026-04-13 00:54:59.408119
1489,app_opened,2026-04-12 00:54:59.408129
1489,account_created,2026-04-13 00:54:59.408129
1490,app_opened,2026-04-12 05:54:59.408141
1490,account_created,2026-04-12 22:54:59.408141
1491,app_opened,2026-03-06 18:54:59.408152
1492,app_opened,2026-04-04 16:54:59.408158
1492,account_created,2026-04-05 20:54:59.408158
1492,kyc_started,2026-04-06 22:54:59.408158
1493,app_opened,2026-04-10 20:54:59.408172
1494,app_opened,2026-03-19 22:54:59.408179
1495,app_opened,2026-03-08 07:54:59.408185
1495,account_created,2026-03-08 10:54:59.408185
1495,kyc_started,2026-03-10 10:54:59.408185
1496,app_opened,2026-03-16 18:54:59.408199
1496,account_created,2026-03-18 03:54:59.408199
1496,kyc_started,2026-03-20 09:54:59.408199
1497,app_opened,2026-04-17 22:54:59.408213
1497,account_created,2026-04-17 10:54:59.408213
1497,kyc_started,2026-04-19 10:54:59.408213
1498,app_opened,2026-03-16 08:54:59.408226
1498,account_created,2026-03-16 06:54:59.408226
1498,kyc_started,2026-03-18 14:54:59.408226
1498,kyc_completed,2026-03-21 16:54:59.408226
1498,deposit_made,2026-03-23 10:54:59.408226
1498,transaction_made,2026-03-23 12:54:59.408226
1499,app_opened,2026-03-12 22:54:59.408251
1499,account_created,2026-03-14 01:54:59.408251
1499,kyc_started,2026-03-15 00:54:59.408251
1499,kyc_completed,2026-03-17 16:54:59.408251
1500,app_opened,2026-03-21 16:54:59.408272
1500,account_created,2026-03-21 17:54:59.408272
1500,kyc_started,2026-03-23 20:54:59.408272
1501,app_opened,2026-03-08 17:54:59.408286
1501,account_created,2026-03-08 19:54:59.408286
1502,app_opened,2026-04-04 11:54:59.408298
1502,account_created,2026-04-05 12:54:59.408298
1502,kyc_started,2026-04-06 08:54:59.408298
1502,kyc_completed,2026-04-11 02:54:59.408298
1503,app_opened,2026-04-13 03:54:59.408315
1503,account_created,2026-04-14 08:54:59.408315
1504,app_opened,2026-03-20 05:54:59.408326
1504,account_created,2026-03-20 07:54:59.408326
1504,kyc_started,2026-03-21 12:54:59.408326
1504,kyc_completed,2026-03-25 08:54:59.408326
1505,app_opened,2026-03-24 17:54:59.408353
1505,account_created,2026-03-25 02:54:59.408353
1505,kyc_started,2026-03-25 21:54:59.408353
1506,app_opened,2026-03-09 03:54:59.408366
1507,app_opened,2026-04-10 23:54:59.408373
1508,app_opened,2026-04-10 12:54:59.408379
1508,account_created,2026-04-11 01:54:59.408379
1509,app_opened,2026-04-12 11:54:59.408390
1509,account_created,2026-04-13 08:54:59.408390
1510,app_opened,2026-04-04 21:54:59.408400
1510,account_created,2026-04-04 10:54:59.408400
1510,kyc_started,2026-04-07 01:54:59.408400
1511,app_opened,2026-04-13 15:54:59.408413
1511,account_created,2026-04-14 09:54:59.408413
1512,app_opened,2026-03-08 23:54:59.408423
1512,account_created,2026-03-08 20:54:59.408423
1512,kyc_started,2026-03-09 19:54:59.408423
1513,app_opened,2026-03-09 04:54:59.408437
1514,app_opened,2026-04-10 19:54:59.408444
1515,app_opened,2026-03-19 04:54:59.408451
1515,account_created,2026-03-18 09:54:59.408451
1515,kyc_started,2026-03-19 18:54:59.408451
1516,app_opened,2026-04-06 04:54:59.408467
1516,account_created,2026-04-05 10:54:59.408467
1516,kyc_started,2026-04-06 06:54:59.408467
1516,kyc_completed,2026-04-09 04:54:59.408467
1516,deposit_made,2026-04-09 18:54:59.408467
1516,transaction_made,2026-04-09 23:54:59.408467
1516,credit_product_viewed,2026-04-21 23:54:59.408467
1516,credit_application_started,2026-04-23 20:54:59.408467
1516,credit_application_cancelled,2026-04-24 05:54:59.408467
1517,app_opened,2026-04-01 00:54:59.408500
1517,account_created,2026-03-31 14:54:59.408500
1517,kyc_started,2026-04-03 13:54:59.408500
1518,app_opened,2026-03-20 08:54:59.408515
1518,account_created,2026-03-20 12:54:59.408515
1518,kyc_started,2026-03-22 16:54:59.408515
1519,app_opened,2026-04-01 14:54:59.408528
1519,account_created,2026-04-03 06:54:59.408528
1519,kyc_started,2026-04-05 09:54:59.408528
1519,kyc_completed,2026-04-09 12:54:59.408528
1519,deposit_made,2026-04-10 02:54:59.408528
1520,app_opened,2026-03-17 22:54:59.408549
1521,app_opened,2026-03-22 04:54:59.408556
1521,account_created,2026-03-22 05:54:59.408556
1521,kyc_started,2026-03-24 07:54:59.408556
1521,kyc_completed,2026-03-28 07:54:59.408556
1521,deposit_made,2026-03-30 00:54:59.408556
1522,app_opened,2026-03-20 14:54:59.408644
1523,app_opened,2026-03-16 17:54:59.408653
1523,account_created,2026-03-17 03:54:59.408653
1523,kyc_started,2026-03-19 23:54:59.408653
1523,kyc_completed,2026-03-21 02:54:59.408653
1523,deposit_made,2026-03-21 23:54:59.408653
1523,transaction_made,2026-03-22 05:54:59.408653
1524,app_opened,2026-04-13 15:54:59.408681
1524,account_created,2026-04-14 08:54:59.408681
1524,kyc_started,2026-04-16 01:54:59.408681
1524,kyc_completed,2026-04-18 17:54:59.408681
1525,app_opened,2026-03-03 19:54:59.408698
1525,account_created,2026-03-04 21:54:59.408698
1526,app_opened,2026-04-04 02:54:59.408708
1526,account_created,2026-04-04 03:54:59.408708
1526,kyc_started,2026-04-06 23:54:59.408708
1526,kyc_completed,2026-04-10 22:54:59.408708
1526,deposit_made,2026-04-12 13:54:59.408708
1527,app_opened,2026-03-06 11:54:59.408729
1527,account_created,2026-03-08 02:54:59.408729
1527,kyc_started,2026-03-10 10:54:59.408729
1527,kyc_completed,2026-03-13 02:54:59.408729
1527,deposit_made,2026-03-13 06:54:59.408729
1528,app_opened,2026-03-17 10:54:59.408748
1529,app_opened,2026-03-22 12:54:59.408755
1529,account_created,2026-03-22 19:54:59.408755
1529,kyc_started,2026-03-24 21:54:59.408755
1529,kyc_completed,2026-03-25 23:54:59.408755
1529,deposit_made,2026-03-27 17:54:59.408755
1529,transaction_made,2026-03-28 12:54:59.408755
1530,app_opened,2026-03-19 18:54:59.408781
1530,account_created,2026-03-20 10:54:59.408781
1530,kyc_started,2026-03-23 07:54:59.408781
1531,app_opened,2026-04-15 19:54:59.408795
1531,account_created,2026-04-15 13:54:59.408795
1531,kyc_started,2026-04-17 19:54:59.408795
1532,app_opened,2026-03-31 19:54:59.408811
1532,account_created,2026-04-01 10:54:59.408811
1532,kyc_started,2026-04-03 03:54:59.408811
1532,kyc_completed,2026-04-04 09:54:59.408811
1532,deposit_made,2026-04-06 06:54:59.408811
1533,app_opened,2026-03-18 05:54:59.408834
1534,app_opened,2026-04-10 20:54:59.408847
1535,app_opened,2026-04-11 09:54:59.408854
1535,account_created,2026-04-11 09:54:59.408854
1535,kyc_started,2026-04-13 03:54:59.408854
1536,app_opened,2026-03-21 16:54:59.408867
1536,account_created,2026-03-21 21:54:59.408867
1537,app_opened,2026-03-26 02:54:59.408878
1538,app_opened,2026-03-04 10:54:59.408885
1538,account_created,2026-03-04 11:54:59.408885
1538,kyc_started,2026-03-06 02:54:59.408885
1538,kyc_completed,2026-03-08 20:54:59.408885
1539,app_opened,2026-03-24 17:54:59.408902
1539,account_created,2026-03-24 17:54:59.408902
1539,kyc_started,2026-03-25 09:54:59.408902
1539,kyc_completed,2026-03-27 03:54:59.408902
1540,app_opened,2026-03-23 05:54:59.408919
1540,account_created,2026-03-22 16:54:59.408919
1540,kyc_started,2026-03-23 23:54:59.408919
1540,kyc_completed,2026-03-28 11:54:59.408919
1540,deposit_made,2026-03-29 05:54:59.408919
1540,transaction_made,2026-03-30 05:54:59.408919
1541,app_opened,2026-04-12 17:54:59.408945
1541,account_created,2026-04-14 06:54:59.408945
1541,kyc_started,2026-04-17 06:54:59.408945
1542,app_opened,2026-04-03 06:54:59.408959
1542,account_created,2026-04-02 22:54:59.408959
1542,kyc_started,2026-04-03 08:54:59.408959
1543,app_opened,2026-04-14 15:54:59.408975
1543,account_created,2026-04-14 22:54:59.408975
1543,kyc_started,2026-04-17 00:54:59.408975
1543,kyc_completed,2026-04-18 13:54:59.408975
1543,deposit_made,2026-04-20 03:54:59.408975
1543,transaction_made,2026-04-20 20:54:59.408975
1544,app_opened,2026-03-30 07:54:59.408998
1544,account_created,2026-03-29 18:54:59.408998
1545,app_opened,2026-04-11 13:54:59.409008
1545,account_created,2026-04-12 08:54:59.409008
1545,kyc_started,2026-04-14 18:54:59.409008
1546,app_opened,2026-03-16 15:54:59.409022
1546,account_created,2026-03-16 21:54:59.409022
1546,kyc_started,2026-03-19 04:54:59.409022
1546,kyc_completed,2026-03-21 19:54:59.409022
1547,app_opened,2026-03-13 05:54:59.409038
1547,account_created,2026-03-13 14:54:59.409038
1548,app_opened,2026-04-10 16:54:59.409049
1548,account_created,2026-04-11 14:54:59.409049
1548,kyc_started,2026-04-11 18:54:59.409049
1548,kyc_completed,2026-04-15 13:54:59.409049
1548,deposit_made,2026-04-16 06:54:59.409049
1548,transaction_made,2026-04-17 00:54:59.409049
1548,credit_product_viewed,2026-04-24 00:54:59.409049
1548,credit_application_started,2026-04-24 14:54:59.409049
1548,credit_application_completed,2026-04-25 07:54:59.409049
1549,app_opened,2026-03-22 01:54:59.409081
1549,account_created,2026-03-22 13:54:59.409081
1549,kyc_started,2026-03-23 02:54:59.409081
1549,kyc_completed,2026-03-26 02:54:59.409081
1550,app_opened,2026-03-21 15:54:59.409098
1550,account_created,2026-03-22 10:54:59.409098
1550,kyc_started,2026-03-23 22:54:59.409098
1550,kyc_completed,2026-03-27 13:54:59.409098
1551,app_opened,2026-04-12 06:54:59.409117
1551,account_created,2026-04-12 00:54:59.409117
1552,app_opened,2026-04-03 12:54:59.409127
1552,account_created,2026-04-03 11:54:59.409127
1552,kyc_started,2026-04-04 18:54:59.409127
1552,kyc_completed,2026-04-06 06:54:59.409127
1552,deposit_made,2026-04-07 22:54:59.409127
1552,transaction_made,2026-04-08 11:54:59.409127
1553,app_opened,2026-04-11 16:54:59.409151
1553,account_created,2026-04-13 05:54:59.409151
1553,kyc_started,2026-04-14 08:54:59.409151
1553,kyc_completed,2026-04-16 10:54:59.409151
1553,deposit_made,2026-04-17 05:54:59.409151
1553,transaction_made,2026-04-17 15:54:59.409151
1554,app_opened,2026-04-11 14:54:59.409174
1554,account_created,2026-04-13 05:54:59.409174
1554,kyc_started,2026-04-14 21:54:59.409174
1555,app_opened,2026-03-04 16:54:59.409191
1555,account_created,2026-03-06 04:54:59.409191
1555,kyc_started,2026-03-07 04:54:59.409191
1555,kyc_completed,2026-03-10 14:54:59.409191
1555,deposit_made,2026-03-10 15:54:59.409191
1555,transaction_made,2026-03-11 05:54:59.409191
1556,app_opened,2026-04-06 17:54:59.409217
1557,app_opened,2026-04-08 06:54:59.409224
1557,account_created,2026-04-07 09:54:59.409224
1557,kyc_started,2026-04-09 22:54:59.409224
1557,kyc_completed,2026-04-13 12:54:59.409224
1558,app_opened,2026-03-18 12:54:59.409241
1558,account_created,2026-03-18 10:54:59.409241
1558,kyc_started,2026-03-20 00:54:59.409241
1559,app_opened,2026-03-16 01:54:59.409257
1559,account_created,2026-03-15 18:54:59.409257
1560,app_opened,2026-04-11 18:54:59.409267
1560,account_created,2026-04-12 06:54:59.409267
1560,kyc_started,2026-04-14 03:54:59.409267
1561,app_opened,2026-04-02 06:54:59.409280
1561,account_created,2026-04-02 08:54:59.409280
1561,kyc_started,2026-04-04 06:54:59.409280
1561,kyc_completed,2026-04-07 00:54:59.409280
1562,app_opened,2026-03-07 04:54:59.409296
1562,account_created,2026-03-07 02:54:59.409296
1562,kyc_started,2026-03-07 05:54:59.409296
1562,kyc_completed,2026-03-10 09:54:59.409296
1563,app_opened,2026-03-06 13:54:59.409314
1563,account_created,2026-03-06 10:54:59.409314
1563,kyc_started,2026-03-08 18:54:59.409314
1563,kyc_completed,2026-03-13 17:54:59.409314
1563,deposit_made,2026-03-14 18:54:59.409314
1563,transaction_made,2026-03-15 03:54:59.409314
1564,app_opened,2026-03-06 02:54:59.409348
1565,app_opened,2026-03-21 01:54:59.409357
1565,account_created,2026-03-22 04:54:59.409357
1565,kyc_started,2026-03-23 23:54:59.409357
1565,kyc_completed,2026-03-27 04:54:59.409357
1566,app_opened,2026-03-31 18:54:59.409374
1566,account_created,2026-04-01 22:54:59.409374
1566,kyc_started,2026-04-03 18:54:59.409374
1567,app_opened,2026-04-10 22:54:59.409387
1567,account_created,2026-04-11 21:54:59.409387
1568,app_opened,2026-03-26 18:54:59.409398
1568,account_created,2026-03-26 09:54:59.409398
1568,kyc_started,2026-03-27 04:54:59.409398
1568,kyc_completed,2026-03-28 23:54:59.409398
1569,app_opened,2026-03-31 04:54:59.409419
1569,account_created,2026-03-30 19:54:59.409419
1569,kyc_started,2026-04-01 08:54:59.409419
1569,kyc_completed,2026-04-03 21:54:59.409419
1569,deposit_made,2026-04-04 00:54:59.409419
1569,transaction_made,2026-04-04 19:54:59.409419
1569,credit_product_viewed,2026-04-12 19:54:59.409419
1569,credit_application_started,2026-04-13 15:54:59.409419
1569,credit_application_completed,2026-04-14 03:54:59.409419
1570,app_opened,2026-03-06 09:54:59.409452
1570,account_created,2026-03-06 17:54:59.409452
1570,kyc_started,2026-03-08 06:54:59.409452
1571,app_opened,2026-03-17 06:54:59.409465
1572,app_opened,2026-03-13 13:54:59.409472
1573,app_opened,2026-03-03 17:54:59.409479
1573,account_created,2026-03-05 07:54:59.409479
1573,kyc_started,2026-03-05 18:54:59.409479
1573,kyc_completed,2026-03-06 22:54:59.409479
1573,deposit_made,2026-03-07 21:54:59.409479
1573,transaction_made,2026-03-08 19:54:59.409479
1574,app_opened,2026-03-21 21:54:59.409501
1575,app_opened,2026-04-11 17:54:59.409508
1576,app_opened,2026-03-10 18:54:59.409515
1576,account_created,2026-03-11 12:54:59.409515
1576,kyc_started,2026-03-13 06:54:59.409515
1577,app_opened,2026-04-10 06:54:59.409531
1577,account_created,2026-04-10 01:54:59.409531
1577,kyc_started,2026-04-13 00:54:59.409531
1577,kyc_completed,2026-04-15 15:54:59.409531
1577,deposit_made,2026-04-17 04:54:59.409531
1578,app_opened,2026-03-20 02:54:59.409553
1578,account_created,2026-03-20 12:54:59.409553
1578,kyc_started,2026-03-23 08:54:59.409553
1578,kyc_completed,2026-03-26 00:54:59.409553
1579,app_opened,2026-03-06 07:54:59.409570
1579,account_created,2026-03-06 07:54:59.409570
1579,kyc_started,2026-03-08 13:54:59.409570
1580,app_opened,2026-03-19 09:54:59.409586
1581,app_opened,2026-04-16 22:54:59.409593
1581,account_created,2026-04-16 17:54:59.409593
1581,kyc_started,2026-04-18 08:54:59.409593
1582,app_opened,2026-03-12 01:54:59.409606
1582,account_created,2026-03-13 00:54:59.409606
1582,kyc_started,2026-03-14 14:54:59.409606
1582,kyc_completed,2026-03-17 16:54:59.409606
1582,deposit_made,2026-03-19 11:54:59.409606
1582,transaction_made,2026-03-20 04:54:59.409606
1583,app_opened,2026-04-14 11:54:59.409630
1583,account_created,2026-04-16 02:54:59.409630
1583,kyc_started,2026-04-16 15:54:59.409630
1584,app_opened,2026-03-13 00:54:59.409644
1584,account_created,2026-03-12 12:54:59.409644
1584,kyc_started,2026-03-15 06:54:59.409644
1585,app_opened,2026-04-15 07:54:59.409657
1585,account_created,2026-04-14 18:54:59.409657
1585,kyc_started,2026-04-17 10:54:59.409657
1585,kyc_completed,2026-04-22 00:54:59.409657
1586,app_opened,2026-04-08 18:54:59.409674
1586,account_created,2026-04-10 07:54:59.409674
1587,app_opened,2026-04-18 00:54:59.409684
1587,account_created,2026-04-17 21:54:59.409684
1587,kyc_started,2026-04-17 22:54:59.409684
1587,kyc_completed,2026-04-19 13:54:59.409684
1588,app_opened,2026-04-02 15:54:59.409703
1588,account_created,2026-04-02 10:54:59.409703
1589,app_opened,2026-03-20 21:54:59.409713
1589,account_created,2026-03-20 16:54:59.409713
1589,kyc_started,2026-03-23 06:54:59.409713
1590,app_opened,2026-04-03 02:54:59.409727
1590,account_created,2026-04-04 00:54:59.409727
1590,kyc_started,2026-04-04 16:54:59.409727
1590,kyc_completed,2026-04-09 01:54:59.409727
1590,deposit_made,2026-04-09 11:54:59.409727
1591,app_opened,2026-03-06 16:54:59.409747
1591,account_created,2026-03-08 08:54:59.409747
1591,kyc_started,2026-03-09 10:54:59.409747
1591,kyc_completed,2026-03-11 23:54:59.409747
1591,deposit_made,2026-03-12 06:54:59.409747
1592,app_opened,2026-03-17 20:54:59.409808
1592,account_created,2026-03-18 10:54:59.409808
1592,kyc_started,2026-03-19 00:54:59.409808
1592,kyc_completed,2026-03-22 06:54:59.409808
1592,deposit_made,2026-03-23 01:54:59.409808
1592,transaction_made,2026-03-23 20:54:59.409808
1593,app_opened,2026-03-11 18:54:59.409832
1593,account_created,2026-03-13 02:54:59.409832
1594,app_opened,2026-03-09 23:54:59.409853
1594,account_created,2026-03-10 07:54:59.409853
1595,app_opened,2026-03-20 08:54:59.409866
1595,account_created,2026-03-19 09:54:59.409866
1596,app_opened,2026-03-27 01:54:59.409877
1597,app_opened,2026-03-16 15:54:59.409883
1597,account_created,2026-03-18 06:54:59.409883
1597,kyc_started,2026-03-21 00:54:59.409883
1597,kyc_completed,2026-03-25 11:54:59.409883
1597,deposit_made,2026-03-27 05:54:59.409883
1597,transaction_made,2026-03-27 16:54:59.409883
1598,app_opened,2026-04-09 17:54:59.409910
1598,account_created,2026-04-11 03:54:59.409910
1598,kyc_started,2026-04-13 06:54:59.409910
1598,kyc_completed,2026-04-17 16:54:59.409910
1598,deposit_made,2026-04-18 23:54:59.409910
1598,transaction_made,2026-04-19 05:54:59.409910
1599,app_opened,2026-03-17 06:54:59.409952
1599,account_created,2026-03-16 17:54:59.409952
1599,kyc_started,2026-03-18 14:54:59.409952
1599,kyc_completed,2026-03-21 17:54:59.409952
1599,deposit_made,2026-03-21 19:54:59.409952
1600,app_opened,2026-04-07 16:54:59.409973
1600,account_created,2026-04-07 15:54:59.409973
1600,kyc_started,2026-04-10 04:54:59.409973
1600,kyc_completed,2026-04-12 09:54:59.409973
1601,app_opened,2026-04-02 12:54:59.409990
1602,app_opened,2026-04-07 08:54:59.409997
1603,app_opened,2026-03-22 11:54:59.410004
1603,account_created,2026-03-23 01:54:59.410004
1603,kyc_started,2026-03-23 11:54:59.410004
1603,kyc_completed,2026-03-26 10:54:59.410004
1604,app_opened,2026-04-16 14:54:59.410021
1604,account_created,2026-04-18 05:54:59.410021
1604,kyc_started,2026-04-18 23:54:59.410021
1605,app_opened,2026-03-13 02:54:59.410034
1605,account_created,2026-03-13 01:54:59.410034
1605,kyc_started,2026-03-14 14:54:59.410034
1605,kyc_completed,2026-03-19 12:54:59.410034
1605,deposit_made,2026-03-20 22:54:59.410034
1606,app_opened,2026-04-05 11:54:59.410060
1606,account_created,2026-04-07 01:54:59.410060
1607,app_opened,2026-04-11 15:54:59.410070
1607,account_created,2026-04-11 17:54:59.410070
1608,app_opened,2026-03-25 22:54:59.410080
1608,account_created,2026-03-25 13:54:59.410080
1608,kyc_started,2026-03-28 09:54:59.410080
1608,kyc_completed,2026-03-30 11:54:59.410080
1609,app_opened,2026-03-19 01:54:59.410098
1609,account_created,2026-03-20 00:54:59.410098
1610,app_opened,2026-04-09 11:54:59.410108
1610,account_created,2026-04-11 01:54:59.410108
1610,kyc_started,2026-04-11 11:54:59.410108
1610,kyc_completed,2026-04-13 03:54:59.410108
1611,app_opened,2026-03-29 12:54:59.410125
1611,account_created,2026-03-29 23:54:59.410125
1611,kyc_started,2026-04-01 21:54:59.410125
1611,kyc_completed,2026-04-04 01:54:59.410125
1612,app_opened,2026-03-30 17:54:59.410142
1612,account_created,2026-03-31 07:54:59.410142
1612,kyc_started,2026-04-01 04:54:59.410142
1613,app_opened,2026-04-14 02:54:59.410155
1613,account_created,2026-04-14 18:54:59.410155
1614,app_opened,2026-03-16 18:54:59.410166
1614,account_created,2026-03-16 12:54:59.410166
1614,kyc_started,2026-03-17 03:54:59.410166
1614,kyc_completed,2026-03-19 12:54:59.410166
1615,app_opened,2026-04-15 19:54:59.410187
1615,account_created,2026-04-15 21:54:59.410187
1615,kyc_started,2026-04-16 05:54:59.410187
1615,kyc_completed,2026-04-20 03:54:59.410187
1616,app_opened,2026-03-28 06:54:59.410206
1617,app_opened,2026-04-14 16:54:59.410213
1617,account_created,2026-04-15 21:54:59.410213
1618,app_opened,2026-03-04 10:54:59.410223
1618,account_created,2026-03-04 13:54:59.410223
1619,app_opened,2026-03-11 08:54:59.410234
1619,account_created,2026-03-10 14:54:59.410234
1620,app_opened,2026-03-18 13:54:59.410244
1620,account_created,2026-03-18 11:54:59.410244
1620,kyc_started,2026-03-21 03:54:59.410244
1620,kyc_completed,2026-03-25 14:54:59.410244
1620,deposit_made,2026-03-26 21:54:59.410244
1620,transaction_made,2026-03-27 05:54:59.410244
1620,credit_product_viewed,2026-03-28 05:54:59.410244
1620,credit_application_started,2026-03-28 07:54:59.410244
1620,credit_application_cancelled,2026-03-28 14:54:59.410244
1621,app_opened,2026-03-15 04:54:59.410277
1622,app_opened,2026-03-06 06:54:59.410284
1622,account_created,2026-03-06 20:54:59.410284
1622,kyc_started,2026-03-08 22:54:59.410284
1623,app_opened,2026-03-04 13:54:59.410297
1623,account_created,2026-03-05 12:54:59.410297
1623,kyc_started,2026-03-06 03:54:59.410297
1623,kyc_completed,2026-03-10 09:54:59.410297
1624,app_opened,2026-03-25 20:54:59.410314
1624,account_created,2026-03-26 12:54:59.410314
1625,app_opened,2026-04-02 16:54:59.410324
1625,account_created,2026-04-02 09:54:59.410324
1625,kyc_started,2026-04-05 06:54:59.410324
1625,kyc_completed,2026-04-06 07:54:59.410324
1626,app_opened,2026-04-02 10:54:59.410349
1626,account_created,2026-04-02 17:54:59.410349
1626,kyc_started,2026-04-04 06:54:59.410349
1626,kyc_completed,2026-04-07 02:54:59.410349
1627,app_opened,2026-04-02 18:54:59.410369
1627,account_created,2026-04-03 10:54:59.410369
1627,kyc_started,2026-04-04 02:54:59.410369
1628,app_opened,2026-04-13 17:54:59.410382
1629,app_opened,2026-04-05 00:54:59.410389
1629,account_created,2026-04-05 07:54:59.410389
1630,app_opened,2026-04-03 23:54:59.410399
1630,account_created,2026-04-04 08:54:59.410399
1631,app_opened,2026-03-31 05:54:59.410410
1631,account_created,2026-03-31 02:54:59.410410
1631,kyc_started,2026-04-03 00:54:59.410410
1631,kyc_completed,2026-04-04 06:54:59.410410
1631,deposit_made,2026-04-05 09:54:59.410410
1631,transaction_made,2026-04-06 05:54:59.410410
1632,app_opened,2026-04-12 15:54:59.410432
1633,app_opened,2026-03-15 16:54:59.410439
1633,account_created,2026-03-16 20:54:59.410439
1633,kyc_started,2026-03-18 20:54:59.410439
1634,app_opened,2026-04-08 10:54:59.410455
1635,app_opened,2026-03-04 23:54:59.410462
1635,account_created,2026-03-05 14:54:59.410462
1636,app_opened,2026-04-17 00:54:59.410472
1636,account_created,2026-04-17 02:54:59.410472
1636,kyc_started,2026-04-19 04:54:59.410472
1636,kyc_completed,2026-04-20 14:54:59.410472
1636,deposit_made,2026-04-22 06:54:59.410472
1636,transaction_made,2026-04-22 07:54:59.410472
1637,app_opened,2026-03-24 23:54:59.410505
1637,account_created,2026-03-24 22:54:59.410505
1637,kyc_started,2026-03-27 06:54:59.410505
1637,kyc_completed,2026-03-31 18:54:59.410505
1637,deposit_made,2026-04-02 05:54:59.410505
1637,transaction_made,2026-04-02 06:54:59.410505
1638,app_opened,2026-03-27 17:54:59.410532
1638,account_created,2026-03-28 22:54:59.410532
1638,kyc_started,2026-03-29 02:54:59.410532
1638,kyc_completed,2026-04-02 09:54:59.410532
1638,deposit_made,2026-04-03 13:54:59.410532
1638,transaction_made,2026-04-04 13:54:59.410532
1639,app_opened,2026-04-12 02:54:59.410556
1639,account_created,2026-04-13 07:54:59.410556
1640,app_opened,2026-03-31 02:54:59.410566
1640,account_created,2026-03-31 21:54:59.410566
1641,app_opened,2026-03-15 17:54:59.410576
1641,account_created,2026-03-16 09:54:59.410576
1641,kyc_started,2026-03-17 16:54:59.410576
1641,kyc_completed,2026-03-18 17:54:59.410576
1641,deposit_made,2026-03-20 13:54:59.410576
1642,app_opened,2026-04-12 16:54:59.410597
1642,account_created,2026-04-13 03:54:59.410597
1642,kyc_started,2026-04-15 06:54:59.410597
1642,kyc_completed,2026-04-17 17:54:59.410597
1642,deposit_made,2026-04-19 12:54:59.410597
1642,transaction_made,2026-04-20 09:54:59.410597
1643,app_opened,2026-03-10 09:54:59.410620
1643,account_created,2026-03-11 21:54:59.410620
1643,kyc_started,2026-03-13 07:54:59.410620
1644,app_opened,2026-03-20 23:54:59.410633
1644,account_created,2026-03-20 09:54:59.410633
1644,kyc_started,2026-03-22 07:54:59.410633
1644,kyc_completed,2026-03-26 06:54:59.410633
1644,deposit_made,2026-03-26 10:54:59.410633
1644,transaction_made,2026-03-26 13:54:59.410633
1644,credit_product_viewed,2026-04-05 13:54:59.410633
1644,credit_application_started,2026-04-07 01:54:59.410633
1644,credit_application_completed,2026-04-07 04:54:59.410633
1645,app_opened,2026-03-20 14:54:59.410670
1645,account_created,2026-03-21 02:54:59.410670
1645,kyc_started,2026-03-23 18:54:59.410670
1645,kyc_completed,2026-03-28 02:54:59.410670
1645,deposit_made,2026-03-29 18:54:59.410670
1645,transaction_made,2026-03-30 02:54:59.410670
1645,credit_product_viewed,2026-03-31 02:54:59.410670
1645,credit_application_started,2026-03-31 14:54:59.410670
1645,credit_application_cancelled,2026-04-01 05:54:59.410670
1646,app_opened,2026-03-11 19:54:59.410703
1646,account_created,2026-03-13 06:54:59.410703
1646,kyc_started,2026-03-14 16:54:59.410703
1647,app_opened,2026-04-17 06:54:59.410717
1647,account_created,2026-04-17 07:54:59.410717
1647,kyc_started,2026-04-17 13:54:59.410717
1648,app_opened,2026-03-26 12:54:59.410730
1648,account_created,2026-03-27 13:54:59.410730
1648,kyc_started,2026-03-27 23:54:59.410730
1648,kyc_completed,2026-03-30 16:54:59.410730
1649,app_opened,2026-03-05 22:54:59.410747
1649,account_created,2026-03-06 12:54:59.410747
1650,app_opened,2026-04-08 09:54:59.410759
1650,account_created,2026-04-09 08:54:59.410759
1650,kyc_started,2026-04-11 13:54:59.410759
1651,app_opened,2026-03-26 00:54:59.410773
1652,app_opened,2026-03-31 04:54:59.410780
1652,account_created,2026-03-31 08:54:59.410780
1652,kyc_started,2026-04-01 04:54:59.410780
1653,app_opened,2026-04-16 12:54:59.410796
1653,account_created,2026-04-17 05:54:59.410796
1653,kyc_started,2026-04-19 23:54:59.410796
1654,app_opened,2026-03-03 20:54:59.410810
1655,app_opened,2026-03-25 03:54:59.410817
1655,account_created,2026-03-26 07:54:59.410817
1655,kyc_started,2026-03-26 18:54:59.410817
1656,app_opened,2026-04-04 03:54:59.410831
1656,account_created,2026-04-04 21:54:59.410831
1656,kyc_started,2026-04-07 03:54:59.410831
1656,kyc_completed,2026-04-08 18:54:59.410831
1657,app_opened,2026-03-15 10:54:59.410908
1657,account_created,2026-03-17 03:54:59.410908
1657,kyc_started,2026-03-19 12:54:59.410908
1657,kyc_completed,2026-03-21 12:54:59.410908
1658,app_opened,2026-03-30 16:54:59.410924
1658,account_created,2026-03-31 08:54:59.410924
1658,kyc_started,2026-04-02 01:54:59.410924
1659,app_opened,2026-04-11 07:54:59.410938
1659,account_created,2026-04-12 07:54:59.410938
1660,app_opened,2026-03-22 20:54:59.410948
1660,account_created,2026-03-23 20:54:59.410948
1660,kyc_started,2026-03-25 19:54:59.410948
1661,app_opened,2026-03-10 16:54:59.410962
1661,account_created,2026-03-11 11:54:59.410962
1661,kyc_started,2026-03-12 04:54:59.410962
1662,app_opened,2026-04-02 22:54:59.410976
1662,account_created,2026-04-04 03:54:59.410976
1662,kyc_started,2026-04-05 13:54:59.410976
1663,app_opened,2026-03-27 19:54:59.410989
1663,account_created,2026-03-28 11:54:59.410989
1663,kyc_started,2026-03-29 06:54:59.410989
1663,kyc_completed,2026-04-02 14:54:59.410989
1664,app_opened,2026-04-05 14:54:59.411010
1665,app_opened,2026-04-17 14:54:59.411017
1665,account_created,2026-04-18 01:54:59.411017
1666,app_opened,2026-03-04 00:54:59.411027
1666,account_created,2026-03-03 17:54:59.411027
1667,app_opened,2026-03-21 09:54:59.411038
1667,account_created,2026-03-21 13:54:59.411038
1667,kyc_started,2026-03-24 09:54:59.411038
1668,app_opened,2026-03-21 20:54:59.411051
1668,account_created,2026-03-23 05:54:59.411051
1668,kyc_started,2026-03-24 19:54:59.411051
1668,kyc_completed,2026-03-27 14:54:59.411051
1669,app_opened,2026-03-09 12:54:59.411068
1670,app_opened,2026-04-15 11:54:59.411075
1670,account_created,2026-04-16 07:54:59.411075
1671,app_opened,2026-03-23 05:54:59.411085
1671,account_created,2026-03-23 12:54:59.411085
1671,kyc_started,2026-03-26 02:54:59.411085
1672,app_opened,2026-04-07 08:54:59.411099
1672,account_created,2026-04-07 17:54:59.411099
1672,kyc_started,2026-04-07 18:54:59.411099
1672,kyc_completed,2026-04-10 17:54:59.411099
1673,app_opened,2026-03-19 21:54:59.411116
1673,account_created,2026-03-19 20:54:59.411116
1673,kyc_started,2026-03-21 08:54:59.411116
1674,app_opened,2026-04-11 16:54:59.411132
1674,account_created,2026-04-12 06:54:59.411132
1674,kyc_started,2026-04-15 01:54:59.411132
1675,app_opened,2026-03-12 01:54:59.411145
1675,account_created,2026-03-12 12:54:59.411145
1675,kyc_started,2026-03-14 14:54:59.411145
1675,kyc_completed,2026-03-16 12:54:59.411145
1676,app_opened,2026-04-16 08:54:59.411165
1677,app_opened,2026-04-04 22:54:59.411172
1677,account_created,2026-04-05 21:54:59.411172
1678,app_opened,2026-03-28 12:54:59.411182
1678,account_created,2026-03-28 19:54:59.411182
1678,kyc_started,2026-03-30 07:54:59.411182
1678,kyc_completed,2026-04-01 11:54:59.411182
1679,app_opened,2026-03-30 17:54:59.411199
1680,app_opened,2026-04-11 16:54:59.411206
1680,account_created,2026-04-11 18:54:59.411206
1680,kyc_started,2026-04-14 17:54:59.411206
1681,app_opened,2026-04-07 09:54:59.411921
1681,account_created,2026-04-07 11:54:59.411921
1682,app_opened,2026-03-15 02:54:59.411935
1682,account_created,2026-03-14 09:54:59.411935
1682,kyc_started,2026-03-14 13:54:59.411935
1682,kyc_completed,2026-03-17 01:54:59.411935
1683,app_opened,2026-03-12 22:54:59.411952
1683,account_created,2026-03-13 18:54:59.411952
1683,kyc_started,2026-03-16 05:54:59.411952
1683,kyc_completed,2026-03-17 19:54:59.411952
1684,app_opened,2026-04-10 23:54:59.411969
1685,app_opened,2026-03-17 17:54:59.411976
1685,account_created,2026-03-17 17:54:59.411976
1686,app_opened,2026-03-06 12:54:59.411986
1687,app_opened,2026-04-13 08:54:59.411993
1687,account_created,2026-04-14 07:54:59.411993
1687,kyc_started,2026-04-15 04:54:59.411993
1687,kyc_completed,2026-04-17 15:54:59.411993
1687,deposit_made,2026-04-19 15:54:59.411993
1687,transaction_made,2026-04-19 18:54:59.411993
1688,app_opened,2026-03-28 10:54:59.412026
1688,account_created,2026-03-30 06:54:59.412026
1689,app_opened,2026-03-28 15:54:59.412516
1689,account_created,2026-03-30 03:54:59.412516
1690,app_opened,2026-03-08 10:54:59.412534
1691,app_opened,2026-03-08 09:54:59.412542
1691,account_created,2026-03-09 22:54:59.412542
1691,kyc_started,2026-03-11 03:54:59.412542
1692,app_opened,2026-04-02 00:54:59.412557
1692,account_created,2026-04-01 20:54:59.412557
1693,app_opened,2026-03-30 13:54:59.412568
1693,account_created,2026-03-30 14:54:59.412568
1694,app_opened,2026-04-04 09:54:59.412578
1694,account_created,2026-04-05 16:54:59.412578
1694,kyc_started,2026-04-06 19:54:59.412578
1695,app_opened,2026-04-15 22:54:59.412592
1695,account_created,2026-04-17 00:54:59.412592
1695,kyc_started,2026-04-18 07:54:59.412592
1696,app_opened,2026-03-19 01:54:59.412606
1696,account_created,2026-03-18 20:54:59.412606
1697,app_opened,2026-04-03 18:54:59.412616
1697,account_created,2026-04-04 16:54:59.412616
1698,app_opened,2026-03-24 04:54:59.412627
1698,account_created,2026-03-24 15:54:59.412627
1698,kyc_started,2026-03-25 20:54:59.412627
1698,kyc_completed,2026-03-30 20:54:59.412627
1699,app_opened,2026-03-22 23:54:59.412648
1699,account_created,2026-03-24 03:54:59.412648
1699,kyc_started,2026-03-25 02:54:59.412648
1699,kyc_completed,2026-03-27 18:54:59.412648
1700,app_opened,2026-03-27 07:54:59.412667
1700,account_created,2026-03-26 17:54:59.412667
1701,app_opened,2026-03-19 00:54:59.412677
1701,account_created,2026-03-20 04:54:59.412677
1701,kyc_started,2026-03-21 18:54:59.412677
1701,kyc_completed,2026-03-23 21:54:59.412677
1702,app_opened,2026-03-22 10:54:59.412694
1702,account_created,2026-03-23 05:54:59.412694
1702,kyc_started,2026-03-24 22:54:59.412694
1702,kyc_completed,2026-03-28 06:54:59.412694
1702,deposit_made,2026-03-28 23:54:59.412694
1703,app_opened,2026-04-01 00:54:59.412715
1703,account_created,2026-04-01 06:54:59.412715
1703,kyc_started,2026-04-01 12:54:59.412715
1703,kyc_completed,2026-04-04 16:54:59.412715
1703,deposit_made,2026-04-05 03:54:59.412715
1703,transaction_made,2026-04-06 00:54:59.412715
1703,credit_product_viewed,2026-04-16 00:54:59.412715
1703,credit_application_started,2026-04-17 16:54:59.412715
1703,credit_application_completed,2026-04-18 12:54:59.412715
1704,app_opened,2026-03-14 09:54:59.412749
1705,app_opened,2026-04-16 21:54:59.412756
1705,account_created,2026-04-18 06:54:59.412756
1705,kyc_started,2026-04-20 04:54:59.412756
1706,app_opened,2026-03-13 11:54:59.412770
1706,account_created,2026-03-14 18:54:59.412770
1706,kyc_started,2026-03-17 15:54:59.412770
1706,kyc_completed,2026-03-19 11:54:59.412770
1707,app_opened,2026-03-24 07:54:59.412787
1707,account_created,2026-03-23 19:54:59.412787
1708,app_opened,2026-03-27 22:54:59.412797
1708,account_created,2026-03-29 07:54:59.412797
1708,kyc_started,2026-03-29 09:54:59.412797
1708,kyc_completed,2026-03-30 11:54:59.412797
1709,app_opened,2026-03-15 12:54:59.412817
1709,account_created,2026-03-16 16:54:59.412817
1709,kyc_started,2026-03-18 05:54:59.412817
1709,kyc_completed,2026-03-20 10:54:59.412817
1710,app_opened,2026-03-04 16:54:59.412834
1710,account_created,2026-03-06 08:54:59.412834
1710,kyc_started,2026-03-08 09:54:59.412834
1711,app_opened,2026-04-10 08:54:59.412891
1712,app_opened,2026-04-12 11:54:59.412898
1712,account_created,2026-04-14 07:54:59.412898
1713,app_opened,2026-03-22 09:54:59.412908
1713,account_created,2026-03-23 19:54:59.412908
1713,kyc_started,2026-03-24 15:54:59.412908
1713,kyc_completed,2026-03-28 18:54:59.412908
1714,app_opened,2026-04-06 04:54:59.412925
1715,app_opened,2026-03-28 22:54:59.412932
1715,account_created,2026-03-28 10:54:59.412932
1715,kyc_started,2026-03-30 21:54:59.412932
1715,kyc_completed,2026-04-02 06:54:59.412932
1716,app_opened,2026-03-13 00:54:59.412952
1716,account_created,2026-03-13 12:54:59.412952
1716,kyc_started,2026-03-15 17:54:59.412952
1716,kyc_completed,2026-03-19 06:54:59.412952
1716,deposit_made,2026-03-21 03:54:59.412952
1716,transaction_made,2026-03-21 11:54:59.412952
1717,app_opened,2026-03-18 08:54:59.412978
1717,account_created,2026-03-18 08:54:59.412978
1718,app_opened,2026-03-03 12:54:59.412988
1718,account_created,2026-03-04 21:54:59.412988
1719,app_opened,2026-03-23 16:54:59.413001
1719,account_created,2026-03-24 15:54:59.413001
1719,kyc_started,2026-03-26 07:54:59.413001
1719,kyc_completed,2026-03-30 15:54:59.413001
1720,app_opened,2026-04-12 02:54:59.413018
1720,account_created,2026-04-12 16:54:59.413018
1720,kyc_started,2026-04-13 03:54:59.413018
1720,kyc_completed,2026-04-17 09:54:59.413018
1721,app_opened,2026-03-16 08:54:59.413035
1721,account_created,2026-03-15 23:54:59.413035
1721,kyc_started,2026-03-18 15:54:59.413035
1721,kyc_completed,2026-03-21 06:54:59.413035
1722,app_opened,2026-04-08 10:54:59.413054
1722,account_created,2026-04-09 21:54:59.413054
1722,kyc_started,2026-04-09 22:54:59.413054
1722,kyc_completed,2026-04-12 00:54:59.413054
1723,app_opened,2026-03-18 02:54:59.413071
1723,account_created,2026-03-19 02:54:59.413071
1723,kyc_started,2026-03-21 14:54:59.413071
1724,app_opened,2026-03-17 02:54:59.413085
1725,app_opened,2026-04-12 12:54:59.413091
1725,account_created,2026-04-12 13:54:59.413091
1725,kyc_started,2026-04-12 15:54:59.413091
1725,kyc_completed,2026-04-17 14:54:59.413091
1725,deposit_made,2026-04-18 03:54:59.413091
1725,transaction_made,2026-04-18 07:54:59.413091
1725,credit_product_viewed,2026-04-25 07:54:59.413091
1725,credit_application_started,2026-04-26 15:54:59.413091
1725,credit_application_completed,2026-04-27 08:54:59.413091
1726,app_opened,2026-03-17 13:54:59.413124
1726,account_created,2026-03-18 20:54:59.413124
1726,kyc_started,2026-03-18 22:54:59.413124
1726,kyc_completed,2026-03-22 05:54:59.413124
1727,app_opened,2026-03-05 17:54:59.413143
1727,account_created,2026-03-07 00:54:59.413143
1728,app_opened,2026-03-13 05:54:59.413154
1728,account_created,2026-03-13 03:54:59.413154
1728,kyc_started,2026-03-14 06:54:59.413154
1729,app_opened,2026-03-03 20:54:59.413167
1729,account_created,2026-03-04 01:54:59.413167
1729,kyc_started,2026-03-05 04:54:59.413167
1730,app_opened,2026-04-09 14:54:59.413181
1730,account_created,2026-04-10 15:54:59.413181
1730,kyc_started,2026-04-12 21:54:59.413181
1730,kyc_completed,2026-04-16 09:54:59.413181
1730,deposit_made,2026-04-16 10:54:59.413181
1730,transaction_made,2026-04-16 17:54:59.413181
1730,credit_product_viewed,2026-04-18 17:54:59.413181
1730,credit_application_started,2026-04-20 04:54:59.413181
1730,credit_application_cancelled,2026-04-20 08:54:59.413181
1731,app_opened,2026-04-15 04:54:59.413214
1731,account_created,2026-04-14 19:54:59.413214
1731,kyc_started,2026-04-17 19:54:59.413214
1732,app_opened,2026-03-27 05:54:59.413228
1732,account_created,2026-03-26 21:54:59.413228
1732,kyc_started,2026-03-29 04:54:59.413228
1732,kyc_completed,2026-03-31 19:54:59.413228
1732,deposit_made,2026-04-01 21:54:59.413228
1733,app_opened,2026-03-14 02:54:59.413248
1733,account_created,2026-03-13 21:54:59.413248
1733,kyc_started,2026-03-14 17:54:59.413248
1733,kyc_completed,2026-03-16 20:54:59.413248
1733,deposit_made,2026-03-17 13:54:59.413248
1733,transaction_made,2026-03-17 18:54:59.413248
1734,app_opened,2026-03-12 05:54:59.413279
1734,account_created,2026-03-12 06:54:59.413279
1734,kyc_started,2026-03-13 18:54:59.413279
1735,app_opened,2026-03-10 06:54:59.413293
1736,app_opened,2026-04-04 14:54:59.413300
1736,account_created,2026-04-04 23:54:59.413300
1737,app_opened,2026-04-13 04:54:59.413310
1737,account_created,2026-04-12 19:54:59.413310
1737,kyc_started,2026-04-12 20:54:59.413310
1737,kyc_completed,2026-04-14 02:54:59.413310
1737,deposit_made,2026-04-15 07:54:59.413310
1737,transaction_made,2026-04-15 23:54:59.413310
1738,app_opened,2026-03-16 12:54:59.413348
1738,account_created,2026-03-17 10:54:59.413348
1738,kyc_started,2026-03-19 12:54:59.413348
1739,app_opened,2026-03-26 18:54:59.413362
1739,account_created,2026-03-27 05:54:59.413362
1739,kyc_started,2026-03-28 09:54:59.413362
1740,app_opened,2026-03-08 17:54:59.413375
1740,account_created,2026-03-09 12:54:59.413375
1740,kyc_started,2026-03-12 03:54:59.413375
1741,app_opened,2026-04-02 06:54:59.413389
1741,account_created,2026-04-02 12:54:59.413389
1741,kyc_started,2026-04-03 11:54:59.413389
1741,kyc_completed,2026-04-06 09:54:59.413389
1742,app_opened,2026-03-06 20:54:59.413406
1742,account_created,2026-03-06 22:54:59.413406
1742,kyc_started,2026-03-07 23:54:59.413406
1742,kyc_completed,2026-03-09 21:54:59.413406
1743,app_opened,2026-04-17 15:54:59.413423
1743,account_created,2026-04-18 18:54:59.413423
1743,kyc_started,2026-04-20 10:54:59.413423
1743,kyc_completed,2026-04-23 09:54:59.413423
1744,app_opened,2026-03-16 09:54:59.413443
1744,account_created,2026-03-16 11:54:59.413443
1744,kyc_started,2026-03-19 01:54:59.413443
1744,kyc_completed,2026-03-23 18:54:59.413443
1745,app_opened,2026-04-01 05:54:59.413460
1745,account_created,2026-04-01 21:54:59.413460
1746,app_opened,2026-03-04 00:54:59.413470
1747,app_opened,2026-03-08 23:54:59.413477
1747,account_created,2026-03-09 15:54:59.413477
1748,app_opened,2026-03-08 02:54:59.413487
1748,account_created,2026-03-07 11:54:59.413487
1748,kyc_started,2026-03-08 07:54:59.413487
1749,app_opened,2026-04-06 13:54:59.413501
1749,account_created,2026-04-06 16:54:59.413501
1749,kyc_started,2026-04-07 00:54:59.413501
1749,kyc_completed,2026-04-10 21:54:59.413501
1749,deposit_made,2026-04-11 10:54:59.413501
1749,transaction_made,2026-04-12 10:54:59.413501
1749,credit_product_viewed,2026-04-26 10:54:59.413501
1749,credit_application_started,2026-04-28 06:54:59.413501
1749,credit_application_cancelled,2026-04-28 17:54:59.413501
1750,app_opened,2026-03-03 14:54:59.413534
1751,app_opened,2026-03-12 08:54:59.413541
1752,app_opened,2026-03-15 09:54:59.413548
1753,app_opened,2026-03-23 22:54:59.413555
1753,account_created,2026-03-25 03:54:59.413555
1753,kyc_started,2026-03-26 04:54:59.413555
1754,app_opened,2026-03-16 13:54:59.413571
1754,account_created,2026-03-16 14:54:59.413571
1754,kyc_started,2026-03-16 20:54:59.413571
1754,kyc_completed,2026-03-18 21:54:59.413571
1755,app_opened,2026-03-22 14:54:59.413590
1755,account_created,2026-03-22 09:54:59.413590
1755,kyc_started,2026-03-25 09:54:59.413590
1755,kyc_completed,2026-03-28 04:54:59.413590
1755,deposit_made,2026-03-30 01:54:59.413590
1755,transaction_made,2026-03-30 16:54:59.413590
1755,credit_product_viewed,2026-04-01 16:54:59.413590
1755,credit_application_started,2026-04-02 04:54:59.413590
1755,credit_application_cancelled,2026-04-02 10:54:59.413590
1756,app_opened,2026-03-29 03:54:59.413623
1756,account_created,2026-03-28 10:54:59.413623
1757,app_opened,2026-04-17 15:54:59.413633
1757,account_created,2026-04-18 14:54:59.413633
1757,kyc_started,2026-04-19 22:54:59.413633
1757,kyc_completed,2026-04-24 13:54:59.413633
1758,app_opened,2026-04-06 08:54:59.413650
1758,account_created,2026-04-05 17:54:59.413650
1758,kyc_started,2026-04-07 18:54:59.413650
1759,app_opened,2026-04-06 17:54:59.413664
1759,account_created,2026-04-07 05:54:59.413664
1759,kyc_started,2026-04-08 06:54:59.413664
1759,kyc_completed,2026-04-10 07:54:59.413664
1759,deposit_made,2026-04-11 02:54:59.413664
1759,transaction_made,2026-04-11 17:54:59.413664
1759,credit_product_viewed,2026-04-19 17:54:59.413664
1759,credit_application_started,2026-04-20 16:54:59.413664
1759,credit_application_cancelled,2026-04-21 04:54:59.413664
1760,app_opened,2026-03-08 01:54:59.413696
1760,account_created,2026-03-09 01:54:59.413696
1760,kyc_started,2026-03-09 23:54:59.413696
1760,kyc_completed,2026-03-14 01:54:59.413696
1760,deposit_made,2026-03-15 12:54:59.413696
1760,transaction_made,2026-03-16 11:54:59.413696
1761,app_opened,2026-03-08 06:54:59.413725
1761,account_created,2026-03-07 22:54:59.413725
1761,kyc_started,2026-03-10 15:54:59.413725
1761,kyc_completed,2026-03-15 14:54:59.413725
1762,app_opened,2026-04-13 01:54:59.413742
1762,account_created,2026-04-13 01:54:59.413742
1762,kyc_started,2026-04-14 11:54:59.413742
1762,kyc_completed,2026-04-16 01:54:59.413742
1763,app_opened,2026-03-08 14:54:59.413759
1763,account_created,2026-03-09 14:54:59.413759
1763,kyc_started,2026-03-11 14:54:59.413759
1763,kyc_completed,2026-03-16 02:54:59.413759
1764,app_opened,2026-04-15 19:54:59.413776
1764,account_created,2026-04-17 01:54:59.413776
1764,kyc_started,2026-04-17 03:54:59.413776
1764,kyc_completed,2026-04-20 15:54:59.413776
1764,deposit_made,2026-04-22 09:54:59.413776
1765,app_opened,2026-04-06 20:54:59.413796
1765,account_created,2026-04-07 14:54:59.413796
1765,kyc_started,2026-04-07 17:54:59.413796
1765,kyc_completed,2026-04-11 23:54:59.413796
1765,deposit_made,2026-04-13 12:54:59.413796
1765,transaction_made,2026-04-14 12:54:59.413796
1766,app_opened,2026-04-02 17:54:59.413821
1766,account_created,2026-04-03 23:54:59.413821
1766,kyc_started,2026-04-06 03:54:59.413821
1766,kyc_completed,2026-04-08 08:54:59.413821
1767,app_opened,2026-03-16 12:54:59.413847
1767,account_created,2026-03-17 02:54:59.413847
1768,app_opened,2026-03-24 03:54:59.413860
1768,account_created,2026-03-24 17:54:59.413860
1768,kyc_started,2026-03-26 08:54:59.413860
1769,app_opened,2026-03-05 01:54:59.413873
1769,account_created,2026-03-05 21:54:59.413873
1770,app_opened,2026-04-10 06:54:59.413884
1770,account_created,2026-04-09 12:54:59.413884
1771,app_opened,2026-03-29 13:54:59.413894
1771,account_created,2026-03-30 14:54:59.413894
1771,kyc_started,2026-04-02 01:54:59.413894
1771,kyc_completed,2026-04-03 19:54:59.413894
1771,deposit_made,2026-04-04 07:54:59.413894
1771,transaction_made,2026-04-04 10:54:59.413894
1771,credit_product_viewed,2026-04-18 10:54:59.413894
1771,credit_application_started,2026-04-19 00:54:59.413894
1771,credit_application_cancelled,2026-04-20 00:54:59.413894
1772,app_opened,2026-04-02 13:54:59.413927
1772,account_created,2026-04-03 08:54:59.413927
1772,kyc_started,2026-04-04 05:54:59.413927
1772,kyc_completed,2026-04-07 17:54:59.413927
1773,app_opened,2026-03-24 07:54:59.413944
1773,account_created,2026-03-24 15:54:59.413944
1773,kyc_started,2026-03-27 03:54:59.413944
1774,app_opened,2026-04-11 21:54:59.413958
1774,account_created,2026-04-11 17:54:59.413958
1774,kyc_started,2026-04-13 11:54:59.413958
1775,app_opened,2026-03-06 08:54:59.413972
1776,app_opened,2026-03-10 21:54:59.413979
1776,account_created,2026-03-11 07:54:59.413979
1776,kyc_started,2026-03-11 11:54:59.413979
1776,kyc_completed,2026-03-15 16:54:59.413979
1776,deposit_made,2026-03-16 08:54:59.413979
1776,transaction_made,2026-03-16 19:54:59.413979
1777,app_opened,2026-04-18 04:54:59.414005
1777,account_created,2026-04-18 10:54:59.414005
1778,app_opened,2026-03-07 16:54:59.414015
1778,account_created,2026-03-07 21:54:59.414015
1778,kyc_started,2026-03-09 12:54:59.414015
1778,kyc_completed,2026-03-12 07:54:59.414015
1778,deposit_made,2026-03-12 19:54:59.414015
1778,transaction_made,2026-03-13 05:54:59.414015
1779,app_opened,2026-03-06 00:54:59.414038
1779,account_created,2026-03-06 11:54:59.414038
1779,kyc_started,2026-03-08 14:54:59.414038
1780,app_opened,2026-04-11 23:54:59.414052
1780,account_created,2026-04-12 07:54:59.414052
1780,kyc_started,2026-04-12 20:54:59.414052
1781,app_opened,2026-03-23 09:54:59.414065
1781,account_created,2026-03-23 17:54:59.414065
1781,kyc_started,2026-03-25 19:54:59.414065
1782,app_opened,2026-04-18 00:54:59.414079
1782,account_created,2026-04-19 03:54:59.414079
1782,kyc_started,2026-04-19 10:54:59.414079
1782,kyc_completed,2026-04-21 19:54:59.414079
1783,app_opened,2026-04-11 04:54:59.414098
1783,account_created,2026-04-11 13:54:59.414098
1783,kyc_started,2026-04-14 02:54:59.414098
1784,app_opened,2026-03-14 20:54:59.414112
1784,account_created,2026-03-14 20:54:59.414112
1785,app_opened,2026-03-14 21:54:59.414125
1786,app_opened,2026-04-12 13:54:59.414134
1786,account_created,2026-04-14 06:54:59.414134
1786,kyc_started,2026-04-15 08:54:59.414134
1786,kyc_completed,2026-04-19 14:54:59.414134
1787,app_opened,2026-03-19 22:54:59.414154
1787,account_created,2026-03-20 03:54:59.414154
1787,kyc_started,2026-03-22 18:54:59.414154
1787,kyc_completed,2026-03-24 00:54:59.414154
1788,app_opened,2026-03-05 20:54:59.414171
1788,account_created,2026-03-06 06:54:59.414171
1788,kyc_started,2026-03-06 10:54:59.414171
1788,kyc_completed,2026-03-08 08:54:59.414171
1788,deposit_made,2026-03-09 11:54:59.414171
1788,transaction_made,2026-03-09 22:54:59.414171
1788,credit_product_viewed,2026-03-10 22:54:59.414171
1788,credit_application_started,2026-03-12 13:54:59.414171
1788,credit_application_completed,2026-03-13 13:54:59.414171
1789,app_opened,2026-04-16 02:54:59.414203
1789,account_created,2026-04-16 00:54:59.414203
1789,kyc_started,2026-04-18 21:54:59.414203
1789,kyc_completed,2026-04-23 18:54:59.414203
1789,deposit_made,2026-04-25 02:54:59.414203
1789,transaction_made,2026-04-25 11:54:59.414203
1790,app_opened,2026-03-20 07:54:59.414227
1790,account_created,2026-03-21 07:54:59.414227
1791,app_opened,2026-03-12 23:54:59.414237
1791,account_created,2026-03-13 05:54:59.414237
1791,kyc_started,2026-03-14 00:54:59.414237
1792,app_opened,2026-03-08 12:54:59.414251
1792,account_created,2026-03-10 07:54:59.414251
1792,kyc_started,2026-03-11 22:54:59.414251
1792,kyc_completed,2026-03-13 00:54:59.414251
1792,deposit_made,2026-03-15 00:54:59.414251
1792,transaction_made,2026-03-15 21:54:59.414251
1793,app_opened,2026-04-12 22:54:59.414275
1794,app_opened,2026-04-06 03:54:59.414284
1794,account_created,2026-04-06 04:54:59.414284
1794,kyc_started,2026-04-09 02:54:59.414284
1795,app_opened,2026-04-03 07:54:59.414297
1795,account_created,2026-04-03 08:54:59.414297
1795,kyc_started,2026-04-04 12:54:59.414297
1796,app_opened,2026-03-21 17:54:59.414311
1796,account_created,2026-03-21 20:54:59.414311
1796,kyc_started,2026-03-22 02:54:59.414311
1797,app_opened,2026-04-07 06:54:59.414324
1797,account_created,2026-04-06 09:54:59.414324
1797,kyc_started,2026-04-06 12:54:59.414324
1798,app_opened,2026-03-06 13:54:59.414346
1798,account_created,2026-03-07 14:54:59.414346
1798,kyc_started,2026-03-09 07:54:59.414346
1798,kyc_completed,2026-03-11 11:54:59.414346
1798,deposit_made,2026-03-12 08:54:59.414346
1798,transaction_made,2026-03-13 04:54:59.414346
1798,credit_product_viewed,2026-03-25 04:54:59.414346
1798,credit_application_started,2026-03-26 19:54:59.414346
1798,credit_application_cancelled,2026-03-27 14:54:59.414346
1799,app_opened,2026-03-23 05:54:59.414379
1799,account_created,2026-03-23 19:54:59.414379
1799,kyc_started,2026-03-26 19:54:59.414379
1799,kyc_completed,2026-03-29 14:54:59.414379
1799,deposit_made,2026-03-30 19:54:59.414379
1799,transaction_made,2026-03-31 19:54:59.414379
1800,app_opened,2026-03-15 07:54:59.414403
1800,account_created,2026-03-15 09:54:59.414403
1800,kyc_started,2026-03-15 14:54:59.414403
1801,app_opened,2026-03-12 11:54:59.414421
1801,account_created,2026-03-13 20:54:59.414421
1802,app_opened,2026-04-12 15:54:59.414434
1802,account_created,2026-04-13 18:54:59.414434
1802,kyc_started,2026-04-15 08:54:59.414434
1803,app_opened,2026-03-21 06:54:59.414447
1803,account_created,2026-03-20 18:54:59.414447
1803,kyc_started,2026-03-21 16:54:59.414447
1804,app_opened,2026-03-12 22:54:59.414461
1804,account_created,2026-03-12 10:54:59.414461
1805,app_opened,2026-03-31 02:54:59.414471
1805,account_created,2026-03-31 00:54:59.414471
1805,kyc_started,2026-04-02 21:54:59.414471
1805,kyc_completed,2026-04-07 02:54:59.414471
1806,app_opened,2026-04-10 12:54:59.414490
1806,account_created,2026-04-10 22:54:59.414490
1807,app_opened,2026-03-12 18:54:59.414500
1807,account_created,2026-03-12 19:54:59.414500
1808,app_opened,2026-03-24 02:54:59.414511
1808,account_created,2026-03-23 22:54:59.414511
1808,kyc_started,2026-03-25 10:54:59.414511
1808,kyc_completed,2026-03-28 08:54:59.414511
1809,app_opened,2026-03-07 06:54:59.414528
1810,app_opened,2026-03-08 19:54:59.414535
1810,account_created,2026-03-09 19:54:59.414535
1810,kyc_started,2026-03-11 23:54:59.414535
1810,kyc_completed,2026-03-15 10:54:59.414535
1810,deposit_made,2026-03-16 15:54:59.414535
1810,transaction_made,2026-03-16 21:54:59.414535
1811,app_opened,2026-04-18 02:54:59.414558
1811,account_created,2026-04-18 14:54:59.414558
1811,kyc_started,2026-04-19 03:54:59.414558
1811,kyc_completed,2026-04-23 14:54:59.414558
1811,deposit_made,2026-04-24 17:54:59.414558
1811,transaction_made,2026-04-25 14:54:59.414558
1811,credit_product_viewed,2026-04-29 14:54:59.414558
1811,credit_application_started,2026-04-29 23:54:59.414558
1811,credit_application_cancelled,2026-04-30 16:54:59.414558
1812,app_opened,2026-04-13 04:54:59.414595
1812,account_created,2026-04-13 11:54:59.414595
1813,app_opened,2026-03-29 04:54:59.414606
1813,account_created,2026-03-29 21:54:59.414606
1813,kyc_started,2026-03-30 09:54:59.414606
1814,app_opened,2026-04-17 08:54:59.414619
1814,account_created,2026-04-18 02:54:59.414619
1814,kyc_started,2026-04-20 20:54:59.414619
1815,app_opened,2026-04-07 23:54:59.414633
1815,account_created,2026-04-08 00:54:59.414633
1815,kyc_started,2026-04-09 02:54:59.414633
1815,kyc_completed,2026-04-11 15:54:59.414633
1815,deposit_made,2026-04-11 17:54:59.414633
1815,transaction_made,2026-04-12 08:54:59.414633
1816,app_opened,2026-03-06 04:54:59.414657
1816,account_created,2026-03-06 00:54:59.414657
1817,app_opened,2026-03-20 01:54:59.414667
1817,account_created,2026-03-20 23:54:59.414667
1818,app_opened,2026-04-07 16:54:59.414677
1818,account_created,2026-04-07 13:54:59.414677
1818,kyc_started,2026-04-07 18:54:59.414677
1819,app_opened,2026-03-23 01:54:59.414691
1820,app_opened,2026-03-24 11:54:59.414698
1820,account_created,2026-03-25 01:54:59.414698
1821,app_opened,2026-03-14 12:54:59.414708
1821,account_created,2026-03-15 23:54:59.414708
1821,kyc_started,2026-03-18 20:54:59.414708
1822,app_opened,2026-03-21 00:54:59.414724
1822,account_created,2026-03-20 12:54:59.414724
1822,kyc_started,2026-03-22 15:54:59.414724
1823,app_opened,2026-04-15 20:54:59.414740
1823,account_created,2026-04-16 17:54:59.414740
1823,kyc_started,2026-04-19 02:54:59.414740
1823,kyc_completed,2026-04-20 17:54:59.414740
1823,deposit_made,2026-04-21 10:54:59.414740
1823,transaction_made,2026-04-22 05:54:59.414740
1824,app_opened,2026-04-11 08:54:59.414763
1824,account_created,2026-04-11 11:54:59.414763
1824,kyc_started,2026-04-12 06:54:59.414763
1825,app_opened,2026-03-18 15:54:59.414777
1825,account_created,2026-03-19 06:54:59.414777
1825,kyc_started,2026-03-19 16:54:59.414777
1825,kyc_completed,2026-03-24 10:54:59.414777
1825,deposit_made,2026-03-25 02:54:59.414777
1825,transaction_made,2026-03-25 13:54:59.414777
1825,credit_product_viewed,2026-04-02 13:54:59.414777
1825,credit_application_started,2026-04-03 11:54:59.414777
1825,credit_application_cancelled,2026-04-04 10:54:59.414777
1826,app_opened,2026-04-02 03:54:59.414810
1826,account_created,2026-04-01 11:54:59.414810
1827,app_opened,2026-04-09 01:54:59.414820
1827,account_created,2026-04-08 23:54:59.414820
1828,app_opened,2026-03-12 20:54:59.414830
1828,account_created,2026-03-13 04:54:59.414830
1829,app_opened,2026-04-08 03:54:59.414846
1829,account_created,2026-04-08 15:54:59.414846
1830,app_opened,2026-03-05 18:54:59.414856
1830,account_created,2026-03-07 05:54:59.414856
1830,kyc_started,2026-03-08 19:54:59.414856
1831,app_opened,2026-04-02 05:54:59.414872
1831,account_created,2026-04-01 22:54:59.414872
1831,kyc_started,2026-04-02 17:54:59.414872
1831,kyc_completed,2026-04-05 02:54:59.414872
1831,deposit_made,2026-04-06 11:54:59.414872
1831,transaction_made,2026-04-07 04:54:59.414872
1832,app_opened,2026-03-09 14:54:59.414898
1833,app_opened,2026-03-07 13:54:59.414905
1833,account_created,2026-03-08 17:54:59.414905
1833,kyc_started,2026-03-10 17:54:59.414905
1833,kyc_completed,2026-03-14 07:54:59.414905
1834,app_opened,2026-03-16 00:54:59.414922
1834,account_created,2026-03-16 09:54:59.414922
1834,kyc_started,2026-03-16 18:54:59.414922
1834,kyc_completed,2026-03-19 09:54:59.414922
1834,deposit_made,2026-03-19 19:54:59.414922
1834,transaction_made,2026-03-20 19:54:59.414922
1835,app_opened,2026-03-07 15:54:59.414945
1835,account_created,2026-03-08 14:54:59.414945
1835,kyc_started,2026-03-08 16:54:59.414945
1836,app_opened,2026-03-15 16:54:59.414959
1836,account_created,2026-03-16 08:54:59.414959
1836,kyc_started,2026-03-18 12:54:59.414959
1837,app_opened,2026-03-28 01:54:59.414973
1837,account_created,2026-03-28 20:54:59.414973
1838,app_opened,2026-03-14 11:54:59.414983
1839,app_opened,2026-04-14 23:54:59.414990
1839,account_created,2026-04-15 00:54:59.414990
1839,kyc_started,2026-04-16 00:54:59.414990
1840,app_opened,2026-03-07 16:54:59.415004
1840,account_created,2026-03-09 06:54:59.415004
1840,kyc_started,2026-03-09 12:54:59.415004
1841,app_opened,2026-04-01 02:54:59.415023
1841,account_created,2026-04-02 08:54:59.415023
1841,kyc_started,2026-04-02 17:54:59.415023
1842,app_opened,2026-04-10 01:54:59.415036
1842,account_created,2026-04-09 22:54:59.415036
1842,kyc_started,2026-04-12 12:54:59.415036
1842,kyc_completed,2026-04-16 08:54:59.415036
1843,app_opened,2026-04-14 19:54:59.415054
1843,account_created,2026-04-14 13:54:59.415054
1843,kyc_started,2026-04-15 04:54:59.415054
1843,kyc_completed,2026-04-18 16:54:59.415054
1843,deposit_made,2026-04-20 03:54:59.415054
1843,transaction_made,2026-04-20 23:54:59.415054
1844,app_opened,2026-03-12 09:54:59.415077
1844,account_created,2026-03-12 16:54:59.415077
1845,app_opened,2026-03-21 05:54:59.415087
1845,account_created,2026-03-22 01:54:59.415087
1845,kyc_started,2026-03-24 12:54:59.415087
1846,app_opened,2026-04-01 22:54:59.415101
1846,account_created,2026-04-02 16:54:59.415101
1846,kyc_started,2026-04-04 11:54:59.415101
1846,kyc_completed,2026-04-08 04:54:59.415101
1846,deposit_made,2026-04-09 22:54:59.415101
1846,transaction_made,2026-04-10 16:54:59.415101
1846,credit_product_viewed,2026-04-15 16:54:59.415101
1846,credit_application_started,2026-04-17 12:54:59.415101
1846,credit_application_cancelled,2026-04-17 22:54:59.415101
1847,app_opened,2026-03-08 23:54:59.415134
1847,account_created,2026-03-08 20:54:59.415134
1847,kyc_started,2026-03-10 13:54:59.415134
1848,app_opened,2026-03-17 00:54:59.415147
1848,account_created,2026-03-16 20:54:59.415147
1848,kyc_started,2026-03-19 04:54:59.415147
1849,app_opened,2026-04-11 23:54:59.415163
1849,account_created,2026-04-13 04:54:59.415163
1849,kyc_started,2026-04-14 04:54:59.415163
1849,kyc_completed,2026-04-15 17:54:59.415163
1850,app_opened,2026-04-04 18:54:59.415180
1850,account_created,2026-04-05 05:54:59.415180
1851,app_opened,2026-03-18 12:54:59.415190
1851,account_created,2026-03-20 00:54:59.415190
1851,kyc_started,2026-03-20 20:54:59.415190
1851,kyc_completed,2026-03-22 20:54:59.415190
1852,app_opened,2026-04-07 14:54:59.415207
1852,account_created,2026-04-07 19:54:59.415207
1852,kyc_started,2026-04-10 14:54:59.415207
1853,app_opened,2026-03-08 04:54:59.415221
1853,account_created,2026-03-09 07:54:59.415221
1853,kyc_started,2026-03-10 17:54:59.415221
1853,kyc_completed,2026-03-13 07:54:59.415221
1853,deposit_made,2026-03-14 03:54:59.415221
1853,transaction_made,2026-03-14 15:54:59.415221
1854,app_opened,2026-03-28 23:54:59.415245
1854,account_created,2026-03-29 21:54:59.415245
1854,kyc_started,2026-04-01 03:54:59.415245
1854,kyc_completed,2026-04-04 06:54:59.415245
1854,deposit_made,2026-04-05 09:54:59.415245
1854,transaction_made,2026-04-05 14:54:59.415245
1855,app_opened,2026-03-31 09:54:59.415271
1855,account_created,2026-03-31 21:54:59.415271
1855,kyc_started,2026-04-02 06:54:59.415271
1855,kyc_completed,2026-04-05 05:54:59.415271
1855,deposit_made,2026-04-06 09:54:59.415271
1855,transaction_made,2026-04-06 20:54:59.415271
1856,app_opened,2026-04-05 15:54:59.415300
1856,account_created,2026-04-06 13:54:59.415300
1857,app_opened,2026-04-11 11:54:59.415310
1857,account_created,2026-04-12 05:54:59.415310
1858,app_opened,2026-03-12 00:54:59.415321
1859,app_opened,2026-04-16 06:54:59.415328
1859,account_created,2026-04-17 06:54:59.415328
1859,kyc_started,2026-04-18 18:54:59.415328
1860,app_opened,2026-03-11 21:54:59.415355
1860,account_created,2026-03-11 12:54:59.415355
1860,kyc_started,2026-03-13 00:54:59.415355
1860,kyc_completed,2026-03-16 08:54:59.415355
1861,app_opened,2026-04-11 00:54:59.415374
1861,account_created,2026-04-12 08:54:59.415374
1861,kyc_started,2026-04-14 13:54:59.415374
1862,app_opened,2026-04-09 03:54:59.415387
1862,account_created,2026-04-08 21:54:59.415387
1862,kyc_started,2026-04-11 06:54:59.415387
1862,kyc_completed,2026-04-15 07:54:59.415387
1863,app_opened,2026-03-06 17:54:59.415404
1863,account_created,2026-03-07 03:54:59.415404
1863,kyc_started,2026-03-07 21:54:59.415404
1864,app_opened,2026-04-14 07:54:59.415418
1864,account_created,2026-04-14 05:54:59.415418
1865,app_opened,2026-03-25 23:54:59.415428
1865,account_created,2026-03-25 22:54:59.415428
1865,kyc_started,2026-03-28 10:54:59.415428
1865,kyc_completed,2026-03-31 08:54:59.415428
1865,deposit_made,2026-04-02 04:54:59.415428
1866,app_opened,2026-04-01 17:54:59.415448
1866,account_created,2026-04-01 10:54:59.415448
1866,kyc_started,2026-04-03 15:54:59.415448
1866,kyc_completed,2026-04-07 05:54:59.415448
1867,app_opened,2026-03-15 10:54:59.415468
1868,app_opened,2026-03-16 20:54:59.415475
1868,account_created,2026-03-17 12:54:59.415475
1869,app_opened,2026-03-16 19:54:59.415485
1869,account_created,2026-03-17 16:54:59.415485
1869,kyc_started,2026-03-19 11:54:59.415485
1870,app_opened,2026-04-14 03:54:59.415499
1870,account_created,2026-04-14 20:54:59.415499
1871,app_opened,2026-03-14 14:54:59.415509
1871,account_created,2026-03-14 14:54:59.415509
1871,kyc_started,2026-03-17 02:54:59.415509
1872,app_opened,2026-04-05 11:54:59.415522
1872,account_created,2026-04-06 12:54:59.415522
1873,app_opened,2026-03-19 23:54:59.415533
1874,app_opened,2026-04-09 05:54:59.415540
1874,account_created,2026-04-08 20:54:59.415540
1874,kyc_started,2026-04-10 16:54:59.415540
1874,kyc_completed,2026-04-15 08:54:59.415540
1875,app_opened,2026-03-21 09:54:59.415557
1875,account_created,2026-03-22 03:54:59.415557
1875,kyc_started,2026-03-24 05:54:59.415557
1875,kyc_completed,2026-03-26 09:54:59.415557
1875,deposit_made,2026-03-26 19:54:59.415557
1875,transaction_made,2026-03-27 03:54:59.415557
1876,app_opened,2026-03-29 02:54:59.415578
1876,account_created,2026-03-30 03:54:59.415578
1876,kyc_started,2026-04-01 01:54:59.415578
1877,app_opened,2026-03-04 03:54:59.415592
1877,account_created,2026-03-03 18:54:59.415592
1877,kyc_started,2026-03-04 18:54:59.415592
1877,kyc_completed,2026-03-08 14:54:59.415592
1878,app_opened,2026-04-15 13:54:59.415616
1878,account_created,2026-04-15 13:54:59.415616
1878,kyc_started,2026-04-17 06:54:59.415616
1879,app_opened,2026-03-06 15:54:59.415629
1879,account_created,2026-03-06 19:54:59.415629
1879,kyc_started,2026-03-08 06:54:59.415629
1879,kyc_completed,2026-03-10 09:54:59.415629
1880,app_opened,2026-04-16 13:54:59.415646
1881,app_opened,2026-03-20 12:54:59.415653
1881,account_created,2026-03-21 09:54:59.415653
1881,kyc_started,2026-03-22 12:54:59.415653
1881,kyc_completed,2026-03-25 21:54:59.415653
1881,deposit_made,2026-03-26 10:54:59.415653
1881,transaction_made,2026-03-26 23:54:59.415653
1882,app_opened,2026-04-10 11:54:59.415682
1883,app_opened,2026-03-17 03:54:59.415689
1883,account_created,2026-03-16 16:54:59.415689
1883,kyc_started,2026-03-17 19:54:59.415689
1883,kyc_completed,2026-03-21 09:54:59.415689
1884,app_opened,2026-03-27 08:54:59.415705
1885,app_opened,2026-03-22 15:54:59.415712
1885,account_created,2026-03-22 14:54:59.415712
1886,app_opened,2026-03-26 00:54:59.415722
1886,account_created,2026-03-25 16:54:59.415722
1887,app_opened,2026-04-16 09:54:59.415733
1887,account_created,2026-04-17 11:54:59.415733
1887,kyc_started,2026-04-18 00:54:59.415733
1887,kyc_completed,2026-04-20 15:54:59.415733
1888,app_opened,2026-03-22 05:54:59.415749
1888,account_created,2026-03-23 05:54:59.415749
1888,kyc_started,2026-03-25 07:54:59.415749
1889,app_opened,2026-04-16 17:54:59.415766
1889,account_created,2026-04-17 05:54:59.415766
1889,kyc_started,2026-04-18 13:54:59.415766
1889,kyc_completed,2026-04-19 14:54:59.415766
1889,deposit_made,2026-04-20 00:54:59.415766
1889,transaction_made,2026-04-20 16:54:59.415766
1890,app_opened,2026-04-15 04:54:59.415793
1890,account_created,2026-04-16 08:54:59.415793
1890,kyc_started,2026-04-18 08:54:59.415793
1891,app_opened,2026-04-07 22:54:59.415807
1891,account_created,2026-04-08 18:54:59.415807
1892,app_opened,2026-03-06 14:54:59.415817
1892,account_created,2026-03-06 16:54:59.415817
1893,app_opened,2026-04-17 00:54:59.415833
1893,account_created,2026-04-17 10:54:59.415833
1893,kyc_started,2026-04-18 20:54:59.415833
1894,app_opened,2026-04-16 09:54:59.415875
1894,account_created,2026-04-17 15:54:59.415875
1894,kyc_started,2026-04-18 10:54:59.415875
1895,app_opened,2026-04-16 02:54:59.415889
1895,account_created,2026-04-16 23:54:59.415889
1896,app_opened,2026-04-07 14:54:59.415899
1896,account_created,2026-04-08 07:54:59.415899
1897,app_opened,2026-04-12 22:54:59.415909
1898,app_opened,2026-04-11 00:54:59.415916
1898,account_created,2026-04-11 11:54:59.415916
1899,app_opened,2026-03-14 23:54:59.415926
1899,account_created,2026-03-15 23:54:59.415926
1900,app_opened,2026-04-17 18:54:59.415936
1900,account_created,2026-04-18 01:54:59.415936
1900,kyc_started,2026-04-20 23:54:59.415936
1900,kyc_completed,2026-04-25 05:54:59.415936
1901,app_opened,2026-04-12 00:54:59.415959
1901,account_created,2026-04-12 21:54:59.415959
1901,kyc_started,2026-04-14 02:54:59.415959
1901,kyc_completed,2026-04-15 20:54:59.415959
1901,deposit_made,2026-04-16 02:54:59.415959
1901,transaction_made,2026-04-17 01:54:59.415959
1902,app_opened,2026-03-09 12:54:59.415983
1902,account_created,2026-03-10 01:54:59.415983
1902,kyc_started,2026-03-11 16:54:59.415983
1902,kyc_completed,2026-03-15 03:54:59.415983
1903,app_opened,2026-03-16 01:54:59.416000
1903,account_created,2026-03-16 02:54:59.416000
1904,app_opened,2026-04-09 19:54:59.416010
1904,account_created,2026-04-11 03:54:59.416010
1904,kyc_started,2026-04-11 08:54:59.416010
1905,app_opened,2026-03-25 05:54:59.416024
1905,account_created,2026-03-24 21:54:59.416024
1906,app_opened,2026-04-17 13:54:59.416034
1906,account_created,2026-04-18 00:54:59.416034
1906,kyc_started,2026-04-19 18:54:59.416034
1906,kyc_completed,2026-04-23 07:54:59.416034
1906,deposit_made,2026-04-24 06:54:59.416034
1906,transaction_made,2026-04-25 01:54:59.416034
1907,app_opened,2026-04-04 23:54:59.416058
1907,account_created,2026-04-05 19:54:59.416058
1907,kyc_started,2026-04-07 07:54:59.416058
1908,app_opened,2026-03-16 19:54:59.416071
1908,account_created,2026-03-16 20:54:59.416071
1908,kyc_started,2026-03-19 11:54:59.416071
1909,app_opened,2026-03-20 06:54:59.416085
1909,account_created,2026-03-20 06:54:59.416085
1910,app_opened,2026-04-01 11:54:59.416098
1910,account_created,2026-04-02 12:54:59.416098
1910,kyc_started,2026-04-05 10:54:59.416098
1910,kyc_completed,2026-04-07 15:54:59.416098
1911,app_opened,2026-04-10 12:54:59.416118
1911,account_created,2026-04-11 03:54:59.416118
1911,kyc_started,2026-04-13 00:54:59.416118
1911,kyc_completed,2026-04-16 07:54:59.416118
1912,app_opened,2026-04-13 01:54:59.416135
1912,account_created,2026-04-13 17:54:59.416135
1912,kyc_started,2026-04-14 22:54:59.416135
1913,app_opened,2026-04-06 08:54:59.416154
1913,account_created,2026-04-06 18:54:59.416154
1913,kyc_started,2026-04-07 14:54:59.416154
1913,kyc_completed,2026-04-11 09:54:59.416154
1914,app_opened,2026-03-14 20:54:59.416172
1914,account_created,2026-03-16 05:54:59.416172
1915,app_opened,2026-03-15 14:54:59.416182
1915,account_created,2026-03-15 15:54:59.416182
1915,kyc_started,2026-03-16 20:54:59.416182
1916,app_opened,2026-03-03 13:54:59.416196
1916,account_created,2026-03-05 00:54:59.416196
1916,kyc_started,2026-03-06 02:54:59.416196
1916,kyc_completed,2026-03-09 05:54:59.416196
1916,deposit_made,2026-03-10 15:54:59.416196
1917,app_opened,2026-03-18 23:54:59.416217
1917,account_created,2026-03-20 07:54:59.416217
1918,app_opened,2026-04-17 11:54:59.416227
1918,account_created,2026-04-18 20:54:59.416227
1918,kyc_started,2026-04-19 23:54:59.416227
1919,app_opened,2026-03-10 04:54:59.416241
1920,app_opened,2026-04-14 22:54:59.416250
1920,account_created,2026-04-15 15:54:59.416250
1921,app_opened,2026-04-02 21:54:59.416263
1921,account_created,2026-04-04 02:54:59.416263
1921,kyc_started,2026-04-05 03:54:59.416263
1921,kyc_completed,2026-04-07 23:54:59.416263
1921,deposit_made,2026-04-08 17:54:59.416263
1921,transaction_made,2026-04-09 06:54:59.416263
1921,credit_product_viewed,2026-04-21 06:54:59.416263
1921,credit_application_started,2026-04-22 20:54:59.416263
1921,credit_application_cancelled,2026-04-23 01:54:59.416263
1922,app_opened,2026-04-04 23:54:59.416296
1922,account_created,2026-04-05 02:54:59.416296
1923,app_opened,2026-04-18 05:54:59.416307
1923,account_created,2026-04-18 04:54:59.416307
1923,kyc_started,2026-04-20 17:54:59.416307
1923,kyc_completed,2026-04-24 01:54:59.416307
1923,deposit_made,2026-04-24 09:54:59.416307
1923,transaction_made,2026-04-25 05:54:59.416307
1924,app_opened,2026-04-14 08:54:59.416340
1924,account_created,2026-04-14 02:54:59.416340
1925,app_opened,2026-04-15 21:54:59.416349
1925,account_created,2026-04-16 01:54:59.416349
1925,kyc_started,2026-04-18 13:54:59.416349
1925,kyc_completed,2026-04-20 10:54:59.416349
1926,app_opened,2026-03-05 00:54:59.416363
1926,account_created,2026-03-04 23:54:59.416363
1926,kyc_started,2026-03-05 11:54:59.416363
1927,app_opened,2026-03-11 04:54:59.416375
1928,app_opened,2026-04-03 06:54:59.416381
1928,account_created,2026-04-04 05:54:59.416381
1929,app_opened,2026-03-22 10:54:59.416389
1929,account_created,2026-03-23 02:54:59.416389
1930,app_opened,2026-03-31 17:54:59.416403
1930,account_created,2026-04-01 06:54:59.416403
1930,kyc_started,2026-04-02 15:54:59.416403
1931,app_opened,2026-04-12 09:54:59.416414
1931,account_created,2026-04-13 16:54:59.416414
1931,kyc_started,2026-04-16 08:54:59.416414
1931,kyc_completed,2026-04-19 15:54:59.416414
1932,app_opened,2026-04-12 07:54:59.416429
1932,account_created,2026-04-12 23:54:59.416429
1933,app_opened,2026-03-25 04:54:59.416437
1933,account_created,2026-03-26 03:54:59.416437
1933,kyc_started,2026-03-26 17:54:59.416437
1933,kyc_completed,2026-03-31 03:54:59.416437
1934,app_opened,2026-03-12 12:54:59.416452
1934,account_created,2026-03-13 00:54:59.416452
1934,kyc_started,2026-03-15 06:54:59.416452
1935,app_opened,2026-03-04 08:54:59.416463
1935,account_created,2026-03-05 02:54:59.416463
1936,app_opened,2026-03-20 03:54:59.416473
1937,app_opened,2026-04-15 21:54:59.416480
1937,account_created,2026-04-17 01:54:59.416480
1938,app_opened,2026-03-22 06:54:59.416489
1939,app_opened,2026-04-05 03:54:59.416496
1939,account_created,2026-04-06 01:54:59.416496
1940,app_opened,2026-04-11 18:54:59.416510
1941,app_opened,2026-04-17 08:54:59.416517
1941,account_created,2026-04-17 01:54:59.416517
1941,kyc_started,2026-04-18 22:54:59.416517
1941,kyc_completed,2026-04-21 05:54:59.416517
1941,deposit_made,2026-04-21 09:54:59.416517
1941,transaction_made,2026-04-22 08:54:59.416517
1942,app_opened,2026-04-01 14:54:59.416544
1942,account_created,2026-04-02 20:54:59.416544
1942,kyc_started,2026-04-05 00:54:59.416544
1943,app_opened,2026-04-07 00:54:59.416562
1944,app_opened,2026-03-27 20:54:59.416569
1944,account_created,2026-03-29 08:54:59.416569
1945,app_opened,2026-04-03 19:54:59.416580
1945,account_created,2026-04-03 15:54:59.416580
1946,app_opened,2026-04-13 05:54:59.416590
1946,account_created,2026-04-14 00:54:59.416590
1946,kyc_started,2026-04-15 00:54:59.416590
1947,app_opened,2026-04-05 17:54:59.416603
1948,app_opened,2026-03-17 20:54:59.416610
1948,account_created,2026-03-18 13:54:59.416610
1949,app_opened,2026-04-07 14:54:59.416620
1949,account_created,2026-04-07 16:54:59.416620
1949,kyc_started,2026-04-09 08:54:59.416620
1950,app_opened,2026-03-05 05:54:59.416634
1950,account_created,2026-03-05 20:54:59.416634
1950,kyc_started,2026-03-07 23:54:59.416634
1951,app_opened,2026-04-13 15:54:59.416647
1951,account_created,2026-04-15 06:54:59.416647
1951,kyc_started,2026-04-17 10:54:59.416647
1952,app_opened,2026-04-09 07:54:59.416661
1952,account_created,2026-04-09 07:54:59.416661
1952,kyc_started,2026-04-11 09:54:59.416661
1952,kyc_completed,2026-04-16 07:54:59.416661
1953,app_opened,2026-03-31 04:54:59.416678
1953,account_created,2026-03-30 14:54:59.416678
1953,kyc_started,2026-03-31 19:54:59.416678
1953,kyc_completed,2026-04-02 00:54:59.416678
1953,deposit_made,2026-04-02 10:54:59.416678
1953,transaction_made,2026-04-02 19:54:59.416678
1953,credit_product_viewed,2026-04-06 19:54:59.416678
1953,credit_application_started,2026-04-08 16:54:59.416678
1953,credit_application_cancelled,2026-04-09 00:54:59.416678
1954,app_opened,2026-04-03 23:54:59.416713
1954,account_created,2026-04-03 22:54:59.416713
1954,kyc_started,2026-04-05 12:54:59.416713
1954,kyc_completed,2026-04-06 14:54:59.416713
1955,app_opened,2026-03-18 23:54:59.416730
1955,account_created,2026-03-19 20:54:59.416730
1956,app_opened,2026-04-05 22:54:59.416740
1956,account_created,2026-04-06 18:54:59.416740
1956,kyc_started,2026-04-08 20:54:59.416740
1957,app_opened,2026-03-03 20:54:59.416754
1957,account_created,2026-03-04 01:54:59.416754
1957,kyc_started,2026-03-06 00:54:59.416754
1958,app_opened,2026-04-02 19:54:59.416767
1958,account_created,2026-04-02 13:54:59.416767
1959,app_opened,2026-04-09 19:54:59.416777
1960,app_opened,2026-03-04 16:54:59.416784
1960,account_created,2026-03-05 22:54:59.416784
1960,kyc_started,2026-03-08 15:54:59.416784
1961,app_opened,2026-03-14 19:54:59.416798
1961,account_created,2026-03-15 23:54:59.416798
1961,kyc_started,2026-03-17 20:54:59.416798
1962,app_opened,2026-03-08 02:54:59.416812
1962,account_created,2026-03-07 23:54:59.416812
1962,kyc_started,2026-03-08 06:54:59.416812
1962,kyc_completed,2026-03-11 14:54:59.416812
1962,deposit_made,2026-03-12 18:54:59.416812
1962,transaction_made,2026-03-13 00:54:59.416812
1962,credit_product_viewed,2026-03-21 00:54:59.416812
1962,credit_application_started,2026-03-22 12:54:59.416812
1962,credit_application_cancelled,2026-03-23 00:54:59.416812
1963,app_opened,2026-03-19 07:54:59.416859
1963,account_created,2026-03-20 04:54:59.416859
1963,kyc_started,2026-03-21 16:54:59.416859
1963,kyc_completed,2026-03-26 13:54:59.416859
1963,deposit_made,2026-03-28 04:54:59.416859
1963,transaction_made,2026-03-29 03:54:59.416859
1964,app_opened,2026-04-09 21:54:59.416887
1964,account_created,2026-04-10 13:54:59.416887
1964,kyc_started,2026-04-12 04:54:59.416887
1964,kyc_completed,2026-04-16 04:54:59.416887
1965,app_opened,2026-03-16 22:54:59.416904
1965,account_created,2026-03-17 19:54:59.416904
1966,app_opened,2026-03-11 19:54:59.416917
1967,app_opened,2026-03-09 10:54:59.416925
1967,account_created,2026-03-10 07:54:59.416925
1967,kyc_started,2026-03-10 17:54:59.416925
1968,app_opened,2026-03-15 22:54:59.416938
1968,account_created,2026-03-17 07:54:59.416938
1968,kyc_started,2026-03-18 06:54:59.416938
1969,app_opened,2026-04-17 05:54:59.416952
1970,app_opened,2026-04-10 19:54:59.416959
1970,account_created,2026-04-11 10:54:59.416959
1970,kyc_started,2026-04-13 12:54:59.416959
1971,app_opened,2026-03-25 07:54:59.416973
1971,account_created,2026-03-25 06:54:59.416973
1971,kyc_started,2026-03-26 22:54:59.416973
1971,kyc_completed,2026-03-31 16:54:59.416973
1971,deposit_made,2026-04-01 09:54:59.416973
1971,transaction_made,2026-04-01 15:54:59.416973
1971,credit_product_viewed,2026-04-05 15:54:59.416973
1971,credit_application_started,2026-04-06 06:54:59.416973
1971,credit_application_completed,2026-04-07 03:54:59.416973
1972,app_opened,2026-03-08 11:54:59.417008
1972,account_created,2026-03-08 15:54:59.417008
1972,kyc_started,2026-03-08 18:54:59.417008
1973,app_opened,2026-04-15 02:54:59.417021
1973,account_created,2026-04-15 08:54:59.417021
1973,kyc_started,2026-04-15 09:54:59.417021
1974,app_opened,2026-03-15 09:54:59.417034
1974,account_created,2026-03-16 09:54:59.417034
1974,kyc_started,2026-03-18 09:54:59.417034
1975,app_opened,2026-04-06 15:54:59.417048
1975,account_created,2026-04-07 16:54:59.417048
1975,kyc_started,2026-04-08 20:54:59.417048
1976,app_opened,2026-04-12 06:54:59.417061
1977,app_opened,2026-03-10 20:54:59.417068
1977,account_created,2026-03-11 13:54:59.417068
1978,app_opened,2026-04-07 01:54:59.417078
1978,account_created,2026-04-07 13:54:59.417078
1978,kyc_started,2026-04-07 18:54:59.417078
1979,app_opened,2026-04-10 18:54:59.417092
1980,app_opened,2026-04-11 20:54:59.417099
1980,account_created,2026-04-12 22:54:59.417099
1980,kyc_started,2026-04-13 11:54:59.417099
1980,kyc_completed,2026-04-17 16:54:59.417099
1980,deposit_made,2026-04-19 08:54:59.417099
1981,app_opened,2026-03-20 06:54:59.417119
1981,account_created,2026-03-20 09:54:59.417119
1982,app_opened,2026-04-11 06:54:59.417130
1982,account_created,2026-04-11 06:54:59.417130
1982,kyc_started,2026-04-12 01:54:59.417130
1982,kyc_completed,2026-04-15 15:54:59.417130
1982,deposit_made,2026-04-16 17:54:59.417130
1982,transaction_made,2026-04-16 19:54:59.417130
1983,app_opened,2026-03-19 06:54:59.417159
1983,account_created,2026-03-19 22:54:59.417159
1983,kyc_started,2026-03-22 17:54:59.417159
1983,kyc_completed,2026-03-27 04:54:59.417159
1983,deposit_made,2026-03-28 14:54:59.417159
1983,transaction_made,2026-03-29 13:54:59.417159
1984,app_opened,2026-03-24 02:54:59.417183
1984,account_created,2026-03-24 03:54:59.417183
1984,kyc_started,2026-03-26 13:54:59.417183
1985,app_opened,2026-03-31 05:54:59.417196
1985,account_created,2026-03-31 12:54:59.417196
1985,kyc_started,2026-04-03 03:54:59.417196
1985,kyc_completed,2026-04-04 16:54:59.417196
1985,deposit_made,2026-04-05 23:54:59.417196
1985,transaction_made,2026-04-06 09:54:59.417196
1986,app_opened,2026-03-31 06:54:59.417219
1986,account_created,2026-03-31 18:54:59.417219
1987,app_opened,2026-04-05 11:54:59.417230
1987,account_created,2026-04-06 22:54:59.417230
1988,app_opened,2026-03-13 02:54:59.417240
1988,account_created,2026-03-13 05:54:59.417240
1989,app_opened,2026-03-14 09:54:59.417251
1989,account_created,2026-03-15 04:54:59.417251
1989,kyc_started,2026-03-17 02:54:59.417251
1990,app_opened,2026-04-15 06:54:59.417264
1991,app_opened,2026-03-17 01:54:59.417271
1991,account_created,2026-03-17 17:54:59.417271
1991,kyc_started,2026-03-17 23:54:59.417271
1992,app_opened,2026-04-11 23:54:59.417284
1993,app_opened,2026-04-04 07:54:59.417294
1993,account_created,2026-04-05 06:54:59.417294
1993,kyc_started,2026-04-06 09:54:59.417294
1993,kyc_completed,2026-04-10 15:54:59.417294
1993,deposit_made,2026-04-11 16:54:59.417294
1993,transaction_made,2026-04-12 15:54:59.417294
1993,credit_product_viewed,2026-04-17 15:54:59.417294
1993,credit_application_started,2026-04-17 16:54:59.417294
1993,credit_application_cancelled,2026-04-18 14:54:59.417294
1994,app_opened,2026-03-27 14:54:59.417329
1995,app_opened,2026-04-03 20:54:59.417348
1996,app_opened,2026-03-23 10:54:59.417355
1996,account_created,2026-03-24 23:54:59.417355
1996,kyc_started,2026-03-26 09:54:59.417355
1997,app_opened,2026-03-22 06:54:59.417368
1997,account_created,2026-03-23 01:54:59.417368
1997,kyc_started,2026-03-24 12:54:59.417368
1997,kyc_completed,2026-03-25 13:54:59.417368
1997,deposit_made,2026-03-26 16:54:59.417368
1997,transaction_made,2026-03-26 23:54:59.417368
1998,app_opened,2026-03-17 17:54:59.417392
1998,account_created,2026-03-19 01:54:59.417392
1998,kyc_started,2026-03-19 07:54:59.417392
1999,app_opened,2026-03-20 13:54:59.417406
1999,account_created,2026-03-20 23:54:59.417406
1999,kyc_started,2026-03-21 14:54:59.417406
1999,kyc_completed,2026-03-25 04:54:59.417406
1999,deposit_made,2026-03-26 15:54:59.417406
1999,transaction_made,2026-03-27 15:54:59.417406
1999,credit_product_viewed,2026-04-07 15:54:59.417406
1999,credit_application_started,2026-04-09 13:54:59.417406
1999,credit_application_cancelled,2026-04-10 02:54:59.417406
2000,app_opened,2026-03-31 02:54:59.417481
2000,account_created,2026-03-31 21:54:59.417481
2000,kyc_started,2026-04-01 13:54:59.417481
2000,kyc_completed,2026-04-03 14:54:59.417481
2001,app_opened,2026-03-14 00:54:59.417499
2001,account_created,2026-03-14 18:54:59.417499
2002,app_opened,2026-03-19 00:54:59.417509
2002,account_created,2026-03-18 23:54:59.417509
2002,kyc_started,2026-03-21 01:54:59.417509
2002,kyc_completed,2026-03-25 17:54:59.417509
2003,app_opened,2026-04-02 22:54:59.417526
2003,account_created,2026-04-03 13:54:59.417526
2004,app_opened,2026-03-21 04:54:59.417536
2004,account_created,2026-03-22 03:54:59.417536
2005,app_opened,2026-04-05 15:54:59.417546
2005,account_created,2026-04-05 11:54:59.417546
2005,kyc_started,2026-04-06 07:54:59.417546
2005,kyc_completed,2026-04-08 15:54:59.417546
2006,app_opened,2026-03-26 23:54:59.417564
2006,account_created,2026-03-28 02:54:59.417564
2006,kyc_started,2026-03-30 03:54:59.417564
2006,kyc_completed,2026-04-01 16:54:59.417564
2007,app_opened,2026-04-03 14:54:59.417580
2007,account_created,2026-04-04 06:54:59.417580
2007,kyc_started,2026-04-06 15:54:59.417580
2007,kyc_completed,2026-04-09 23:54:59.417580
2007,deposit_made,2026-04-10 15:54:59.417580
2007,transaction_made,2026-04-11 01:54:59.417580
2008,app_opened,2026-04-09 02:54:59.417604
2009,app_opened,2026-04-14 12:54:59.417611
2009,account_created,2026-04-15 11:54:59.417611
2009,kyc_started,2026-04-15 14:54:59.417611
2010,app_opened,2026-04-08 08:54:59.417624
2011,app_opened,2026-03-25 10:54:59.417634
2011,account_created,2026-03-25 15:54:59.417634
2011,kyc_started,2026-03-25 16:54:59.417634
2011,kyc_completed,2026-03-29 16:54:59.417634
2011,deposit_made,2026-03-30 17:54:59.417634
2011,transaction_made,2026-03-30 21:54:59.417634
2012,app_opened,2026-03-08 10:54:59.417658
2012,account_created,2026-03-08 13:54:59.417658
2012,kyc_started,2026-03-11 02:54:59.417658
2013,app_opened,2026-03-07 21:54:59.417672
2013,account_created,2026-03-09 00:54:59.417672
2013,kyc_started,2026-03-10 07:54:59.417672
2014,app_opened,2026-03-09 17:54:59.417685
2014,account_created,2026-03-11 01:54:59.417685
2014,kyc_started,2026-03-11 21:54:59.417685
2014,kyc_completed,2026-03-14 19:54:59.417685
2014,deposit_made,2026-03-15 14:54:59.417685
2014,transaction_made,2026-03-15 20:54:59.417685
2015,app_opened,2026-03-24 17:54:59.417710
2016,app_opened,2026-03-26 08:54:59.417717
2016,account_created,2026-03-26 04:54:59.417717
2016,kyc_started,2026-03-28 15:54:59.417717
2016,kyc_completed,2026-04-01 12:54:59.417717
2017,app_opened,2026-03-23 13:54:59.417737
2017,account_created,2026-03-24 07:54:59.417737
2017,kyc_started,2026-03-26 11:54:59.417737
2017,kyc_completed,2026-03-29 16:54:59.417737
2017,deposit_made,2026-03-30 21:54:59.417737
2017,transaction_made,2026-03-31 10:54:59.417737
2018,app_opened,2026-03-27 19:54:59.417765
2018,account_created,2026-03-27 17:54:59.417765
2019,app_opened,2026-04-04 16:54:59.417776
2019,account_created,2026-04-04 21:54:59.417776
2019,kyc_started,2026-04-06 20:54:59.417776
2020,app_opened,2026-03-13 22:54:59.417792
2020,account_created,2026-03-14 04:54:59.417792
2020,kyc_started,2026-03-14 23:54:59.417792
2020,kyc_completed,2026-03-18 20:54:59.417792
2021,app_opened,2026-03-30 04:54:59.417809
2021,account_created,2026-03-29 21:54:59.417809
2021,kyc_started,2026-04-01 20:54:59.417809
2022,app_opened,2026-03-06 21:54:59.417823
2023,app_opened,2026-03-21 14:54:59.417830
2024,app_opened,2026-04-17 07:54:59.417837
2024,account_created,2026-04-17 21:54:59.417837
2024,kyc_started,2026-04-19 08:54:59.417837
2025,app_opened,2026-03-06 03:54:59.417856
2025,account_created,2026-03-07 02:54:59.417856
2025,kyc_started,2026-03-08 04:54:59.417856
2025,kyc_completed,2026-03-10 20:54:59.417856
2025,deposit_made,2026-03-12 20:54:59.417856
2025,transaction_made,2026-03-13 12:54:59.417856
2026,app_opened,2026-03-10 01:54:59.417880
2026,account_created,2026-03-09 11:54:59.417880
2026,kyc_started,2026-03-09 20:54:59.417880
2026,kyc_completed,2026-03-10 21:54:59.417880
2027,app_opened,2026-04-14 19:54:59.417897
2028,app_opened,2026-03-28 20:54:59.417904
2028,account_created,2026-03-28 18:54:59.417904
2029,app_opened,2026-03-29 11:54:59.417914
2029,account_created,2026-03-30 05:54:59.417914
2029,kyc_started,2026-04-01 15:54:59.417914
2029,kyc_completed,2026-04-06 09:54:59.417914
2029,deposit_made,2026-04-07 05:54:59.417914
2029,transaction_made,2026-04-07 23:54:59.417914
2029,credit_product_viewed,2026-04-10 23:54:59.417914
2029,credit_application_started,2026-04-11 10:54:59.417914
2029,credit_application_cancelled,2026-04-12 04:54:59.417914
2030,app_opened,2026-03-09 22:54:59.417950
2030,account_created,2026-03-10 20:54:59.417950
2030,kyc_started,2026-03-12 08:54:59.417950
2031,app_opened,2026-04-02 12:54:59.417963
2031,account_created,2026-04-02 18:54:59.417963
2032,app_opened,2026-04-11 10:54:59.417974
2032,account_created,2026-04-12 09:54:59.417974
2032,kyc_started,2026-04-14 23:54:59.417974
2032,kyc_completed,2026-04-16 01:54:59.417974
2033,app_opened,2026-03-25 23:54:59.417990
2033,account_created,2026-03-25 20:54:59.417990
2033,kyc_started,2026-03-25 23:54:59.417990
2034,app_opened,2026-03-07 03:54:59.418004
2034,account_created,2026-03-07 06:54:59.418004
2035,app_opened,2026-03-25 11:54:59.418014
2035,account_created,2026-03-27 00:54:59.418014
2035,kyc_started,2026-03-29 03:54:59.418014
2036,app_opened,2026-04-11 06:54:59.418028
2036,account_created,2026-04-12 01:54:59.418028
2036,kyc_started,2026-04-12 12:54:59.418028
2036,kyc_completed,2026-04-16 03:54:59.418028
2036,deposit_made,2026-04-17 17:54:59.418028
2036,transaction_made,2026-04-17 23:54:59.418028
2037,app_opened,2026-04-01 15:54:59.418073
2037,account_created,2026-04-02 18:54:59.418073
2038,app_opened,2026-04-17 00:54:59.418084
2038,account_created,2026-04-16 19:54:59.418084
2038,kyc_started,2026-04-18 02:54:59.418084
2039,app_opened,2026-04-01 23:54:59.418109
2040,app_opened,2026-03-27 10:54:59.418116
2040,account_created,2026-03-29 03:54:59.418116
2040,kyc_started,2026-03-29 14:54:59.418116
2040,kyc_completed,2026-03-30 18:54:59.418116
2040,deposit_made,2026-04-01 10:54:59.418116
2040,transaction_made,2026-04-02 05:54:59.418116
2040,credit_product_viewed,2026-04-09 05:54:59.418116
2040,credit_application_started,2026-04-09 18:54:59.418116
2040,credit_application_cancelled,2026-04-10 07:54:59.418116
2041,app_opened,2026-03-24 10:54:59.418148
2041,account_created,2026-03-25 02:54:59.418148
2041,kyc_started,2026-03-26 21:54:59.418148
2041,kyc_completed,2026-03-30 14:54:59.418148
2042,app_opened,2026-03-21 22:54:59.418168
2042,account_created,2026-03-21 17:54:59.418168
2043,app_opened,2026-04-02 02:54:59.418178
2043,account_created,2026-04-02 03:54:59.418178
2043,kyc_started,2026-04-04 13:54:59.418178
2044,app_opened,2026-04-13 06:54:59.418191
2045,app_opened,2026-03-16 12:54:59.418198
2045,account_created,2026-03-16 17:54:59.418198
2046,app_opened,2026-04-11 16:54:59.418209
2046,account_created,2026-04-12 08:54:59.418209
2046,kyc_started,2026-04-13 15:54:59.418209
2047,app_opened,2026-04-13 09:54:59.418222
2047,account_created,2026-04-15 08:54:59.418222
2048,app_opened,2026-03-09 11:54:59.418232
2048,account_created,2026-03-11 01:54:59.418232
2049,app_opened,2026-03-20 05:54:59.418243
2050,app_opened,2026-03-06 12:54:59.418249
2050,account_created,2026-03-06 12:54:59.418249
2051,app_opened,2026-04-06 08:54:59.418263
2052,app_opened,2026-04-06 11:54:59.418270
2052,account_created,2026-04-06 14:54:59.418270
2052,kyc_started,2026-04-07 20:54:59.418270
2052,kyc_completed,2026-04-12 15:54:59.418270
2052,deposit_made,2026-04-13 12:54:59.418270
2052,transaction_made,2026-04-13 19:54:59.418270
2053,app_opened,2026-04-06 07:54:59.418294
2054,app_opened,2026-03-11 07:54:59.418300
2054,account_created,2026-03-11 03:54:59.418300
2055,app_opened,2026-03-11 10:54:59.418310
2055,account_created,2026-03-12 17:54:59.418310
2055,kyc_started,2026-03-13 16:54:59.418310
2056,app_opened,2026-04-01 13:54:59.418324
2057,app_opened,2026-03-12 15:54:59.418341
2057,account_created,2026-03-14 05:54:59.418341
2058,app_opened,2026-04-05 14:54:59.418352
2058,account_created,2026-04-05 23:54:59.418352
2058,kyc_started,2026-04-07 13:54:59.418352
2059,app_opened,2026-03-17 05:54:59.418366
2059,account_created,2026-03-17 12:54:59.418366
2059,kyc_started,2026-03-19 09:54:59.418366
2060,app_opened,2026-03-15 09:54:59.418379
2060,account_created,2026-03-17 04:54:59.418379
2060,kyc_started,2026-03-18 01:54:59.418379
2060,kyc_completed,2026-03-19 09:54:59.418379
2060,deposit_made,2026-03-21 08:54:59.418379
2060,transaction_made,2026-03-21 22:54:59.418379
2060,credit_product_viewed,2026-04-03 22:54:59.418379
2060,credit_application_started,2026-04-05 20:54:59.418379
2060,credit_application_cancelled,2026-04-06 20:54:59.418379
2061,app_opened,2026-03-05 11:54:59.418418
2061,account_created,2026-03-06 08:54:59.418418
2061,kyc_started,2026-03-06 17:54:59.418418
2061,kyc_completed,2026-03-11 14:54:59.418418
2062,app_opened,2026-03-20 20:54:59.418435
2062,account_created,2026-03-21 15:54:59.418435
2062,kyc_started,2026-03-23 06:54:59.418435
2063,app_opened,2026-03-29 02:54:59.418449
2064,app_opened,2026-04-05 16:54:59.418456
2064,account_created,2026-04-05 11:54:59.418456
2064,kyc_started,2026-04-07 16:54:59.418456
2064,kyc_completed,2026-04-11 03:54:59.418456
2064,deposit_made,2026-04-12 05:54:59.418456
2064,transaction_made,2026-04-12 20:54:59.418456
2065,app_opened,2026-04-09 08:54:59.418481
2065,account_created,2026-04-09 11:54:59.418481
2066,app_opened,2026-04-09 19:54:59.418491
2066,account_created,2026-04-11 01:54:59.418491
2066,kyc_started,2026-04-13 00:54:59.418491
2066,kyc_completed,2026-04-17 12:54:59.418491
2067,app_opened,2026-04-09 03:54:59.418508
2068,app_opened,2026-04-04 12:54:59.418514
2068,account_created,2026-04-05 15:54:59.418514
2068,kyc_started,2026-04-07 11:54:59.418514
2068,kyc_completed,2026-04-11 02:54:59.418514
2068,deposit_made,2026-04-11 22:54:59.418514
2069,app_opened,2026-03-13 17:54:59.418534
2069,account_created,2026-03-14 16:54:59.418534
2069,kyc_started,2026-03-17 08:54:59.418534
2069,kyc_completed,2026-03-19 04:54:59.418534
2069,deposit_made,2026-03-20 23:54:59.418534
2069,transaction_made,2026-03-21 03:54:59.418534
2069,credit_product_viewed,2026-03-27 03:54:59.418534
2069,credit_application_started,2026-03-29 01:54:59.418534
2069,credit_application_cancelled,2026-03-29 11:54:59.418534
2070,app_opened,2026-04-08 16:54:59.418572
2070,account_created,2026-04-09 16:54:59.418572
2071,app_opened,2026-03-23 00:54:59.418583
2071,account_created,2026-03-23 04:54:59.418583
2071,kyc_started,2026-03-25 00:54:59.418583
2072,app_opened,2026-03-06 04:54:59.418596
2072,account_created,2026-03-05 16:54:59.418596
2072,kyc_started,2026-03-08 12:54:59.418596
2072,kyc_completed,2026-03-13 08:54:59.418596
2072,deposit_made,2026-03-15 05:54:59.418596
2073,app_opened,2026-03-26 03:54:59.418616
2074,app_opened,2026-04-13 09:54:59.418623
2074,account_created,2026-04-14 11:54:59.418623
2074,kyc_started,2026-04-16 05:54:59.418623
2075,app_opened,2026-03-29 05:54:59.418637
2076,app_opened,2026-03-18 17:54:59.418644
2076,account_created,2026-03-19 21:54:59.418644
2077,app_opened,2026-03-04 15:54:59.418654
2078,app_opened,2026-03-29 05:54:59.418661
2078,account_created,2026-03-28 23:54:59.418661
2079,app_opened,2026-03-09 16:54:59.418671
2079,account_created,2026-03-10 00:54:59.418671
2079,kyc_started,2026-03-12 13:54:59.418671
2080,app_opened,2026-03-29 01:54:59.418685
2081,app_opened,2026-03-24 13:54:59.418691
2081,account_created,2026-03-24 14:54:59.418691
2081,kyc_started,2026-03-27 02:54:59.418691
2082,app_opened,2026-03-31 11:54:59.418705
2082,account_created,2026-03-31 21:54:59.418705
2083,app_opened,2026-04-01 07:54:59.418721
2083,account_created,2026-03-31 12:54:59.418721
2083,kyc_started,2026-04-01 17:54:59.418721
2084,app_opened,2026-03-28 20:54:59.418735
2084,account_created,2026-03-29 15:54:59.418735
2084,kyc_started,2026-03-31 02:54:59.418735
2085,app_opened,2026-03-17 19:54:59.418748
2085,account_created,2026-03-18 19:54:59.418748
2085,kyc_started,2026-03-19 20:54:59.418748
2086,app_opened,2026-03-11 04:54:59.418762
2086,account_created,2026-03-12 07:54:59.418762
2086,kyc_started,2026-03-13 08:54:59.418762
2086,kyc_completed,2026-03-17 00:54:59.418762
2086,deposit_made,2026-03-18 01:54:59.418762
2086,transaction_made,2026-03-18 02:54:59.418762
2086,credit_product_viewed,2026-03-22 02:54:59.418762
2086,credit_application_started,2026-03-22 12:54:59.418762
2086,credit_application_completed,2026-03-22 13:54:59.418762
2087,app_opened,2026-03-08 05:54:59.418795
2087,account_created,2026-03-07 14:54:59.418795
2087,kyc_started,2026-03-08 09:54:59.418795
2087,kyc_completed,2026-03-11 09:54:59.418795
2088,app_opened,2026-03-10 23:54:59.418812
2088,account_created,2026-03-10 15:54:59.418812
2089,app_opened,2026-03-19 17:54:59.418822
2089,account_created,2026-03-20 23:54:59.418822
2089,kyc_started,2026-03-21 20:54:59.418822
2089,kyc_completed,2026-03-24 13:54:59.418822
2090,app_opened,2026-04-10 10:54:59.418844
2091,app_opened,2026-03-14 00:54:59.418851
2091,account_created,2026-03-14 05:54:59.418851
2092,app_opened,2026-03-25 02:54:59.418864
2092,account_created,2026-03-25 12:54:59.418864
2092,kyc_started,2026-03-27 15:54:59.418864
2092,kyc_completed,2026-03-31 21:54:59.418864
2093,app_opened,2026-04-16 05:54:59.418881
2093,account_created,2026-04-16 21:54:59.418881
2094,app_opened,2026-04-16 01:54:59.418891
2094,account_created,2026-04-17 06:54:59.418891
2095,app_opened,2026-03-17 11:54:59.418901
2096,app_opened,2026-04-09 13:54:59.418908
2096,account_created,2026-04-09 19:54:59.418908
2097,app_opened,2026-04-02 11:54:59.418918
2097,account_created,2026-04-03 07:54:59.418918
2097,kyc_started,2026-04-05 12:54:59.418918
2097,kyc_completed,2026-04-06 20:54:59.418918
2097,deposit_made,2026-04-08 07:54:59.418918
2097,transaction_made,2026-04-08 21:54:59.418918
2098,app_opened,2026-03-24 07:54:59.418942
2098,account_created,2026-03-23 14:54:59.418942
2099,app_opened,2026-03-20 14:54:59.418952
2099,account_created,2026-03-21 01:54:59.418952
2099,kyc_started,2026-03-21 09:54:59.418952
2100,app_opened,2026-03-13 09:54:59.418966
2100,account_created,2026-03-15 05:54:59.418966
2100,kyc_started,2026-03-15 11:54:59.418966
2100,kyc_completed,2026-03-17 16:54:59.418966
2101,app_opened,2026-04-10 01:54:59.418987
2101,account_created,2026-04-10 09:54:59.418987
2102,app_opened,2026-03-06 21:54:59.418997
2102,account_created,2026-03-07 03:54:59.418997
2102,kyc_started,2026-03-09 09:54:59.418997
2102,kyc_completed,2026-03-10 14:54:59.418997
2102,deposit_made,2026-03-10 17:54:59.418997
2102,transaction_made,2026-03-11 12:54:59.418997
2103,app_opened,2026-03-27 07:54:59.419026
2103,account_created,2026-03-27 08:54:59.419026
2103,kyc_started,2026-03-28 06:54:59.419026
2103,kyc_completed,2026-03-30 01:54:59.419026
2104,app_opened,2026-03-09 08:54:59.419043
2104,account_created,2026-03-09 02:54:59.419043
2104,kyc_started,2026-03-11 20:54:59.419043
2104,kyc_completed,2026-03-13 21:54:59.419043
2105,app_opened,2026-04-01 19:54:59.419060
2105,account_created,2026-04-02 01:54:59.419060
2105,kyc_started,2026-04-03 14:54:59.419060
2105,kyc_completed,2026-04-06 23:54:59.419060
2106,app_opened,2026-03-08 06:54:59.419076
2106,account_created,2026-03-08 10:54:59.419076
2106,kyc_started,2026-03-09 01:54:59.419076
2106,kyc_completed,2026-03-10 14:54:59.419076
2107,app_opened,2026-04-04 15:54:59.419096
2107,account_created,2026-04-06 08:54:59.419096
2108,app_opened,2026-03-05 06:54:59.419106
2108,account_created,2026-03-05 22:54:59.419106
2109,app_opened,2026-03-25 23:54:59.419116
2109,account_created,2026-03-27 01:54:59.419116
2109,kyc_started,2026-03-28 10:54:59.419116
2109,kyc_completed,2026-03-29 13:54:59.419116
2109,deposit_made,2026-03-30 03:54:59.419116
2110,app_opened,2026-03-27 15:54:59.419137
2110,account_created,2026-03-29 07:54:59.419137
2110,kyc_started,2026-03-31 01:54:59.419137
2110,kyc_completed,2026-04-03 03:54:59.419137
2111,app_opened,2026-04-08 00:54:59.419156
2111,account_created,2026-04-08 23:54:59.419156
2111,kyc_started,2026-04-10 07:54:59.419156
2111,kyc_completed,2026-04-11 20:54:59.419156
2112,app_opened,2026-04-17 04:54:59.419172
2112,account_created,2026-04-16 09:54:59.419172
2113,app_opened,2026-04-17 18:54:59.419183
2113,account_created,2026-04-19 07:54:59.419183
2113,kyc_started,2026-04-20 04:54:59.419183
2113,kyc_completed,2026-04-23 03:54:59.419183
2113,deposit_made,2026-04-23 16:54:59.419183
2114,app_opened,2026-03-25 11:54:59.419222
2114,account_created,2026-03-27 02:54:59.419222
2114,kyc_started,2026-03-27 07:54:59.419222
2115,app_opened,2026-03-29 13:54:59.419236
2115,account_created,2026-03-29 22:54:59.419236
2115,kyc_started,2026-03-30 02:54:59.419236
2116,app_opened,2026-03-18 14:54:59.419251
2116,account_created,2026-03-18 14:54:59.419251
2117,app_opened,2026-03-20 03:54:59.419261
2117,account_created,2026-03-20 02:54:59.419261
2117,kyc_started,2026-03-22 16:54:59.419261
2117,kyc_completed,2026-03-27 08:54:59.419261
2117,deposit_made,2026-03-27 13:54:59.419261
2117,transaction_made,2026-03-28 02:54:59.419261
2117,credit_product_viewed,2026-04-05 02:54:59.419261
2117,credit_application_started,2026-04-06 06:54:59.419261
2117,credit_application_cancelled,2026-04-06 20:54:59.419261
2118,app_opened,2026-04-06 09:54:59.419295
2118,account_created,2026-04-06 11:54:59.419295
2118,kyc_started,2026-04-07 23:54:59.419295
2119,app_opened,2026-03-18 15:54:59.419308
2119,account_created,2026-03-18 10:54:59.419308
2119,kyc_started,2026-03-19 11:54:59.419308
2119,kyc_completed,2026-03-22 20:54:59.419308
2120,app_opened,2026-03-07 10:54:59.419340
2121,app_opened,2026-03-22 02:54:59.419348
2122,app_opened,2026-03-17 16:54:59.419355
2122,account_created,2026-03-19 08:54:59.419355
2122,kyc_started,2026-03-21 07:54:59.419355
2122,kyc_completed,2026-03-24 06:54:59.419355
2122,deposit_made,2026-03-25 13:54:59.419355
2122,transaction_made,2026-03-26 01:54:59.419355
2123,app_opened,2026-03-26 08:54:59.419378
2123,account_created,2026-03-25 18:54:59.419378
2123,kyc_started,2026-03-27 15:54:59.419378
2123,kyc_completed,2026-03-31 17:54:59.419378
2123,deposit_made,2026-04-01 23:54:59.419378
2124,app_opened,2026-03-30 13:54:59.419401
2124,account_created,2026-03-31 16:54:59.419401
2124,kyc_started,2026-04-02 21:54:59.419401
2124,kyc_completed,2026-04-06 04:54:59.419401
2124,deposit_made,2026-04-06 21:54:59.419401
2125,app_opened,2026-03-27 20:54:59.419422
2125,account_created,2026-03-28 13:54:59.419422
2126,app_opened,2026-03-05 14:54:59.419432
2127,app_opened,2026-03-28 01:54:59.419439
2128,app_opened,2026-03-08 13:54:59.419446
2128,account_created,2026-03-09 19:54:59.419446
2128,kyc_started,2026-03-10 16:54:59.419446
2129,app_opened,2026-03-12 13:54:59.419459
2130,app_opened,2026-04-05 07:54:59.419466
2130,account_created,2026-04-05 11:54:59.419466
2131,app_opened,2026-03-17 02:54:59.419476
2131,account_created,2026-03-16 15:54:59.419476
2131,kyc_started,2026-03-18 00:54:59.419476
2132,app_opened,2026-03-06 14:54:59.419493
2132,account_created,2026-03-08 04:54:59.419493
2133,app_opened,2026-03-28 00:54:59.419503
2133,account_created,2026-03-29 07:54:59.419503
2134,app_opened,2026-03-26 02:54:59.419514
2135,app_opened,2026-03-16 06:54:59.419520
2135,account_created,2026-03-15 23:54:59.419520
2135,kyc_started,2026-03-18 04:54:59.419520
2136,app_opened,2026-04-11 16:54:59.419534
2136,account_created,2026-04-12 14:54:59.419534
2136,kyc_started,2026-04-13 15:54:59.419534
2137,app_opened,2026-03-16 12:54:59.419548
2137,account_created,2026-03-16 13:54:59.419548
2137,kyc_started,2026-03-18 05:54:59.419548
2137,kyc_completed,2026-03-21 08:54:59.419548
2137,deposit_made,2026-03-21 22:54:59.419548
2137,transaction_made,2026-03-22 02:54:59.419548
2138,app_opened,2026-04-05 09:54:59.419572
2138,account_created,2026-04-06 03:54:59.419572
2138,kyc_started,2026-04-07 03:54:59.419572
2139,app_opened,2026-03-05 11:54:59.419585
2139,account_created,2026-03-06 13:54:59.419585
2140,app_opened,2026-03-21 20:54:59.419595
2140,account_created,2026-03-21 09:54:59.419595
2140,kyc_started,2026-03-23 00:54:59.419595
2140,kyc_completed,2026-03-25 23:54:59.419595
2140,deposit_made,2026-03-27 03:54:59.419595
2140,transaction_made,2026-03-27 19:54:59.419595
2141,app_opened,2026-03-11 10:54:59.419622
2141,account_created,2026-03-11 11:54:59.419622
2141,kyc_started,2026-03-13 08:54:59.419622
2141,kyc_completed,2026-03-18 01:54:59.419622
2141,deposit_made,2026-03-19 02:54:59.419622
2141,transaction_made,2026-03-19 06:54:59.419622
2142,app_opened,2026-03-12 04:54:59.419650
2143,app_opened,2026-03-06 00:54:59.419657
2144,app_opened,2026-03-24 10:54:59.419664
2145,app_opened,2026-04-13 00:54:59.419670
2145,account_created,2026-04-12 14:54:59.419670
2145,kyc_started,2026-04-13 03:54:59.419670
2145,kyc_completed,2026-04-18 02:54:59.419670
2145,deposit_made,2026-04-19 17:54:59.419670
2146,app_opened,2026-04-15 19:54:59.419691
2146,account_created,2026-04-17 06:54:59.419691
2147,app_opened,2026-04-05 04:54:59.419701
2147,account_created,2026-04-04 09:54:59.419701
2147,kyc_started,2026-04-04 13:54:59.419701
2148,app_opened,2026-03-20 11:54:59.419715
2148,account_created,2026-03-21 14:54:59.419715
2148,kyc_started,2026-03-23 16:54:59.419715
2149,app_opened,2026-03-15 05:54:59.419729
2149,account_created,2026-03-15 01:54:59.419729
2149,kyc_started,2026-03-17 20:54:59.419729
2149,kyc_completed,2026-03-21 05:54:59.419729
2149,deposit_made,2026-03-21 16:54:59.419729
2149,transaction_made,2026-03-22 12:54:59.419729
2150,app_opened,2026-04-11 06:54:59.419752
2150,account_created,2026-04-10 13:54:59.419752
2150,kyc_started,2026-04-13 04:54:59.419752
2150,kyc_completed,2026-04-16 05:54:59.419752
2151,app_opened,2026-03-07 14:54:59.419769
2151,account_created,2026-03-07 11:54:59.419769
2151,kyc_started,2026-03-08 16:54:59.419769
2151,kyc_completed,2026-03-13 07:54:59.419769
2152,app_opened,2026-03-17 16:54:59.419788
2152,account_created,2026-03-19 05:54:59.419788
2153,app_opened,2026-04-10 12:54:59.419801
2153,account_created,2026-04-10 17:54:59.419801
2154,app_opened,2026-03-11 03:54:59.419811
2154,account_created,2026-03-11 16:54:59.419811
2154,kyc_started,2026-03-14 00:54:59.419811
2154,kyc_completed,2026-03-17 19:54:59.419811
2155,app_opened,2026-03-26 05:54:59.419828
2155,account_created,2026-03-26 11:54:59.419828
2155,kyc_started,2026-03-27 23:54:59.419828
2155,kyc_completed,2026-04-01 16:54:59.419828
2155,deposit_made,2026-04-01 21:54:59.419828
2155,transaction_made,2026-04-02 19:54:59.419828
2156,app_opened,2026-03-24 01:54:59.419858
2157,app_opened,2026-04-09 12:54:59.419864
2157,account_created,2026-04-09 14:54:59.419864
2157,kyc_started,2026-04-10 16:54:59.419864
2157,kyc_completed,2026-04-14 13:54:59.419864
2157,deposit_made,2026-04-15 06:54:59.419864
2157,transaction_made,2026-04-16 04:54:59.419864
2157,credit_product_viewed,2026-04-23 04:54:59.419864
2157,credit_application_started,2026-04-23 12:54:59.419864
2157,credit_application_cancelled,2026-04-23 20:54:59.419864
2158,app_opened,2026-04-05 13:54:59.419897
2158,account_created,2026-04-07 08:54:59.419897
2159,app_opened,2026-04-17 20:54:59.419907
2159,account_created,2026-04-17 09:54:59.419907
2159,kyc_started,2026-04-18 20:54:59.419907
2159,kyc_completed,2026-04-19 21:54:59.419907
2159,deposit_made,2026-04-20 06:54:59.419907
2159,transaction_made,2026-04-20 14:54:59.419907
2160,app_opened,2026-04-04 15:54:59.419936
2160,account_created,2026-04-05 15:54:59.419936
2160,kyc_started,2026-04-06 04:54:59.419936
2160,kyc_completed,2026-04-10 02:54:59.419936
2161,app_opened,2026-03-14 11:54:59.419953
2161,account_created,2026-03-14 17:54:59.419953
2162,app_opened,2026-04-08 11:54:59.419963
2162,account_created,2026-04-08 13:54:59.419963
2162,kyc_started,2026-04-09 21:54:59.419963
2163,app_opened,2026-03-23 05:54:59.419977
2163,account_created,2026-03-22 23:54:59.419977
2164,app_opened,2026-03-22 10:54:59.419987
2164,account_created,2026-03-22 11:54:59.419987
2165,app_opened,2026-03-23 09:54:59.420037
2165,account_created,2026-03-25 07:54:59.420037
2166,app_opened,2026-03-23 23:54:59.420048
2166,account_created,2026-03-23 23:54:59.420048
2167,app_opened,2026-04-10 00:54:59.420063
2167,account_created,2026-04-10 17:54:59.420063
2168,app_opened,2026-03-08 05:54:59.420073
2168,account_created,2026-03-08 23:54:59.420073
2168,kyc_started,2026-03-11 15:54:59.420073
2169,app_opened,2026-03-22 04:54:59.420089
2169,account_created,2026-03-21 13:54:59.420089
2169,kyc_started,2026-03-22 08:54:59.420089
2170,app_opened,2026-04-15 20:54:59.420102
2170,account_created,2026-04-16 02:54:59.420102
2170,kyc_started,2026-04-17 22:54:59.420102
2170,kyc_completed,2026-04-21 18:54:59.420102
2171,app_opened,2026-03-30 00:54:59.420122
2171,account_created,2026-03-30 09:54:59.420122
2172,app_opened,2026-03-05 03:54:59.420132
2172,account_created,2026-03-06 04:54:59.420132
2172,kyc_started,2026-03-06 22:54:59.420132
2172,kyc_completed,2026-03-08 09:54:59.420132
2173,app_opened,2026-03-28 02:54:59.420150
2173,account_created,2026-03-29 01:54:59.420150
2173,kyc_started,2026-03-30 12:54:59.420150
2174,app_opened,2026-03-31 04:54:59.420163
2174,account_created,2026-03-31 05:54:59.420163
2175,app_opened,2026-03-28 16:54:59.420173
2175,account_created,2026-03-29 07:54:59.420173
2176,app_opened,2026-04-05 19:54:59.420183
2176,account_created,2026-04-06 11:54:59.420183
2176,kyc_started,2026-04-08 18:54:59.420183
2177,app_opened,2026-04-06 04:54:59.420197
2178,app_opened,2026-04-10 07:54:59.420203
2178,account_created,2026-04-11 04:54:59.420203
2178,kyc_started,2026-04-14 02:54:59.420203
2178,kyc_completed,2026-04-16 04:54:59.420203
2179,app_opened,2026-03-12 01:54:59.420220
2179,account_created,2026-03-13 07:54:59.420220
2180,app_opened,2026-03-31 05:54:59.420230
2180,account_created,2026-03-31 23:54:59.420230
2181,app_opened,2026-03-27 14:54:59.420240
2182,app_opened,2026-03-17 20:54:59.420250
2182,account_created,2026-03-18 15:54:59.420250
2183,app_opened,2026-03-12 23:54:59.420261
2183,account_created,2026-03-12 18:54:59.420261
2183,kyc_started,2026-03-13 04:54:59.420261
2183,kyc_completed,2026-03-16 04:54:59.420261
2184,app_opened,2026-03-23 09:54:59.420282
2184,account_created,2026-03-24 01:54:59.420282
2185,app_opened,2026-03-20 02:54:59.420293
2185,account_created,2026-03-20 02:54:59.420293
2185,kyc_started,2026-03-22 08:54:59.420293
2185,kyc_completed,2026-03-23 14:54:59.420293
2186,app_opened,2026-03-09 00:54:59.420309
2186,account_created,2026-03-09 15:54:59.420309
2186,kyc_started,2026-03-11 08:54:59.420309
2186,kyc_completed,2026-03-13 07:54:59.420309
2186,deposit_made,2026-03-13 11:54:59.420309
2186,transaction_made,2026-03-13 14:54:59.420309
2186,credit_product_viewed,2026-03-22 14:54:59.420309
2186,credit_application_started,2026-03-24 01:54:59.420309
2186,credit_application_completed,2026-03-24 05:54:59.420309
2187,app_opened,2026-03-05 22:54:59.420352
2187,account_created,2026-03-07 03:54:59.420352
2187,kyc_started,2026-03-07 05:54:59.420352
2187,kyc_completed,2026-03-11 12:54:59.420352
2188,app_opened,2026-03-30 22:54:59.420369
2188,account_created,2026-03-30 23:54:59.420369
2188,kyc_started,2026-04-01 10:54:59.420369
2189,app_opened,2026-03-26 16:54:59.420383
2189,account_created,2026-03-27 20:54:59.420383
2189,kyc_started,2026-03-29 01:54:59.420383
2189,kyc_completed,2026-04-01 02:54:59.420383
2189,deposit_made,2026-04-02 18:54:59.420383
2189,transaction_made,2026-04-03 00:54:59.420383
2189,credit_product_viewed,2026-04-15 00:54:59.420383
2189,credit_application_started,2026-04-16 16:54:59.420383
2189,credit_application_cancelled,2026-04-17 01:54:59.420383
2190,app_opened,2026-03-17 12:54:59.420417
2190,account_created,2026-03-18 11:54:59.420417
2190,kyc_started,2026-03-20 22:54:59.420417
2191,app_opened,2026-04-06 16:54:59.420430
2191,account_created,2026-04-06 09:54:59.420430
2191,kyc_started,2026-04-08 01:54:59.420430
2191,kyc_completed,2026-04-12 05:54:59.420430
2192,app_opened,2026-03-20 15:54:59.420447
2192,account_created,2026-03-20 14:54:59.420447
2192,kyc_started,2026-03-22 23:54:59.420447
2192,kyc_completed,2026-03-27 21:54:59.420447
2193,app_opened,2026-03-09 21:54:59.420464
2193,account_created,2026-03-10 02:54:59.420464
2193,kyc_started,2026-03-12 17:54:59.420464
2193,kyc_completed,2026-03-16 12:54:59.420464
2193,deposit_made,2026-03-16 14:54:59.420464
2193,transaction_made,2026-03-17 10:54:59.420464
2194,app_opened,2026-03-21 04:54:59.420487
2194,account_created,2026-03-20 18:54:59.420487
2195,app_opened,2026-03-11 07:54:59.420498
2195,account_created,2026-03-10 19:54:59.420498
2196,app_opened,2026-04-04 15:54:59.420508
2196,account_created,2026-04-05 10:54:59.420508
2196,kyc_started,2026-04-07 00:54:59.420508
2197,app_opened,2026-03-25 04:54:59.420521
2198,app_opened,2026-04-17 06:54:59.420528
2199,app_opened,2026-04-03 05:54:59.420535
2199,account_created,2026-04-03 13:54:59.420535
2200,app_opened,2026-04-16 21:54:59.420545
2200,account_created,2026-04-17 08:54:59.420545
2200,kyc_started,2026-04-19 23:54:59.420545
2200,kyc_completed,2026-04-23 08:54:59.420545
2201,app_opened,2026-04-12 22:54:59.420564
2201,account_created,2026-04-12 23:54:59.420564
2201,kyc_started,2026-04-14 09:54:59.420564
2201,kyc_completed,2026-04-16 06:54:59.420564
2201,deposit_made,2026-04-17 20:54:59.420564
2201,transaction_made,2026-04-18 16:54:59.420564
2202,app_opened,2026-04-05 10:54:59.420590
2203,app_opened,2026-03-25 10:54:59.420597
2203,account_created,2026-03-25 14:54:59.420597
2204,app_opened,2026-04-07 11:54:59.420607
2204,account_created,2026-04-08 20:54:59.420607
2204,kyc_started,2026-04-09 07:54:59.420607
2204,kyc_completed,2026-04-11 15:54:59.420607
2204,deposit_made,2026-04-12 10:54:59.420607
2204,transaction_made,2026-04-13 00:54:59.420607
2204,credit_product_viewed,2026-04-16 00:54:59.420607
2204,credit_application_started,2026-04-16 15:54:59.420607
2204,credit_application_cancelled,2026-04-16 21:54:59.420607
2205,app_opened,2026-03-15 11:54:59.420642
2205,account_created,2026-03-15 14:54:59.420642
2205,kyc_started,2026-03-16 13:54:59.420642
2205,kyc_completed,2026-03-20 01:54:59.420642
2206,app_opened,2026-04-07 16:54:59.420659
2206,account_created,2026-04-07 21:54:59.420659
2206,kyc_started,2026-04-08 07:54:59.420659
2206,kyc_completed,2026-04-09 19:54:59.420659
2206,deposit_made,2026-04-10 07:54:59.420659
2206,transaction_made,2026-04-10 22:54:59.420659
2207,app_opened,2026-03-26 08:54:59.420682
2207,account_created,2026-03-26 19:54:59.420682
2208,app_opened,2026-04-02 09:54:59.420692
2208,account_created,2026-04-02 19:54:59.420692
2209,app_opened,2026-03-16 09:54:59.420705
2209,account_created,2026-03-16 12:54:59.420705
2209,kyc_started,2026-03-17 10:54:59.420705
2209,kyc_completed,2026-03-19 05:54:59.420705
2210,app_opened,2026-04-03 04:54:59.420722
2210,account_created,2026-04-03 21:54:59.420722
2211,app_opened,2026-03-19 16:54:59.420732
2211,account_created,2026-03-21 06:54:59.420732
2211,kyc_started,2026-03-22 14:54:59.420732
2211,kyc_completed,2026-03-26 19:54:59.420732
2212,app_opened,2026-04-13 21:54:59.420749
2212,account_created,2026-04-14 03:54:59.420749
2212,kyc_started,2026-04-16 18:54:59.420749
2213,app_opened,2026-03-24 02:54:59.420762
2213,account_created,2026-03-24 10:54:59.420762
2214,app_opened,2026-03-20 05:54:59.420772
2215,app_opened,2026-03-27 04:54:59.420779
2215,account_created,2026-03-28 08:54:59.420779
2215,kyc_started,2026-03-29 17:54:59.420779
2215,kyc_completed,2026-04-01 21:54:59.420779
2215,deposit_made,2026-04-03 05:54:59.420779
2215,transaction_made,2026-04-03 07:54:59.420779
2215,credit_product_viewed,2026-04-13 07:54:59.420779
2215,credit_application_started,2026-04-14 07:54:59.420779
2215,credit_application_cancelled,2026-04-14 11:54:59.420779
2216,app_opened,2026-03-10 22:54:59.420812
2216,account_created,2026-03-11 04:54:59.420812
2216,kyc_started,2026-03-12 21:54:59.420812
2216,kyc_completed,2026-03-17 21:54:59.420812
2216,deposit_made,2026-03-19 01:54:59.420812
2216,transaction_made,2026-03-19 06:54:59.420812
2217,app_opened,2026-03-12 08:54:59.420835
2217,account_created,2026-03-12 04:54:59.420835
2217,kyc_started,2026-03-12 23:54:59.420835
2217,kyc_completed,2026-03-15 04:54:59.420835
2218,app_opened,2026-04-02 00:54:59.420864
2218,account_created,2026-04-03 06:54:59.420864
2218,kyc_started,2026-04-04 09:54:59.420864
2218,kyc_completed,2026-04-07 14:54:59.420864
2219,app_opened,2026-04-02 13:54:59.420881
2220,app_opened,2026-04-11 18:54:59.420888
2220,account_created,2026-04-12 07:54:59.420888
2220,kyc_started,2026-04-14 09:54:59.420888
2221,app_opened,2026-03-21 11:54:59.420901
2221,account_created,2026-03-22 07:54:59.420901
2222,app_opened,2026-03-14 00:54:59.420911
2222,account_created,2026-03-14 15:54:59.420911
2222,kyc_started,2026-03-16 10:54:59.420911
2222,kyc_completed,2026-03-20 02:54:59.420911
2222,deposit_made,2026-03-20 09:54:59.420911
2222,transaction_made,2026-03-21 08:54:59.420911
2223,app_opened,2026-04-14 09:54:59.420935
2223,account_created,2026-04-16 01:54:59.420935
2223,kyc_started,2026-04-16 05:54:59.420935
2223,kyc_completed,2026-04-18 23:54:59.420935
2224,app_opened,2026-03-19 20:54:59.420952
2224,account_created,2026-03-20 03:54:59.420952
2224,kyc_started,2026-03-22 22:54:59.420952
2224,kyc_completed,2026-03-26 06:54:59.420952
2225,app_opened,2026-03-22 01:54:59.420969
2225,account_created,2026-03-22 20:54:59.420969
2226,app_opened,2026-03-13 01:54:59.420979
2226,account_created,2026-03-12 18:54:59.420979
2227,app_opened,2026-03-24 19:54:59.420992
2227,account_created,2026-03-25 13:54:59.420992
2228,app_opened,2026-03-08 17:54:59.421002
2228,account_created,2026-03-08 21:54:59.421002
2228,kyc_started,2026-03-10 23:54:59.421002
2228,kyc_completed,2026-03-13 03:54:59.421002
2228,deposit_made,2026-03-13 23:54:59.421002
2228,transaction_made,2026-03-14 04:54:59.421002
2228,credit_product_viewed,2026-03-24 04:54:59.421002
2228,credit_application_started,2026-03-24 17:54:59.421002
2228,credit_application_cancelled,2026-03-24 22:54:59.421002
2229,app_opened,2026-03-22 02:54:59.421037
2229,account_created,2026-03-21 22:54:59.421037
2229,kyc_started,2026-03-22 07:54:59.421037
2229,kyc_completed,2026-03-23 11:54:59.421037
2229,deposit_made,2026-03-24 18:54:59.421037
2229,transaction_made,2026-03-25 02:54:59.421037
2230,app_opened,2026-04-08 06:54:59.421060
2230,account_created,2026-04-07 14:54:59.421060
2230,kyc_started,2026-04-09 10:54:59.421060
2231,app_opened,2026-03-26 00:54:59.421074
2232,app_opened,2026-04-02 03:54:59.421081
2232,account_created,2026-04-03 08:54:59.421081
2232,kyc_started,2026-04-05 02:54:59.421081
2232,kyc_completed,2026-04-09 15:54:59.421081
2233,app_opened,2026-03-04 03:54:59.421098
2233,account_created,2026-03-04 02:54:59.421098
2234,app_opened,2026-04-02 16:54:59.421108
2234,account_created,2026-04-03 12:54:59.421108
2234,kyc_started,2026-04-05 07:54:59.421108
2235,app_opened,2026-03-30 00:54:59.421121
2236,app_opened,2026-03-23 10:54:59.421128
2237,app_opened,2026-03-29 17:54:59.421138
2237,account_created,2026-03-29 18:54:59.421138
2237,kyc_started,2026-03-30 23:54:59.421138
2238,app_opened,2026-04-02 23:54:59.421157
2239,app_opened,2026-04-12 07:54:59.421163
2239,account_created,2026-04-12 08:54:59.421163
2239,kyc_started,2026-04-14 12:54:59.421163
2239,kyc_completed,2026-04-17 06:54:59.421163
2239,deposit_made,2026-04-17 22:54:59.421163
2239,transaction_made,2026-04-18 14:54:59.421163
2240,app_opened,2026-03-06 11:54:59.421187
2240,account_created,2026-03-06 12:54:59.421187
2240,kyc_started,2026-03-08 20:54:59.421187
2240,kyc_completed,2026-03-12 08:54:59.421187
2241,app_opened,2026-03-27 20:54:59.421204
2241,account_created,2026-03-28 00:54:59.421204
2241,kyc_started,2026-03-30 15:54:59.421204
2242,app_opened,2026-03-24 03:54:59.421218
2242,account_created,2026-03-24 12:54:59.421218
2243,app_opened,2026-03-30 16:54:59.421228
2243,account_created,2026-03-30 19:54:59.421228
2243,kyc_started,2026-04-01 13:54:59.421228
2243,kyc_completed,2026-04-02 23:54:59.421228
2243,deposit_made,2026-04-03 05:54:59.421228
2243,transaction_made,2026-04-03 06:54:59.421228
2243,credit_product_viewed,2026-04-10 06:54:59.421228
2243,credit_application_started,2026-04-11 14:54:59.421228
2243,credit_application_cancelled,2026-04-12 13:54:59.421228
2244,app_opened,2026-03-07 13:54:59.421260
2245,app_opened,2026-04-18 00:54:59.421267
2245,account_created,2026-04-17 17:54:59.421267
2245,kyc_started,2026-04-19 16:54:59.421267
2246,app_opened,2026-03-04 20:54:59.421283
2246,account_created,2026-03-04 14:54:59.421283
2246,kyc_started,2026-03-06 06:54:59.421283
2246,kyc_completed,2026-03-07 10:54:59.421283
2247,app_opened,2026-04-12 10:54:59.421300
2247,account_created,2026-04-12 21:54:59.421300
2248,app_opened,2026-03-24 00:54:59.421311
2248,account_created,2026-03-24 22:54:59.421311
2248,kyc_started,2026-03-27 18:54:59.421311
2248,kyc_completed,2026-04-01 00:54:59.421311
2248,deposit_made,2026-04-01 05:54:59.421311
2248,transaction_made,2026-04-01 14:54:59.421311
2248,credit_product_viewed,2026-04-14 14:54:59.421311
2248,credit_application_started,2026-04-16 11:54:59.421311
2248,credit_application_cancelled,2026-04-17 03:54:59.421311
2249,app_opened,2026-03-10 16:54:59.421352
2249,account_created,2026-03-10 11:54:59.421352
2249,kyc_started,2026-03-12 07:54:59.421352
2250,app_opened,2026-03-05 00:54:59.421366
2250,account_created,2026-03-05 07:54:59.421366
2251,app_opened,2026-03-29 18:54:59.421376
2251,account_created,2026-03-30 10:54:59.421376
2251,kyc_started,2026-03-31 17:54:59.421376
2252,app_opened,2026-03-30 06:54:59.421389
2252,account_created,2026-03-30 00:54:59.421389
2252,kyc_started,2026-03-30 20:54:59.421389
2252,kyc_completed,2026-04-01 03:54:59.421389
2253,app_opened,2026-04-10 13:54:59.421409
2253,account_created,2026-04-11 13:54:59.421409
2253,kyc_started,2026-04-11 23:54:59.421409
2253,kyc_completed,2026-04-14 17:54:59.421409
2254,app_opened,2026-03-11 16:54:59.421426
2254,account_created,2026-03-12 12:54:59.421426
2254,kyc_started,2026-03-15 11:54:59.421426
2255,app_opened,2026-03-30 07:54:59.421445
2255,account_created,2026-03-30 15:54:59.421445
2255,kyc_started,2026-04-01 14:54:59.421445
2255,kyc_completed,2026-04-03 14:54:59.421445
2255,deposit_made,2026-04-03 18:54:59.421445
2255,transaction_made,2026-04-04 03:54:59.421445
2256,app_opened,2026-03-17 23:54:59.421468
2256,account_created,2026-03-18 10:54:59.421468
2257,app_opened,2026-03-28 23:54:59.421478
2257,account_created,2026-03-29 05:54:59.421478
2258,app_opened,2026-03-03 22:54:59.421489
2258,account_created,2026-03-04 21:54:59.421489
2259,app_opened,2026-04-06 09:54:59.421499
2260,app_opened,2026-04-07 17:54:59.421506
2260,account_created,2026-04-08 16:54:59.421506
2261,app_opened,2026-03-27 13:54:59.421516
2261,account_created,2026-03-27 17:54:59.421516
2261,kyc_started,2026-03-30 09:54:59.421516
2262,app_opened,2026-04-06 08:54:59.421530
2262,account_created,2026-04-05 11:54:59.421530
2263,app_opened,2026-03-08 20:54:59.421540
2263,account_created,2026-03-10 00:54:59.421540
2263,kyc_started,2026-03-10 01:54:59.421540
2263,kyc_completed,2026-03-13 17:54:59.421540
2263,deposit_made,2026-03-14 03:54:59.421540
2263,transaction_made,2026-03-15 01:54:59.421540
2264,app_opened,2026-03-16 17:54:59.421563
2264,account_created,2026-03-17 18:54:59.421563
2265,app_opened,2026-03-10 04:54:59.421574
2265,account_created,2026-03-11 07:54:59.421574
2266,app_opened,2026-03-20 08:54:59.421587
2266,account_created,2026-03-20 03:54:59.421587
2266,kyc_started,2026-03-22 14:54:59.421587
2266,kyc_completed,2026-03-25 08:54:59.421587
2266,deposit_made,2026-03-26 22:54:59.421587
2266,transaction_made,2026-03-27 01:54:59.421587
2267,app_opened,2026-03-22 23:54:59.421612
2268,app_opened,2026-03-11 03:54:59.421619
2268,account_created,2026-03-11 05:54:59.421619
2269,app_opened,2026-04-03 23:54:59.421629
2269,account_created,2026-04-05 02:54:59.421629
2270,app_opened,2026-04-04 06:54:59.421639
2271,app_opened,2026-04-01 21:54:59.421646
2271,account_created,2026-04-02 18:54:59.421646
2271,kyc_started,2026-04-03 23:54:59.421646
2272,app_opened,2026-03-20 16:54:59.421659
2272,account_created,2026-03-21 12:54:59.421659
2272,kyc_started,2026-03-21 22:54:59.421659
2273,app_opened,2026-04-01 02:54:59.421673
2273,account_created,2026-04-01 19:54:59.421673
2274,app_opened,2026-04-17 01:54:59.421683
2275,app_opened,2026-03-08 18:54:59.421690
2275,account_created,2026-03-10 03:54:59.421690
2275,kyc_started,2026-03-11 07:54:59.421690
2275,kyc_completed,2026-03-15 05:54:59.421690
2275,deposit_made,2026-03-15 13:54:59.421690
2276,app_opened,2026-03-25 02:54:59.421710
2276,account_created,2026-03-24 20:54:59.421710
2276,kyc_started,2026-03-25 22:54:59.421710
2276,kyc_completed,2026-03-29 04:54:59.421710
2276,deposit_made,2026-03-30 22:54:59.421710
2276,transaction_made,2026-03-31 14:54:59.421710
2276,credit_product_viewed,2026-04-03 14:54:59.421710
2276,credit_application_started,2026-04-05 14:54:59.421710
2276,credit_application_cancelled,2026-04-05 20:54:59.421710
2277,app_opened,2026-03-06 18:54:59.421748
2277,account_created,2026-03-07 11:54:59.421748
2277,kyc_started,2026-03-09 18:54:59.421748
2277,kyc_completed,2026-03-11 14:54:59.421748
2277,deposit_made,2026-03-12 09:54:59.421748
2277,transaction_made,2026-03-13 03:54:59.421748
2278,app_opened,2026-03-08 11:54:59.421772
2278,account_created,2026-03-08 18:54:59.421772
2279,app_opened,2026-04-17 16:54:59.421782
2279,account_created,2026-04-18 02:54:59.421782
2280,app_opened,2026-04-10 23:54:59.421793
2280,account_created,2026-04-11 17:54:59.421793
2281,app_opened,2026-03-14 23:54:59.421803
2281,account_created,2026-03-15 15:54:59.421803
2281,kyc_started,2026-03-17 03:54:59.421803
2282,app_opened,2026-03-26 11:54:59.421819
2282,account_created,2026-03-27 09:54:59.421819
2283,app_opened,2026-03-14 17:54:59.421829
2283,account_created,2026-03-16 00:54:59.421829
2284,app_opened,2026-04-12 11:54:59.421845
2284,account_created,2026-04-13 06:54:59.421845
2284,kyc_started,2026-04-16 03:54:59.421845
2284,kyc_completed,2026-04-21 03:54:59.421845
2285,app_opened,2026-04-16 19:54:59.421863
2286,app_opened,2026-03-21 12:54:59.421870
2286,account_created,2026-03-22 10:54:59.421870
2286,kyc_started,2026-03-23 11:54:59.421870
2287,app_opened,2026-03-19 03:54:59.421883
2287,account_created,2026-03-18 13:54:59.421883
2288,app_opened,2026-04-04 06:54:59.421897
2289,app_opened,2026-03-18 02:54:59.421904
2289,account_created,2026-03-18 09:54:59.421904
2289,kyc_started,2026-03-20 09:54:59.421904
2289,kyc_completed,2026-03-21 14:54:59.421904
2289,deposit_made,2026-03-22 03:54:59.421904
2289,transaction_made,2026-03-22 15:54:59.421904
2289,credit_product_viewed,2026-04-02 15:54:59.421904
2289,credit_application_started,2026-04-03 15:54:59.421904
2289,credit_application_cancelled,2026-04-04 05:54:59.421904
2290,app_opened,2026-04-17 19:54:59.421936
2291,app_opened,2026-04-12 13:54:59.421943
2291,account_created,2026-04-13 23:54:59.421943
2291,kyc_started,2026-04-14 14:54:59.421943
2291,kyc_completed,2026-04-18 02:54:59.421943
2291,deposit_made,2026-04-19 14:54:59.421943
2291,transaction_made,2026-04-20 01:54:59.421943
2291,credit_product_viewed,2026-05-03 01:54:59.421943
2291,credit_application_started,2026-05-03 04:54:59.421943
2291,credit_application_cancelled,2026-05-04 01:54:59.421943
2292,app_opened,2026-03-28 16:54:59.421976
2292,account_created,2026-03-29 12:54:59.421976
2292,kyc_started,2026-03-30 02:54:59.421976
2292,kyc_completed,2026-04-01 16:54:59.421976
2293,app_opened,2026-04-10 07:54:59.421993
2293,account_created,2026-04-10 09:54:59.421993
2294,app_opened,2026-03-31 19:54:59.422003
2294,account_created,2026-03-31 13:54:59.422003
2295,app_opened,2026-03-25 11:54:59.422016
2295,account_created,2026-03-27 08:54:59.422016
2295,kyc_started,2026-03-27 11:54:59.422016
2295,kyc_completed,2026-03-29 23:54:59.422016
2295,deposit_made,2026-03-31 21:54:59.422016
2295,transaction_made,2026-04-01 02:54:59.422016
2296,app_opened,2026-03-11 04:54:59.422044
2297,app_opened,2026-03-25 12:54:59.422051
2297,account_created,2026-03-26 01:54:59.422051
2298,app_opened,2026-03-28 12:54:59.422061
2298,account_created,2026-03-28 22:54:59.422061
2298,kyc_started,2026-03-29 09:54:59.422061
2298,kyc_completed,2026-03-31 20:54:59.422061
2298,deposit_made,2026-04-02 08:54:59.422061
2298,transaction_made,2026-04-02 11:54:59.422061
2299,app_opened,2026-03-14 03:54:59.422084
2300,app_opened,2026-03-14 18:54:59.422091
2301,app_opened,2026-03-06 18:54:59.422098
2301,account_created,2026-03-07 10:54:59.422098
2302,app_opened,2026-04-15 18:54:59.422108
2303,app_opened,2026-03-22 11:54:59.422115
2303,account_created,2026-03-23 02:54:59.422115
2304,app_opened,2026-04-09 11:54:59.422125
2304,account_created,2026-04-10 22:54:59.422125
2304,kyc_started,2026-04-13 12:54:59.422125
2304,kyc_completed,2026-04-16 10:54:59.422125
2304,deposit_made,2026-04-16 17:54:59.422125
2304,transaction_made,2026-04-17 12:54:59.422125
2305,app_opened,2026-04-02 11:54:59.422149
2305,account_created,2026-04-02 20:54:59.422149
2305,kyc_started,2026-04-03 10:54:59.422149
2306,app_opened,2026-04-17 00:54:59.422163
2306,account_created,2026-04-18 06:54:59.422163
2306,kyc_started,2026-04-21 00:54:59.422163
2306,kyc_completed,2026-04-24 04:54:59.422163
2306,deposit_made,2026-04-25 14:54:59.422163
2307,app_opened,2026-03-13 08:54:59.422186
2307,account_created,2026-03-12 21:54:59.422186
2307,kyc_started,2026-03-14 04:54:59.422186
2307,kyc_completed,2026-03-16 07:54:59.422186
2308,app_opened,2026-03-24 15:54:59.422205
2308,account_created,2026-03-25 03:54:59.422205
2308,kyc_started,2026-03-27 07:54:59.422205
2309,app_opened,2026-03-23 03:54:59.422218
2309,account_created,2026-03-23 00:54:59.422218
2309,kyc_started,2026-03-23 16:54:59.422218
2310,app_opened,2026-04-02 05:54:59.422232
2310,account_created,2026-04-01 09:54:59.422232
2311,app_opened,2026-03-24 03:54:59.422242
2311,account_created,2026-03-24 01:54:59.422242
2311,kyc_started,2026-03-25 01:54:59.422242
2312,app_opened,2026-03-11 12:54:59.422255
2313,app_opened,2026-04-02 13:54:59.422262
2313,account_created,2026-04-02 23:54:59.422262
2314,app_opened,2026-04-16 08:54:59.422273
2314,account_created,2026-04-16 10:54:59.422273
2314,kyc_started,2026-04-17 14:54:59.422273
2314,kyc_completed,2026-04-19 04:54:59.422273
2315,app_opened,2026-03-07 15:54:59.422289
2315,account_created,2026-03-09 05:54:59.422289
2315,kyc_started,2026-03-09 19:54:59.422289
2315,kyc_completed,2026-03-13 04:54:59.422289
2315,deposit_made,2026-03-15 03:54:59.422289
2315,transaction_made,2026-03-15 07:54:59.422289
2316,app_opened,2026-03-28 22:54:59.422313
2316,account_created,2026-03-29 18:54:59.422313
2316,kyc_started,2026-04-01 03:54:59.422313
2317,app_opened,2026-03-08 13:54:59.422340
2317,account_created,2026-03-09 07:54:59.422340
2317,kyc_started,2026-03-10 15:54:59.422340
2317,kyc_completed,2026-03-13 02:54:59.422340
2317,deposit_made,2026-03-13 19:54:59.422340
2317,transaction_made,2026-03-14 10:54:59.422340
2317,credit_product_viewed,2026-03-27 10:54:59.422340
2317,credit_application_started,2026-03-27 14:54:59.422340
2317,credit_application_cancelled,2026-03-28 07:54:59.422340
2318,app_opened,2026-03-30 15:54:59.422394
2318,account_created,2026-03-31 03:54:59.422394
2318,kyc_started,2026-04-01 15:54:59.422394
2318,kyc_completed,2026-04-02 16:54:59.422394
2318,deposit_made,2026-04-04 02:54:59.422394
2318,transaction_made,2026-04-04 17:54:59.422394
2319,app_opened,2026-03-07 16:54:59.422420
2319,account_created,2026-03-09 05:54:59.422420
2320,app_opened,2026-03-18 21:54:59.422432
2320,account_created,2026-03-19 15:54:59.422432
2320,kyc_started,2026-03-20 09:54:59.422432
2320,kyc_completed,2026-03-22 15:54:59.422432
2321,app_opened,2026-03-24 16:54:59.422448
2322,app_opened,2026-03-14 01:54:59.422455
2322,account_created,2026-03-13 18:54:59.422455
2322,kyc_started,2026-03-15 18:54:59.422455
2322,kyc_completed,2026-03-20 10:54:59.422455
2322,deposit_made,2026-03-22 05:54:59.422455
2322,transaction_made,2026-03-22 15:54:59.422455
2323,app_opened,2026-04-16 11:54:59.422478
2323,account_created,2026-04-16 15:54:59.422478
2323,kyc_started,2026-04-18 04:54:59.422478
2323,kyc_completed,2026-04-20 11:54:59.422478
2324,app_opened,2026-03-07 02:54:59.422498
2325,app_opened,2026-03-13 01:54:59.422505
2326,app_opened,2026-03-09 00:54:59.422512
2327,app_opened,2026-04-17 13:54:59.422518
2328,app_opened,2026-03-29 07:54:59.422525
2328,account_created,2026-03-29 11:54:59.422525
2328,kyc_started,2026-03-29 12:54:59.422525
2328,kyc_completed,2026-03-31 11:54:59.422525
2328,deposit_made,2026-04-01 07:54:59.422525
2328,transaction_made,2026-04-01 21:54:59.422525
2328,credit_product_viewed,2026-04-14 21:54:59.422525
2328,credit_application_started,2026-04-15 15:54:59.422525
2328,credit_application_cancelled,2026-04-16 12:54:59.422525
2329,app_opened,2026-03-24 06:54:59.422558
2329,account_created,2026-03-24 23:54:59.422558
2329,kyc_started,2026-03-26 21:54:59.422558
2329,kyc_completed,2026-03-30 09:54:59.422558
2330,app_opened,2026-04-02 19:54:59.422574
2330,account_created,2026-04-03 06:54:59.422574
2330,kyc_started,2026-04-04 13:54:59.422574
2330,kyc_completed,2026-04-08 04:54:59.422574
2330,deposit_made,2026-04-09 16:54:59.422574
2330,transaction_made,2026-04-09 19:54:59.422574
2330,credit_product_viewed,2026-04-12 19:54:59.422574
2330,credit_application_started,2026-04-13 10:54:59.422574
2330,credit_application_cancelled,2026-04-13 12:54:59.422574
2331,app_opened,2026-04-04 23:54:59.422609
2331,account_created,2026-04-06 08:54:59.422609
2331,kyc_started,2026-04-09 07:54:59.422609
2331,kyc_completed,2026-04-11 00:54:59.422609
2331,deposit_made,2026-04-11 14:54:59.422609
2331,transaction_made,2026-04-11 18:54:59.422609
2331,credit_product_viewed,2026-04-12 18:54:59.422609
2331,credit_application_started,2026-04-14 08:54:59.422609
2331,credit_application_cancelled,2026-04-14 17:54:59.422609
2332,app_opened,2026-03-08 03:54:59.422648
2333,app_opened,2026-04-04 11:54:59.422655
2333,account_created,2026-04-05 00:54:59.422655
2333,kyc_started,2026-04-05 12:54:59.422655
2334,app_opened,2026-03-11 02:54:59.422668
2334,account_created,2026-03-11 00:54:59.422668
2334,kyc_started,2026-03-12 12:54:59.422668
2334,kyc_completed,2026-03-17 00:54:59.422668
2335,app_opened,2026-04-18 00:54:59.422685
2335,account_created,2026-04-17 22:54:59.422685
2336,app_opened,2026-03-27 12:54:59.422695
2336,account_created,2026-03-28 22:54:59.422695
2336,kyc_started,2026-03-30 10:54:59.422695
2336,kyc_completed,2026-04-04 03:54:59.422695
2336,deposit_made,2026-04-05 02:54:59.422695
2336,transaction_made,2026-04-05 20:54:59.422695
2337,app_opened,2026-04-17 08:54:59.422719
2337,account_created,2026-04-18 01:54:59.422719
2337,kyc_started,2026-04-19 13:54:59.422719
2337,kyc_completed,2026-04-21 09:54:59.422719
2337,deposit_made,2026-04-21 12:54:59.422719
2337,transaction_made,2026-04-21 19:54:59.422719
2338,app_opened,2026-04-05 13:54:59.422742
2338,account_created,2026-04-05 12:54:59.422742
2338,kyc_started,2026-04-06 17:54:59.422742
2339,app_opened,2026-04-15 12:54:59.422756
2339,account_created,2026-04-17 07:54:59.422756
2339,kyc_started,2026-04-18 22:54:59.422756
2340,app_opened,2026-03-21 13:54:59.422772
2340,account_created,2026-03-21 19:54:59.422772
2340,kyc_started,2026-03-21 20:54:59.422772
2340,kyc_completed,2026-03-23 00:54:59.422772
2341,app_opened,2026-03-05 22:54:59.422789
2341,account_created,2026-03-05 19:54:59.422789
2341,kyc_started,2026-03-06 15:54:59.422789
2341,kyc_completed,2026-03-09 22:54:59.422789
2341,deposit_made,2026-03-10 09:54:59.422789
2341,transaction_made,2026-03-11 02:54:59.422789
2342,app_opened,2026-03-06 01:54:59.422812
2343,app_opened,2026-03-12 03:54:59.422819
2344,app_opened,2026-03-20 14:54:59.422826
2344,account_created,2026-03-21 23:54:59.422826
2344,kyc_started,2026-03-23 03:54:59.422826
2345,app_opened,2026-03-21 14:54:59.422846
2345,account_created,2026-03-22 13:54:59.422846
2345,kyc_started,2026-03-23 23:54:59.422846
2346,app_opened,2026-04-16 15:54:59.422859
2346,account_created,2026-04-17 09:54:59.422859
2347,app_opened,2026-03-19 11:54:59.422870
2348,app_opened,2026-04-11 07:54:59.422877
2348,account_created,2026-04-10 12:54:59.422877
2348,kyc_started,2026-04-13 09:54:59.422877
2349,app_opened,2026-04-11 02:54:59.422890
2349,account_created,2026-04-12 02:54:59.422890
2349,kyc_started,2026-04-12 20:54:59.422890
2349,kyc_completed,2026-04-14 19:54:59.422890
2350,app_opened,2026-04-03 13:54:59.422907
2350,account_created,2026-04-03 12:54:59.422907
2350,kyc_started,2026-04-06 10:54:59.422907
2351,app_opened,2026-04-03 02:54:59.422927
2351,account_created,2026-04-03 06:54:59.422927
2351,kyc_started,2026-04-03 18:54:59.422927
2351,kyc_completed,2026-04-06 12:54:59.422927
2352,app_opened,2026-04-06 10:54:59.422946
2352,account_created,2026-04-06 22:54:59.422946
2352,kyc_started,2026-04-08 03:54:59.422946
2353,app_opened,2026-04-13 01:54:59.422960
2353,account_created,2026-04-13 13:54:59.422960
2353,kyc_started,2026-04-16 11:54:59.422960
2353,kyc_completed,2026-04-19 04:54:59.422960
2353,deposit_made,2026-04-21 00:54:59.422960
2353,transaction_made,2026-04-21 11:54:59.422960
2353,credit_product_viewed,2026-05-04 11:54:59.422960
2353,credit_application_started,2026-05-04 12:54:59.422960
2353,credit_application_cancelled,2026-05-05 10:54:59.422960
2354,app_opened,2026-03-04 09:54:59.422992
2355,app_opened,2026-04-16 11:54:59.423001
2355,account_created,2026-04-18 08:54:59.423001
2356,app_opened,2026-03-11 11:54:59.423012
2356,account_created,2026-03-11 21:54:59.423012
2356,kyc_started,2026-03-12 10:54:59.423012
2356,kyc_completed,2026-03-16 06:54:59.423012
2357,app_opened,2026-04-15 05:54:59.423029
2357,account_created,2026-04-15 23:54:59.423029
2357,kyc_started,2026-04-16 19:54:59.423029
2358,app_opened,2026-03-28 21:54:59.423042
2358,account_created,2026-03-29 17:54:59.423042
2358,kyc_started,2026-03-31 07:54:59.423042
2358,kyc_completed,2026-04-01 17:54:59.423042
2359,app_opened,2026-04-09 04:54:59.423059
2359,account_created,2026-04-09 19:54:59.423059
2359,kyc_started,2026-04-12 10:54:59.423059
2359,kyc_completed,2026-04-13 19:54:59.423059
2359,deposit_made,2026-04-14 14:54:59.423059
2359,transaction_made,2026-04-14 16:54:59.423059
2360,app_opened,2026-03-18 10:54:59.423085
2360,account_created,2026-03-19 14:54:59.423085
2360,kyc_started,2026-03-19 21:54:59.423085
2360,kyc_completed,2026-03-22 06:54:59.423085
2361,app_opened,2026-03-24 20:54:59.423102
2361,account_created,2026-03-24 14:54:59.423102
2361,kyc_started,2026-03-27 09:54:59.423102
2361,kyc_completed,2026-03-29 04:54:59.423102
2361,deposit_made,2026-03-30 17:54:59.423102
2361,transaction_made,2026-03-31 07:54:59.423102
2361,credit_product_viewed,2026-04-05 07:54:59.423102
2361,credit_application_started,2026-04-06 16:54:59.423102
2361,credit_application_completed,2026-04-07 03:54:59.423102
2362,app_opened,2026-03-26 06:54:59.423134
2362,account_created,2026-03-26 04:54:59.423134
2363,app_opened,2026-03-12 21:54:59.423144
2363,account_created,2026-03-13 20:54:59.423144
2364,app_opened,2026-03-09 00:54:59.423154
2364,account_created,2026-03-08 22:54:59.423154
2364,kyc_started,2026-03-11 22:54:59.423154
2364,kyc_completed,2026-03-14 19:54:59.423154
2365,app_opened,2026-04-17 04:54:59.423173
2365,account_created,2026-04-17 18:54:59.423173
2365,kyc_started,2026-04-18 03:54:59.423173
2365,kyc_completed,2026-04-19 09:54:59.423173
2366,app_opened,2026-03-23 17:54:59.423189
2366,account_created,2026-03-23 16:54:59.423189
2367,app_opened,2026-03-16 08:54:59.423200
2367,account_created,2026-03-17 01:54:59.423200
2368,app_opened,2026-03-07 14:54:59.423212
2368,account_created,2026-03-08 15:54:59.423212
2368,kyc_started,2026-03-09 23:54:59.423212
2368,kyc_completed,2026-03-12 23:54:59.423212
2369,app_opened,2026-04-06 01:54:59.423232
2369,account_created,2026-04-06 10:54:59.423232
2369,kyc_started,2026-04-07 06:54:59.423232
2370,app_opened,2026-04-09 07:54:59.423245
2370,account_created,2026-04-10 04:54:59.423245
2370,kyc_started,2026-04-11 02:54:59.423245
2370,kyc_completed,2026-04-15 12:54:59.423245
2371,app_opened,2026-03-29 22:54:59.423262
2371,account_created,2026-03-29 10:54:59.423262
2371,kyc_started,2026-03-31 16:54:59.423262
2372,app_opened,2026-04-09 20:54:59.423275
2372,account_created,2026-04-10 18:54:59.423275
2372,kyc_started,2026-04-11 08:54:59.423275
2372,kyc_completed,2026-04-13 16:54:59.423275
2372,deposit_made,2026-04-13 19:54:59.423275
2373,app_opened,2026-03-31 05:54:59.423295
2373,account_created,2026-03-31 07:54:59.423295
2374,app_opened,2026-03-25 18:54:59.423306
2375,app_opened,2026-04-15 14:54:59.423312
2375,account_created,2026-04-15 23:54:59.423312
2376,app_opened,2026-03-25 19:54:59.423323
2376,account_created,2026-03-25 20:54:59.423323
2376,kyc_started,2026-03-25 23:54:59.423323
2377,app_opened,2026-03-18 21:54:59.423345
2377,account_created,2026-03-19 02:54:59.423345
2378,app_opened,2026-03-17 03:54:59.423355
2379,app_opened,2026-03-16 01:54:59.423365
2380,app_opened,2026-04-16 16:54:59.423372
2380,account_created,2026-04-17 08:54:59.423372
2380,kyc_started,2026-04-20 01:54:59.423372
2380,kyc_completed,2026-04-22 12:54:59.423372
2380,deposit_made,2026-04-22 21:54:59.423372
2380,transaction_made,2026-04-23 20:54:59.423372
2380,credit_product_viewed,2026-05-05 20:54:59.423372
2380,credit_application_started,2026-05-06 18:54:59.423372
2380,credit_application_completed,2026-05-07 16:54:59.423372
2381,app_opened,2026-03-08 10:54:59.423406
2382,app_opened,2026-03-30 16:54:59.423413
2382,account_created,2026-03-30 22:54:59.423413
2382,kyc_started,2026-04-01 20:54:59.423413
2382,kyc_completed,2026-04-05 15:54:59.423413
2382,deposit_made,2026-04-06 12:54:59.423413
2383,app_opened,2026-04-10 21:54:59.423434
2383,account_created,2026-04-10 18:54:59.423434
2384,app_opened,2026-04-12 12:54:59.423444
2384,account_created,2026-04-13 14:54:59.423444
2384,kyc_started,2026-04-14 06:54:59.423444
2384,kyc_completed,2026-04-18 11:54:59.423444
2385,app_opened,2026-04-03 03:54:59.423461
2385,account_created,2026-04-04 04:54:59.423461
2385,kyc_started,2026-04-05 08:54:59.423461
2385,kyc_completed,2026-04-09 18:54:59.423461
2385,deposit_made,2026-04-10 09:54:59.423461
2385,transaction_made,2026-04-10 23:54:59.423461
2386,app_opened,2026-04-13 11:54:59.423484
2387,app_opened,2026-03-10 01:54:59.423491
2387,account_created,2026-03-10 05:54:59.423491
2388,app_opened,2026-04-11 23:54:59.423502
2389,app_opened,2026-03-23 02:54:59.423513
2389,account_created,2026-03-23 18:54:59.423513
2390,app_opened,2026-04-17 14:54:59.423523
2390,account_created,2026-04-17 10:54:59.423523
2391,app_opened,2026-04-17 03:54:59.423536
2391,account_created,2026-04-17 11:54:59.423536
2391,kyc_started,2026-04-18 04:54:59.423536
2392,app_opened,2026-03-15 09:54:59.423550
2392,account_created,2026-03-16 09:54:59.423550
2392,kyc_started,2026-03-19 01:54:59.423550
2392,kyc_completed,2026-03-21 13:54:59.423550
2393,app_opened,2026-03-10 12:54:59.423567
2394,app_opened,2026-03-22 09:54:59.423573
2395,app_opened,2026-03-05 15:54:59.423580
2395,account_created,2026-03-07 00:54:59.423580
2396,app_opened,2026-04-09 10:54:59.423591
2396,account_created,2026-04-10 23:54:59.423591
2396,kyc_started,2026-04-11 15:54:59.423591
2397,app_opened,2026-03-09 03:54:59.423604
2397,account_created,2026-03-09 19:54:59.423604
2397,kyc_started,2026-03-11 01:54:59.423604
2397,kyc_completed,2026-03-14 14:54:59.423604
2397,deposit_made,2026-03-14 16:54:59.423604
2397,transaction_made,2026-03-15 06:54:59.423604
2397,credit_product_viewed,2026-03-29 06:54:59.423604
2397,credit_application_started,2026-03-31 05:54:59.423604
2397,credit_application_completed,2026-03-31 12:54:59.423604
2398,app_opened,2026-03-11 04:54:59.423637
2398,account_created,2026-03-10 13:54:59.423637
2398,kyc_started,2026-03-12 01:54:59.423637
2398,kyc_completed,2026-03-15 06:54:59.423637
2398,deposit_made,2026-03-15 23:54:59.423637
2399,app_opened,2026-03-05 08:54:59.423659
2400,app_opened,2026-03-30 13:54:59.423666
2400,account_created,2026-03-31 11:54:59.423666
2401,app_opened,2026-04-15 20:54:59.423676
2401,account_created,2026-04-16 06:54:59.423676
2401,kyc_started,2026-04-18 09:54:59.423676
2401,kyc_completed,2026-04-23 08:54:59.423676
2401,deposit_made,2026-04-25 05:54:59.423676
2401,transaction_made,2026-04-26 05:54:59.423676
2401,credit_product_viewed,2026-05-09 05:54:59.423676
2401,credit_application_started,2026-05-09 07:54:59.423676
2401,credit_application_cancelled,2026-05-09 14:54:59.423676
2402,app_opened,2026-04-15 01:54:59.423709
2403,app_opened,2026-03-25 21:54:59.423716
2403,account_created,2026-03-26 23:54:59.423716
2403,kyc_started,2026-03-27 03:54:59.423716
2403,kyc_completed,2026-03-31 18:54:59.423716
2403,deposit_made,2026-04-01 15:54:59.423716
2404,app_opened,2026-04-04 12:54:59.423737
2405,app_opened,2026-04-04 17:54:59.423744
2406,app_opened,2026-03-26 10:54:59.423750
2406,account_created,2026-03-27 17:54:59.423750
2406,kyc_started,2026-03-30 01:54:59.423750
2406,kyc_completed,2026-04-02 15:54:59.423750
2407,app_opened,2026-03-17 22:54:59.423770
2407,account_created,2026-03-19 02:54:59.423770
2408,app_opened,2026-03-09 15:54:59.423780
2409,app_opened,2026-04-01 18:54:59.423787
2409,account_created,2026-04-01 11:54:59.423787
2409,kyc_started,2026-04-03 02:54:59.423787
2410,app_opened,2026-04-18 01:54:59.423803
2411,app_opened,2026-04-05 19:54:59.423810
2411,account_created,2026-04-06 15:54:59.423810
2412,app_opened,2026-03-14 08:54:59.423823
2413,app_opened,2026-04-09 22:54:59.423830
2413,account_created,2026-04-09 23:54:59.423830
2413,kyc_started,2026-04-10 15:54:59.423830
2413,kyc_completed,2026-04-15 04:54:59.423830
2413,deposit_made,2026-04-17 01:54:59.423830
2413,transaction_made,2026-04-17 21:54:59.423830
2414,app_opened,2026-03-16 20:54:59.423861
2415,app_opened,2026-03-12 07:54:59.423868
2415,account_created,2026-03-12 03:54:59.423868
2415,kyc_started,2026-03-13 03:54:59.423868
2416,app_opened,2026-03-03 23:54:59.423881
2417,app_opened,2026-03-11 14:54:59.423888
2417,account_created,2026-03-12 23:54:59.423888
2418,app_opened,2026-03-10 05:54:59.423898
2418,account_created,2026-03-11 00:54:59.423898
2418,kyc_started,2026-03-13 01:54:59.423898
2419,app_opened,2026-03-06 18:54:59.423912
2419,account_created,2026-03-08 02:54:59.423912
2419,kyc_started,2026-03-10 13:54:59.423912
2419,kyc_completed,2026-03-14 07:54:59.423912
2419,deposit_made,2026-03-15 18:54:59.423912
2419,transaction_made,2026-03-16 13:54:59.423912
2420,app_opened,2026-03-12 16:54:59.423936
2420,account_created,2026-03-13 21:54:59.423936
2420,kyc_started,2026-03-14 00:54:59.423936
2421,app_opened,2026-03-30 03:54:59.423949
2421,account_created,2026-03-29 21:54:59.423949
2422,app_opened,2026-04-05 12:54:59.423961
2422,account_created,2026-04-05 23:54:59.423961
2422,kyc_started,2026-04-06 18:54:59.423961
2423,app_opened,2026-03-21 21:54:59.423980
2423,account_created,2026-03-21 12:54:59.423980
2423,kyc_started,2026-03-21 15:54:59.423980
2424,app_opened,2026-03-18 13:54:59.423994
2424,account_created,2026-03-18 16:54:59.423994
2424,kyc_started,2026-03-20 22:54:59.423994
2425,app_opened,2026-04-17 05:54:59.424008
2425,account_created,2026-04-18 08:54:59.424008
2425,kyc_started,2026-04-21 08:54:59.424008
2426,app_opened,2026-04-04 01:54:59.424022
2426,account_created,2026-04-04 05:54:59.424022
2426,kyc_started,2026-04-06 04:54:59.424022
2427,app_opened,2026-03-15 13:54:59.424036
2427,account_created,2026-03-16 20:54:59.424036
2428,app_opened,2026-03-30 09:54:59.424046
2429,app_opened,2026-03-23 06:54:59.424053
2429,account_created,2026-03-22 18:54:59.424053
2430,app_opened,2026-03-13 04:54:59.424063
2430,account_created,2026-03-12 10:54:59.424063
2430,kyc_started,2026-03-13 05:54:59.424063
2430,kyc_completed,2026-03-16 02:54:59.424063
2431,app_opened,2026-04-08 22:54:59.424080
2431,account_created,2026-04-08 14:54:59.424080
2432,app_opened,2026-03-25 03:54:59.424090
2432,account_created,2026-03-25 11:54:59.424090
2432,kyc_started,2026-03-26 15:54:59.424090
2432,kyc_completed,2026-03-30 04:54:59.424090
2433,app_opened,2026-04-12 06:54:59.424107
2433,account_created,2026-04-11 18:54:59.424107
2434,app_opened,2026-03-15 19:54:59.424118
2434,account_created,2026-03-15 16:54:59.424118
2434,kyc_started,2026-03-16 17:54:59.424118
2435,app_opened,2026-03-24 02:54:59.424134
2435,account_created,2026-03-24 22:54:59.424134
2436,app_opened,2026-03-30 01:54:59.424144
2436,account_created,2026-03-29 11:54:59.424144
2437,app_opened,2026-04-08 00:54:59.424157
2437,account_created,2026-04-07 09:54:59.424157
2437,kyc_started,2026-04-10 03:54:59.424157
2437,kyc_completed,2026-04-13 05:54:59.424157
2438,app_opened,2026-03-24 11:54:59.424174
2439,app_opened,2026-04-10 21:54:59.424181
2439,account_created,2026-04-10 13:54:59.424181
2439,kyc_started,2026-04-11 14:54:59.424181
2440,app_opened,2026-03-27 09:54:59.424194
2440,account_created,2026-03-27 13:54:59.424194
2440,kyc_started,2026-03-27 21:54:59.424194
2441,app_opened,2026-03-31 11:54:59.424210
2441,account_created,2026-04-01 23:54:59.424210
2441,kyc_started,2026-04-03 17:54:59.424210
2441,kyc_completed,2026-04-06 21:54:59.424210
2442,app_opened,2026-03-09 01:54:59.424230
2442,account_created,2026-03-09 22:54:59.424230
2443,app_opened,2026-03-07 22:54:59.424240
2443,account_created,2026-03-07 12:54:59.424240
2444,app_opened,2026-04-04 05:54:59.424250
2444,account_created,2026-04-03 10:54:59.424250
2445,app_opened,2026-03-20 23:54:59.424261
2445,account_created,2026-03-21 10:54:59.424261
2445,kyc_started,2026-03-23 20:54:59.424261
2446,app_opened,2026-03-23 22:54:59.424274
2446,account_created,2026-03-24 23:54:59.424274
2446,kyc_started,2026-03-25 02:54:59.424274
2446,kyc_completed,2026-03-26 13:54:59.424274
2447,app_opened,2026-03-18 08:54:59.424294
2447,account_created,2026-03-18 15:54:59.424294
2448,app_opened,2026-04-14 14:54:59.424304
2448,account_created,2026-04-15 23:54:59.424304
2448,kyc_started,2026-04-17 09:54:59.424304
2448,kyc_completed,2026-04-21 04:54:59.424304
2449,app_opened,2026-04-01 11:54:59.424321
2450,app_opened,2026-04-05 15:54:59.424328
2450,account_created,2026-04-05 14:54:59.424328
2451,app_opened,2026-03-28 20:54:59.424346
2451,account_created,2026-03-28 19:54:59.424346
2451,kyc_started,2026-03-30 23:54:59.424346
2451,kyc_completed,2026-04-03 20:54:59.424346
2452,app_opened,2026-03-19 09:54:59.424364
2452,account_created,2026-03-19 19:54:59.424364
2452,kyc_started,2026-03-20 06:54:59.424364
2453,app_opened,2026-04-17 21:54:59.424377
2453,account_created,2026-04-18 12:54:59.424377
2453,kyc_started,2026-04-21 06:54:59.424377
2454,app_opened,2026-03-28 13:54:59.424391
2454,account_created,2026-03-29 19:54:59.424391
2454,kyc_started,2026-03-31 16:54:59.424391
2454,kyc_completed,2026-04-02 16:54:59.424391
2454,deposit_made,2026-04-02 21:54:59.424391
2455,app_opened,2026-03-14 18:54:59.424411
2455,account_created,2026-03-15 22:54:59.424411
2455,kyc_started,2026-03-16 20:54:59.424411
2456,app_opened,2026-03-28 10:54:59.424424
2456,account_created,2026-03-29 10:54:59.424424
2456,kyc_started,2026-03-29 16:54:59.424424
2457,app_opened,2026-04-11 22:54:59.424438
2457,account_created,2026-04-11 12:54:59.424438
2457,kyc_started,2026-04-12 15:54:59.424438
2458,app_opened,2026-04-11 21:54:59.424454
2458,account_created,2026-04-11 15:54:59.424454
2459,app_opened,2026-03-20 08:54:59.424468
2459,account_created,2026-03-21 03:54:59.424468
2459,kyc_started,2026-03-22 03:54:59.424468
2459,kyc_completed,2026-03-23 23:54:59.424468
2460,app_opened,2026-03-18 03:54:59.424486
2460,account_created,2026-03-17 20:54:59.424486
2460,kyc_started,2026-03-18 21:54:59.424486
2460,kyc_completed,2026-03-22 02:54:59.424486
2460,deposit_made,2026-03-23 13:54:59.424486
2460,transaction_made,2026-03-24 05:54:59.424486
2461,app_opened,2026-03-06 04:54:59.424509
2461,account_created,2026-03-06 12:54:59.424509
2462,app_opened,2026-04-04 02:54:59.424519
2462,account_created,2026-04-03 16:54:59.424519
2463,app_opened,2026-04-07 02:54:59.424530
2463,account_created,2026-04-07 05:54:59.424530
2463,kyc_started,2026-04-09 01:54:59.424530
2463,kyc_completed,2026-04-14 01:54:59.424530
2463,deposit_made,2026-04-16 01:54:59.424530
2463,transaction_made,2026-04-17 00:54:59.424530
2464,app_opened,2026-03-08 22:54:59.424553
2464,account_created,2026-03-08 16:54:59.424553
2464,kyc_started,2026-03-09 00:54:59.424553
2464,kyc_completed,2026-03-12 15:54:59.424553
2464,deposit_made,2026-03-13 17:54:59.424553
2464,transaction_made,2026-03-13 22:54:59.424553
2465,app_opened,2026-04-17 20:54:59.424577
2465,account_created,2026-04-18 09:54:59.424577
2465,kyc_started,2026-04-18 20:54:59.424577
2466,app_opened,2026-04-07 14:54:59.424593
2466,account_created,2026-04-08 07:54:59.424593
2466,kyc_started,2026-04-09 04:54:59.424593
2466,kyc_completed,2026-04-12 06:54:59.424593
2467,app_opened,2026-03-06 20:54:59.424609
2467,account_created,2026-03-07 06:54:59.424609
2467,kyc_started,2026-03-09 16:54:59.424609
2468,app_opened,2026-03-05 17:54:59.424625
2468,account_created,2026-03-05 18:54:59.424625
2469,app_opened,2026-03-16 05:54:59.424635
2469,account_created,2026-03-15 20:54:59.424635
2469,kyc_started,2026-03-16 14:54:59.424635
2469,kyc_completed,2026-03-19 16:54:59.424635
2470,app_opened,2026-03-10 10:54:59.424652
2470,account_created,2026-03-11 19:54:59.424652
2471,app_opened,2026-03-31 16:54:59.424662
2471,account_created,2026-04-01 23:54:59.424662
2471,kyc_started,2026-04-04 21:54:59.424662
2472,app_opened,2026-04-07 13:54:59.424676
2473,app_opened,2026-04-15 19:54:59.424683
2473,account_created,2026-04-16 23:54:59.424683
2473,kyc_started,2026-04-18 05:54:59.424683
2474,app_opened,2026-03-14 22:54:59.424696
2475,app_opened,2026-03-11 07:54:59.424703
2475,account_created,2026-03-11 17:54:59.424703
2476,app_opened,2026-03-07 13:54:59.424713
2476,account_created,2026-03-08 23:54:59.424713
2476,kyc_started,2026-03-11 17:54:59.424713
2476,kyc_completed,2026-03-13 01:54:59.424713
2477,app_opened,2026-03-30 20:54:59.424731
2477,account_created,2026-03-31 19:54:59.424731
2477,kyc_started,2026-04-01 00:54:59.424731
2478,app_opened,2026-03-20 11:54:59.424748
2478,account_created,2026-03-20 20:54:59.424748
2478,kyc_started,2026-03-23 18:54:59.424748
2478,kyc_completed,2026-03-26 19:54:59.424748
2478,deposit_made,2026-03-28 06:54:59.424748
2478,transaction_made,2026-03-29 04:54:59.424748
2478,credit_product_viewed,2026-04-08 04:54:59.424748
2478,credit_application_started,2026-04-09 09:54:59.424748
2478,credit_application_completed,2026-04-09 12:54:59.424748
2479,app_opened,2026-03-09 11:54:59.424783
2479,account_created,2026-03-11 03:54:59.424783
2480,app_opened,2026-03-18 04:54:59.424793
2480,account_created,2026-03-18 09:54:59.424793
2480,kyc_started,2026-03-20 17:54:59.424793
2480,kyc_completed,2026-03-25 12:54:59.424793
2481,app_opened,2026-04-09 19:54:59.424810
2481,account_created,2026-04-09 21:54:59.424810
2481,kyc_started,2026-04-10 02:54:59.424810
2482,app_opened,2026-03-14 19:54:59.424824
2482,account_created,2026-03-14 09:54:59.424824
2482,kyc_started,2026-03-15 09:54:59.424824
2483,app_opened,2026-04-02 20:54:59.424837
2483,account_created,2026-04-03 02:54:59.424837
2484,app_opened,2026-03-06 20:54:59.424853
2484,account_created,2026-03-07 09:54:59.424853
2484,kyc_started,2026-03-09 04:54:59.424853
2485,app_opened,2026-03-12 10:54:59.424866
2485,account_created,2026-03-12 16:54:59.424866
2485,kyc_started,2026-03-15 14:54:59.424866
2485,kyc_completed,2026-03-20 13:54:59.424866
2485,deposit_made,2026-03-21 13:54:59.424866
2485,transaction_made,2026-03-21 19:54:59.424866
2486,app_opened,2026-03-23 23:54:59.424893
2486,account_created,2026-03-23 21:54:59.424893
2486,kyc_started,2026-03-25 11:54:59.424893
2486,kyc_completed,2026-03-27 18:54:59.424893
2487,app_opened,2026-04-10 06:54:59.424909
2487,account_created,2026-04-10 21:54:59.424909
2488,app_opened,2026-03-23 16:54:59.424920
2489,app_opened,2026-04-06 02:54:59.424927
2490,app_opened,2026-03-12 12:54:59.424934
2490,account_created,2026-03-12 19:54:59.424934
2490,kyc_started,2026-03-14 13:54:59.424934
2490,kyc_completed,2026-03-17 08:54:59.424934
2491,app_opened,2026-03-18 14:54:59.424951
2492,app_opened,2026-03-27 21:54:59.424957
2492,account_created,2026-03-28 21:54:59.424957
2492,kyc_started,2026-03-30 02:54:59.424957
2493,app_opened,2026-04-03 19:54:59.424971
2493,account_created,2026-04-05 04:54:59.424971
2493,kyc_started,2026-04-06 09:54:59.424971
2494,app_opened,2026-03-16 12:54:59.424985
2494,account_created,2026-03-17 10:54:59.424985
2494,kyc_started,2026-03-17 14:54:59.424985
2495,app_opened,2026-03-18 01:54:59.424998
2495,account_created,2026-03-18 09:54:59.424998
2496,app_opened,2026-03-13 19:54:59.425008
2496,account_created,2026-03-14 05:54:59.425008
2497,app_opened,2026-03-05 18:54:59.425018
2497,account_created,2026-03-05 23:54:59.425018
2497,kyc_started,2026-03-07 15:54:59.425018
2498,app_opened,2026-04-11 06:54:59.425035
2499,app_opened,2026-03-12 11:54:59.425045
2500,app_opened,2026-04-11 00:54:59.425052
2500,account_created,2026-04-10 19:54:59.425052
2500,kyc_started,2026-04-13 14:54:59.425052
2501,app_opened,2026-03-28 03:54:59.425069
2501,account_created,2026-03-27 11:54:59.425069
2501,kyc_started,2026-03-29 10:54:59.425069
2501,kyc_completed,2026-04-01 01:54:59.425069
2501,deposit_made,2026-04-01 20:54:59.425069
2501,transaction_made,2026-04-02 07:54:59.425069
2502,app_opened,2026-04-05 12:54:59.425093
2502,account_created,2026-04-05 20:54:59.425093
2502,kyc_started,2026-04-07 00:54:59.425093
2503,app_opened,2026-03-19 08:54:59.425106
2503,account_created,2026-03-19 18:54:59.425106
2503,kyc_started,2026-03-22 01:54:59.425106
2503,kyc_completed,2026-03-24 17:54:59.425106
2503,deposit_made,2026-03-26 09:54:59.425106
2503,transaction_made,2026-03-26 14:54:59.425106
2504,app_opened,2026-03-07 12:54:59.425130
2504,account_created,2026-03-07 14:54:59.425130
2504,kyc_started,2026-03-09 12:54:59.425130
2504,kyc_completed,2026-03-12 13:54:59.425130
2505,app_opened,2026-04-11 07:54:59.425147
2505,account_created,2026-04-11 15:54:59.425147
2505,kyc_started,2026-04-12 08:54:59.425147
2506,app_opened,2026-04-17 17:54:59.425160
2506,account_created,2026-04-18 00:54:59.425160
2507,app_opened,2026-03-16 02:54:59.425170
2508,app_opened,2026-03-26 21:54:59.425177
2508,account_created,2026-03-26 17:54:59.425177
2509,app_opened,2026-03-13 22:54:59.425190
2509,account_created,2026-03-14 05:54:59.425190
2510,app_opened,2026-03-12 01:54:59.425200
2510,account_created,2026-03-12 13:54:59.425200
2510,kyc_started,2026-03-14 01:54:59.425200
2510,kyc_completed,2026-03-15 22:54:59.425200
2510,deposit_made,2026-03-17 20:54:59.425200
2510,transaction_made,2026-03-18 07:54:59.425200
2511,app_opened,2026-03-06 17:54:59.425224
2511,account_created,2026-03-07 06:54:59.425224
2512,app_opened,2026-03-21 20:54:59.425234
2512,account_created,2026-03-22 05:54:59.425234
2513,app_opened,2026-03-09 18:54:59.425244
2513,account_created,2026-03-09 17:54:59.425244
2513,kyc_started,2026-03-10 09:54:59.425244
2514,app_opened,2026-03-04 22:54:59.425258
2515,app_opened,2026-04-16 13:54:59.425265
2516,app_opened,2026-04-17 10:54:59.425272
2516,account_created,2026-04-18 04:54:59.425272
2516,kyc_started,2026-04-19 10:54:59.425272
2516,kyc_completed,2026-04-21 15:54:59.425272
2516,deposit_made,2026-04-22 07:54:59.425272
2516,transaction_made,2026-04-22 11:54:59.425272
2517,app_opened,2026-03-28 11:54:59.425296
2517,account_created,2026-03-29 05:54:59.425296
2517,kyc_started,2026-03-29 10:54:59.425296
2517,kyc_completed,2026-04-02 19:54:59.425296
2518,app_opened,2026-03-14 08:54:59.425313
2518,account_created,2026-03-13 15:54:59.425313
2518,kyc_started,2026-03-15 04:54:59.425313
2519,app_opened,2026-03-16 04:54:59.425326
2519,account_created,2026-03-16 22:54:59.425326
2519,kyc_started,2026-03-19 13:54:59.425326
2519,kyc_completed,2026-03-24 05:54:59.425326
2520,app_opened,2026-04-03 22:54:59.425354
2520,account_created,2026-04-05 01:54:59.425354
2521,app_opened,2026-03-31 05:54:59.425365
2521,account_created,2026-04-01 08:54:59.425365
2521,kyc_started,2026-04-03 07:54:59.425365
2522,app_opened,2026-03-03 14:54:59.425381
2523,app_opened,2026-03-30 15:54:59.425387
2524,app_opened,2026-04-14 01:54:59.425394
2524,account_created,2026-04-13 20:54:59.425394
2525,app_opened,2026-04-12 08:54:59.425405
2525,account_created,2026-04-11 13:54:59.425405
2525,kyc_started,2026-04-12 08:54:59.425405
2526,app_opened,2026-03-07 09:54:59.425418
2526,account_created,2026-03-09 00:54:59.425418
2526,kyc_started,2026-03-11 01:54:59.425418
2527,app_opened,2026-04-13 01:54:59.425432
2527,account_created,2026-04-13 01:54:59.425432
2527,kyc_started,2026-04-14 04:54:59.425432
2528,app_opened,2026-03-19 20:54:59.425447
2528,account_created,2026-03-19 19:54:59.425447
2529,app_opened,2026-03-24 01:54:59.425458
2529,account_created,2026-03-25 03:54:59.425458
2529,kyc_started,2026-03-26 03:54:59.425458
2530,app_opened,2026-03-18 23:54:59.425471
2530,account_created,2026-03-20 08:54:59.425471
2531,app_opened,2026-03-14 05:54:59.425481
2531,account_created,2026-03-13 17:54:59.425481
2531,kyc_started,2026-03-13 22:54:59.425481
2531,kyc_completed,2026-03-18 05:54:59.425481
2531,deposit_made,2026-03-20 00:54:59.425481
2531,transaction_made,2026-03-20 13:54:59.425481
2532,app_opened,2026-03-13 16:54:59.425509
2532,account_created,2026-03-14 10:54:59.425509
2532,kyc_started,2026-03-15 10:54:59.425509
2533,app_opened,2026-04-11 05:54:59.425523
2533,account_created,2026-04-10 13:54:59.425523
2533,kyc_started,2026-04-11 17:54:59.425523
2533,kyc_completed,2026-04-16 12:54:59.425523
2534,app_opened,2026-03-13 05:54:59.425540
2534,account_created,2026-03-12 20:54:59.425540
2535,app_opened,2026-04-16 19:54:59.425550
2535,account_created,2026-04-16 18:54:59.425550
2535,kyc_started,2026-04-17 22:54:59.425550
2536,app_opened,2026-04-07 12:54:59.425564
2536,account_created,2026-04-08 05:54:59.425564
2536,kyc_started,2026-04-08 15:54:59.425564
2537,app_opened,2026-04-03 02:54:59.425578
2537,account_created,2026-04-03 00:54:59.425578
2538,app_opened,2026-03-29 05:54:59.425588
2538,account_created,2026-03-29 00:54:59.425588
2539,app_opened,2026-03-14 15:54:59.425598
2539,account_created,2026-03-15 04:54:59.425598
2539,kyc_started,2026-03-15 20:54:59.425598
2539,kyc_completed,2026-03-20 06:54:59.425598
2539,deposit_made,2026-03-22 06:54:59.425598
2540,app_opened,2026-04-03 14:54:59.425618
2540,account_created,2026-04-04 03:54:59.425618
2540,kyc_started,2026-04-04 06:54:59.425618
2540,kyc_completed,2026-04-06 15:54:59.425618
2541,app_opened,2026-03-13 00:54:59.425634
2541,account_created,2026-03-14 07:54:59.425634
2541,kyc_started,2026-03-16 17:54:59.425634
2542,app_opened,2026-03-11 23:54:59.425651
2542,account_created,2026-03-12 21:54:59.425651
2542,kyc_started,2026-03-13 06:54:59.425651
2542,kyc_completed,2026-03-16 00:54:59.425651
2542,deposit_made,2026-03-17 15:54:59.425651
2542,transaction_made,2026-03-18 08:54:59.425651
2543,app_opened,2026-04-10 15:54:59.425679
2543,account_created,2026-04-11 05:54:59.425679
2543,kyc_started,2026-04-14 05:54:59.425679
2544,app_opened,2026-03-15 16:54:59.425693
2544,account_created,2026-03-15 10:54:59.425693
2545,app_opened,2026-04-11 13:54:59.425703
2545,account_created,2026-04-12 10:54:59.425703
2546,app_opened,2026-04-15 02:54:59.425713
2546,account_created,2026-04-14 11:54:59.425713
2547,app_opened,2026-04-02 02:54:59.425723
2547,account_created,2026-04-03 04:54:59.425723
2548,app_opened,2026-03-16 01:54:59.425734
2548,account_created,2026-03-16 21:54:59.425734
2548,kyc_started,2026-03-18 00:54:59.425734
2549,app_opened,2026-03-03 20:54:59.425752
2549,account_created,2026-03-04 07:54:59.425752
2549,kyc_started,2026-03-07 04:54:59.425752
2549,kyc_completed,2026-03-08 11:54:59.425752
2550,app_opened,2026-04-15 15:54:59.425769
2550,account_created,2026-04-16 04:54:59.425769
2550,kyc_started,2026-04-18 06:54:59.425769
2551,app_opened,2026-03-13 03:54:59.425783
2551,account_created,2026-03-13 14:54:59.425783
2551,kyc_started,2026-03-14 11:54:59.425783
2552,app_opened,2026-03-12 11:54:59.425797
2552,account_created,2026-03-12 18:54:59.425797
2552,kyc_started,2026-03-13 16:54:59.425797
2553,app_opened,2026-03-12 08:54:59.425813
2553,account_created,2026-03-11 10:54:59.425813
2553,kyc_started,2026-03-12 12:54:59.425813
2553,kyc_completed,2026-03-16 23:54:59.425813
2554,app_opened,2026-03-16 15:54:59.425835
2554,account_created,2026-03-16 21:54:59.425835
2555,app_opened,2026-03-12 22:54:59.425850
2556,app_opened,2026-04-12 15:54:59.425860
2556,account_created,2026-04-13 16:54:59.425860
2556,kyc_started,2026-04-14 07:54:59.425860
2556,kyc_completed,2026-04-15 13:54:59.425860
2557,app_opened,2026-04-08 12:54:59.425877
2557,account_created,2026-04-08 16:54:59.425877
2558,app_opened,2026-03-04 23:54:59.425887
2558,account_created,2026-03-06 03:54:59.425887
2558,kyc_started,2026-03-06 18:54:59.425887
2559,app_opened,2026-03-05 11:54:59.425901
2559,account_created,2026-03-06 09:54:59.425901
2559,kyc_started,2026-03-07 02:54:59.425901
2560,app_opened,2026-04-15 12:54:59.425914
2560,account_created,2026-04-15 11:54:59.425914
2560,kyc_started,2026-04-17 07:54:59.425914
2561,app_opened,2026-03-15 23:54:59.425927
2562,app_opened,2026-04-06 04:54:59.425934
2562,account_created,2026-04-05 22:54:59.425934
2562,kyc_started,2026-04-06 23:54:59.425934
2562,kyc_completed,2026-04-09 18:54:59.425934
2562,deposit_made,2026-04-09 19:54:59.425934
2562,transaction_made,2026-04-10 10:54:59.425934
2563,app_opened,2026-03-06 18:54:59.425958
2563,account_created,2026-03-06 15:54:59.425958
2563,kyc_started,2026-03-08 04:54:59.425958
2563,kyc_completed,2026-03-09 15:54:59.425958
2563,deposit_made,2026-03-11 03:54:59.425958
2563,transaction_made,2026-03-12 00:54:59.425958
2564,app_opened,2026-03-27 09:54:59.425987
2564,account_created,2026-03-28 05:54:59.425987
2565,app_opened,2026-04-09 04:54:59.425998
2565,account_created,2026-04-08 17:54:59.425998
2565,kyc_started,2026-04-09 18:54:59.425998
2566,app_opened,2026-03-25 20:54:59.426011
2566,account_created,2026-03-25 13:54:59.426011
2567,app_opened,2026-03-07 09:54:59.426022
2567,account_created,2026-03-07 22:54:59.426022
2568,app_opened,2026-03-13 04:54:59.426032
2568,account_created,2026-03-14 05:54:59.426032
2568,kyc_started,2026-03-14 08:54:59.426032
2569,app_opened,2026-04-03 23:54:59.426045
2569,account_created,2026-04-04 02:54:59.426045
2569,kyc_started,2026-04-06 00:54:59.426045
2569,kyc_completed,2026-04-09 21:54:59.426045
2569,deposit_made,2026-04-10 17:54:59.426045
2569,transaction_made,2026-04-10 22:54:59.426045
2569,credit_product_viewed,2026-04-11 22:54:59.426045
2569,credit_application_started,2026-04-12 15:54:59.426045
2569,credit_application_cancelled,2026-04-13 15:54:59.426045
2570,app_opened,2026-04-08 09:54:59.426078
2570,account_created,2026-04-09 15:54:59.426078
2571,app_opened,2026-03-21 12:54:59.426088
2571,account_created,2026-03-21 19:54:59.426088
2571,kyc_started,2026-03-24 19:54:59.426088
2571,kyc_completed,2026-03-26 02:54:59.426088
2571,deposit_made,2026-03-27 18:54:59.426088
2571,transaction_made,2026-03-28 18:54:59.426088
2572,app_opened,2026-04-12 22:54:59.426114
2572,account_created,2026-04-13 22:54:59.426114
2572,kyc_started,2026-04-15 04:54:59.426114
2572,kyc_completed,2026-04-17 16:54:59.426114
2573,app_opened,2026-04-11 19:54:59.426131
2573,account_created,2026-04-11 19:54:59.426131
2574,app_opened,2026-03-06 05:54:59.426141
2574,account_created,2026-03-05 23:54:59.426141
2575,app_opened,2026-03-30 10:54:59.426151
2575,account_created,2026-03-30 16:54:59.426151
2575,kyc_started,2026-04-01 15:54:59.426151
2576,app_opened,2026-03-24 00:54:59.426165
2576,account_created,2026-03-25 01:54:59.426165
2576,kyc_started,2026-03-27 08:54:59.426165
2577,app_opened,2026-03-30 04:54:59.426179
2577,account_created,2026-03-30 13:54:59.426179
2577,kyc_started,2026-04-01 10:54:59.426179
2577,kyc_completed,2026-04-04 16:54:59.426179
2578,app_opened,2026-04-02 17:54:59.426196
2578,account_created,2026-04-02 15:54:59.426196
2578,kyc_started,2026-04-04 00:54:59.426196
2578,kyc_completed,2026-04-05 00:54:59.426196
2578,deposit_made,2026-04-06 12:54:59.426196
2578,transaction_made,2026-04-06 16:54:59.426196
2579,app_opened,2026-03-16 12:54:59.426220
2579,account_created,2026-03-16 10:54:59.426220
2580,app_opened,2026-03-23 02:54:59.426230
2580,account_created,2026-03-23 13:54:59.426230
2580,kyc_started,2026-03-24 01:54:59.426230
2580,kyc_completed,2026-03-27 07:54:59.426230
2581,app_opened,2026-03-14 09:54:59.426253
2581,account_created,2026-03-16 07:54:59.426253
2581,kyc_started,2026-03-18 17:54:59.426253
2581,kyc_completed,2026-03-22 20:54:59.426253
2581,deposit_made,2026-03-24 19:54:59.426253
2581,transaction_made,2026-03-25 06:54:59.426253
2582,app_opened,2026-03-19 11:54:59.426279
2582,account_created,2026-03-19 11:54:59.426279
2582,kyc_started,2026-03-20 01:54:59.426279
2582,kyc_completed,2026-03-23 12:54:59.426279
2583,app_opened,2026-03-27 11:54:59.426295
2584,app_opened,2026-03-30 20:54:59.426302
2585,app_opened,2026-04-01 00:54:59.426309
2585,account_created,2026-04-01 10:54:59.426309
2585,kyc_started,2026-04-02 12:54:59.426309
2585,kyc_completed,2026-04-06 12:54:59.426309
2585,deposit_made,2026-04-07 11:54:59.426309
2585,transaction_made,2026-04-08 04:54:59.426309
2586,app_opened,2026-03-20 22:54:59.426342
2586,account_created,2026-03-21 23:54:59.426342
2586,kyc_started,2026-03-22 03:54:59.426342
2586,kyc_completed,2026-03-26 02:54:59.426342
2586,deposit_made,2026-03-26 15:54:59.426342
2587,app_opened,2026-04-06 04:54:59.426362
2587,account_created,2026-04-06 13:54:59.426362
2588,app_opened,2026-03-21 21:54:59.426372
2588,account_created,2026-03-21 18:54:59.426372
2588,kyc_started,2026-03-22 03:54:59.426372
2588,kyc_completed,2026-03-23 20:54:59.426372
2589,app_opened,2026-03-18 09:54:59.426389
2589,account_created,2026-03-19 02:54:59.426389
2589,kyc_started,2026-03-21 09:54:59.426389
2589,kyc_completed,2026-03-24 03:54:59.426389
2590,app_opened,2026-04-16 11:54:59.426409
2590,account_created,2026-04-16 12:54:59.426409
2590,kyc_started,2026-04-19 03:54:59.426409
2591,app_opened,2026-04-10 17:54:59.426422
2591,account_created,2026-04-12 08:54:59.426422
2591,kyc_started,2026-04-13 15:54:59.426422
2591,kyc_completed,2026-04-17 13:54:59.426422
2591,deposit_made,2026-04-19 11:54:59.426422
2591,transaction_made,2026-04-20 10:54:59.426422
2592,app_opened,2026-03-09 07:54:59.426446
2592,account_created,2026-03-08 09:54:59.426446
2592,kyc_started,2026-03-08 18:54:59.426446
2592,kyc_completed,2026-03-10 16:54:59.426446
2592,deposit_made,2026-03-12 08:54:59.426446
2592,transaction_made,2026-03-12 10:54:59.426446
2593,app_opened,2026-03-30 05:54:59.426469
2593,account_created,2026-03-30 16:54:59.426469
2594,app_opened,2026-03-24 04:54:59.426480
2594,account_created,2026-03-24 16:54:59.426480
2594,kyc_started,2026-03-25 01:54:59.426480
2594,kyc_completed,2026-03-29 04:54:59.426480
2594,deposit_made,2026-03-29 12:54:59.426480
2595,app_opened,2026-03-25 04:54:59.426500
2595,account_created,2026-03-25 03:54:59.426500
2595,kyc_started,2026-03-27 04:54:59.426500
2596,app_opened,2026-04-08 15:54:59.426514
2596,account_created,2026-04-08 12:54:59.426514
2596,kyc_started,2026-04-09 23:54:59.426514
2596,kyc_completed,2026-04-11 21:54:59.426514
2597,app_opened,2026-03-21 14:54:59.426567
2597,account_created,2026-03-23 05:54:59.426567
2598,app_opened,2026-03-07 03:54:59.426585
2598,account_created,2026-03-07 22:54:59.426585
2598,kyc_started,2026-03-08 13:54:59.426585
2599,app_opened,2026-03-20 09:54:59.426600
2599,account_created,2026-03-21 01:54:59.426600
2599,kyc_started,2026-03-23 09:54:59.426600
2600,app_opened,2026-03-06 13:54:59.426617
2600,account_created,2026-03-07 14:54:59.426617
2600,kyc_started,2026-03-10 01:54:59.426617
2601,app_opened,2026-03-14 14:54:59.426630
2601,account_created,2026-03-15 11:54:59.426630
2601,kyc_started,2026-03-16 08:54:59.426630
2602,app_opened,2026-03-06 09:54:59.426644
2602,account_created,2026-03-08 03:54:59.426644
2602,kyc_started,2026-03-08 16:54:59.426644
2603,app_opened,2026-03-14 11:54:59.426657
2603,account_created,2026-03-16 04:54:59.426657
2604,app_opened,2026-03-10 03:54:59.426668
2604,account_created,2026-03-10 17:54:59.426668
2605,app_opened,2026-03-11 23:54:59.426678
2606,app_opened,2026-04-10 11:54:59.426688
2607,app_opened,2026-04-17 08:54:59.426695
2607,account_created,2026-04-17 17:54:59.426695
2607,kyc_started,2026-04-19 07:54:59.426695
2608,app_opened,2026-03-16 09:54:59.426709
2608,account_created,2026-03-16 13:54:59.426709
2609,app_opened,2026-03-23 17:54:59.426719
2609,account_created,2026-03-23 17:54:59.426719
2609,kyc_started,2026-03-24 09:54:59.426719
2609,kyc_completed,2026-03-27 06:54:59.426719
2610,app_opened,2026-04-04 03:54:59.426736
2611,app_opened,2026-03-16 20:54:59.426746
2611,account_created,2026-03-16 09:54:59.426746
2611,kyc_started,2026-03-16 17:54:59.426746
2612,app_opened,2026-04-02 02:54:59.426760
2612,account_created,2026-04-02 15:54:59.426760
2612,kyc_started,2026-04-03 03:54:59.426760
2613,app_opened,2026-04-06 15:54:59.426773
2613,account_created,2026-04-06 14:54:59.426773
2613,kyc_started,2026-04-08 18:54:59.426773
2613,kyc_completed,2026-04-13 04:54:59.426773
2614,app_opened,2026-04-08 01:54:59.426790
2615,app_opened,2026-03-06 03:54:59.426797
2615,account_created,2026-03-05 19:54:59.426797
2615,kyc_started,2026-03-08 02:54:59.426797
2615,kyc_completed,2026-03-11 18:54:59.426797
2615,deposit_made,2026-03-13 17:54:59.426797
2615,transaction_made,2026-03-14 12:54:59.426797
2616,app_opened,2026-03-07 00:54:59.426820
2616,account_created,2026-03-06 12:54:59.426820
2616,kyc_started,2026-03-08 10:54:59.426820
2616,kyc_completed,2026-03-10 01:54:59.426820
2616,deposit_made,2026-03-10 07:54:59.426820
2616,transaction_made,2026-03-10 21:54:59.426820
2616,credit_product_viewed,2026-03-17 21:54:59.426820
2616,credit_application_started,2026-03-18 00:54:59.426820
2616,credit_application_cancelled,2026-03-18 18:54:59.426820
2617,app_opened,2026-03-07 16:54:59.426860
2617,account_created,2026-03-08 03:54:59.426860
2617,kyc_started,2026-03-11 02:54:59.426860
2617,kyc_completed,2026-03-13 20:54:59.426860
2618,app_opened,2026-03-26 12:54:59.426877
2618,account_created,2026-03-27 14:54:59.426877
2618,kyc_started,2026-03-29 17:54:59.426877
2618,kyc_completed,2026-04-03 02:54:59.426877
2618,deposit_made,2026-04-04 17:54:59.426877
2619,app_opened,2026-03-05 05:54:59.426902
2619,account_created,2026-03-06 00:54:59.426902
2619,kyc_started,2026-03-08 22:54:59.426902
2619,kyc_completed,2026-03-11 07:54:59.426902
2620,app_opened,2026-03-21 09:54:59.426921
2620,account_created,2026-03-22 17:54:59.426921
2620,kyc_started,2026-03-23 02:54:59.426921
2620,kyc_completed,2026-03-24 21:54:59.426921
2621,app_opened,2026-04-11 21:54:59.426938
2621,account_created,2026-04-12 07:54:59.426938
2621,kyc_started,2026-04-13 15:54:59.426938
2622,app_opened,2026-03-22 17:54:59.426952
2622,account_created,2026-03-22 17:54:59.426952
2622,kyc_started,2026-03-23 22:54:59.426952
2622,kyc_completed,2026-03-27 01:54:59.426952
2623,app_opened,2026-03-16 16:54:59.426969
2623,account_created,2026-03-17 12:54:59.426969
2623,kyc_started,2026-03-18 22:54:59.426969
2623,kyc_completed,2026-03-20 17:54:59.426969
2624,app_opened,2026-03-15 23:54:59.426985
2624,account_created,2026-03-15 13:54:59.426985
2624,kyc_started,2026-03-15 22:54:59.426985
2624,kyc_completed,2026-03-17 07:54:59.426985
2624,deposit_made,2026-03-17 15:54:59.426985
2624,transaction_made,2026-03-18 15:54:59.426985
2624,credit_product_viewed,2026-03-29 15:54:59.426985
2624,credit_application_started,2026-03-31 06:54:59.426985
2624,credit_application_cancelled,2026-03-31 12:54:59.426985
2625,app_opened,2026-04-05 07:54:59.427025
2625,account_created,2026-04-04 23:54:59.427025
2625,kyc_started,2026-04-07 04:54:59.427025
2626,app_opened,2026-03-27 14:54:59.427039
2627,app_opened,2026-04-15 17:54:59.427046
2627,account_created,2026-04-16 17:54:59.427046
2627,kyc_started,2026-04-18 12:54:59.427046
2628,app_opened,2026-03-04 09:54:59.427061
2629,app_opened,2026-03-25 17:54:59.427067
2629,account_created,2026-03-26 16:54:59.427067
2629,kyc_started,2026-03-27 08:54:59.427067
2630,app_opened,2026-03-21 19:54:59.427084
2630,account_created,2026-03-21 21:54:59.427084
2630,kyc_started,2026-03-23 09:54:59.427084
2630,kyc_completed,2026-03-27 09:54:59.427084
2630,deposit_made,2026-03-27 14:54:59.427084
2630,transaction_made,2026-03-28 14:54:59.427084
2631,app_opened,2026-04-14 01:54:59.427107
2631,account_created,2026-04-14 01:54:59.427107
2631,kyc_started,2026-04-16 23:54:59.427107
2632,app_opened,2026-03-15 02:54:59.427121
2633,app_opened,2026-04-17 21:54:59.427128
2633,account_created,2026-04-18 20:54:59.427128
2633,kyc_started,2026-04-20 07:54:59.427128
2633,kyc_completed,2026-04-22 17:54:59.427128
2633,deposit_made,2026-04-23 00:54:59.427128
2633,transaction_made,2026-04-23 11:54:59.427128
2634,app_opened,2026-03-24 05:54:59.427152
2634,account_created,2026-03-24 01:54:59.427152
2634,kyc_started,2026-03-26 22:54:59.427152
2635,app_opened,2026-04-03 07:54:59.427165
2636,app_opened,2026-03-24 07:54:59.427172
2636,account_created,2026-03-24 13:54:59.427172
2636,kyc_started,2026-03-27 06:54:59.427172
2636,kyc_completed,2026-03-29 21:54:59.427172
2637,app_opened,2026-04-12 19:54:59.427191
2637,account_created,2026-04-13 01:54:59.427191
2638,app_opened,2026-03-06 10:54:59.427202
2638,account_created,2026-03-08 00:54:59.427202
2638,kyc_started,2026-03-09 00:54:59.427202
2638,kyc_completed,2026-03-13 15:54:59.427202
2639,app_opened,2026-03-25 16:54:59.427222
2639,account_created,2026-03-26 09:54:59.427222
2640,app_opened,2026-04-15 20:54:59.427232
2640,account_created,2026-04-16 15:54:59.427232
2640,kyc_started,2026-04-16 23:54:59.427232
2640,kyc_completed,2026-04-21 03:54:59.427232
2641,app_opened,2026-03-13 21:54:59.427249
2641,account_created,2026-03-14 05:54:59.427249
2641,kyc_started,2026-03-14 22:54:59.427249
2641,kyc_completed,2026-03-19 00:54:59.427249
2641,deposit_made,2026-03-20 00:54:59.427249
2641,transaction_made,2026-03-20 13:54:59.427249
2642,app_opened,2026-04-14 09:54:59.427272
2642,account_created,2026-04-16 02:54:59.427272
2642,kyc_started,2026-04-16 20:54:59.427272
2642,kyc_completed,2026-04-20 22:54:59.427272
2642,deposit_made,2026-04-21 02:54:59.427272
2642,transaction_made,2026-04-21 15:54:59.427272
2643,app_opened,2026-03-05 17:54:59.427296
2643,account_created,2026-03-07 08:54:59.427296
2644,app_opened,2026-03-09 22:54:59.427306
2644,account_created,2026-03-10 11:54:59.427306
2644,kyc_started,2026-03-12 19:54:59.427306
2644,kyc_completed,2026-03-13 20:54:59.427306
2645,app_opened,2026-03-29 19:54:59.427326
2645,account_created,2026-03-30 08:54:59.427326
2645,kyc_started,2026-04-01 17:54:59.427326
2645,kyc_completed,2026-04-02 20:54:59.427326
2646,app_opened,2026-03-29 19:54:59.427352
2647,app_opened,2026-04-06 01:54:59.427359
2647,account_created,2026-04-05 10:54:59.427359
2647,kyc_started,2026-04-06 18:54:59.427359
2648,app_opened,2026-03-25 17:54:59.427373
2648,account_created,2026-03-26 09:54:59.427373
2649,app_opened,2026-03-08 14:54:59.427383
2649,account_created,2026-03-09 06:54:59.427383
2650,app_opened,2026-04-14 12:54:59.427393
2650,account_created,2026-04-15 06:54:59.427393
2650,kyc_started,2026-04-17 03:54:59.427393
2650,kyc_completed,2026-04-18 09:54:59.427393
2650,deposit_made,2026-04-20 05:54:59.427393
2650,transaction_made,2026-04-20 11:54:59.427393
2650,credit_product_viewed,2026-04-23 11:54:59.427393
2650,credit_application_started,2026-04-24 06:54:59.427393
2650,credit_application_completed,2026-04-24 21:54:59.427393
2651,app_opened,2026-03-22 00:54:59.427426
2651,account_created,2026-03-22 15:54:59.427426
2651,kyc_started,2026-03-23 09:54:59.427426
2652,app_opened,2026-03-09 11:54:59.427439
2652,account_created,2026-03-09 15:54:59.427439
2652,kyc_started,2026-03-11 03:54:59.427439
2653,app_opened,2026-04-11 11:54:59.427453
2653,account_created,2026-04-12 17:54:59.427453
2654,app_opened,2026-04-02 02:54:59.427463
2654,account_created,2026-04-03 01:54:59.427463
2654,kyc_started,2026-04-03 09:54:59.427463
2654,kyc_completed,2026-04-07 05:54:59.427463
2654,deposit_made,2026-04-08 12:54:59.427463
2654,transaction_made,2026-04-09 01:54:59.427463
2655,app_opened,2026-03-18 02:54:59.427492
2655,account_created,2026-03-17 14:54:59.427492
2655,kyc_started,2026-03-19 12:54:59.427492
2655,kyc_completed,2026-03-20 13:54:59.427492
2656,app_opened,2026-03-31 23:54:59.427512
2656,account_created,2026-04-02 06:54:59.427512
2656,kyc_started,2026-04-03 16:54:59.427512
2657,app_opened,2026-03-08 22:54:59.427526
2657,account_created,2026-03-10 07:54:59.427526
2657,kyc_started,2026-03-11 05:54:59.427526
2657,kyc_completed,2026-03-15 00:54:59.427526
2657,deposit_made,2026-03-17 00:54:59.427526
2657,transaction_made,2026-03-17 16:54:59.427526
2658,app_opened,2026-03-21 20:54:59.427549
2658,account_created,2026-03-23 07:54:59.427549
2658,kyc_started,2026-03-26 04:54:59.427549
2658,kyc_completed,2026-03-30 02:54:59.427549
2658,deposit_made,2026-03-31 19:54:59.427549
2658,transaction_made,2026-04-01 04:54:59.427549
2659,app_opened,2026-04-06 18:54:59.427573
2659,account_created,2026-04-08 03:54:59.427573
2659,kyc_started,2026-04-09 09:54:59.427573
2659,kyc_completed,2026-04-11 17:54:59.427573
2659,deposit_made,2026-04-12 11:54:59.427573
2659,transaction_made,2026-04-13 09:54:59.427573
2660,app_opened,2026-04-01 18:54:59.427596
2660,account_created,2026-04-02 03:54:59.427596
2660,kyc_started,2026-04-03 23:54:59.427596
2661,app_opened,2026-04-05 11:54:59.427616
2661,account_created,2026-04-05 21:54:59.427616
2661,kyc_started,2026-04-08 07:54:59.427616
2661,kyc_completed,2026-04-12 03:54:59.427616
2662,app_opened,2026-03-18 06:54:59.427633
2663,app_opened,2026-04-12 23:54:59.427641
2663,account_created,2026-04-13 10:54:59.427641
2664,app_opened,2026-04-03 06:54:59.427651
2664,account_created,2026-04-04 02:54:59.427651
2664,kyc_started,2026-04-05 00:54:59.427651
2664,kyc_completed,2026-04-06 03:54:59.427651
2664,deposit_made,2026-04-07 15:54:59.427651
2664,transaction_made,2026-04-08 13:54:59.427651
2664,credit_product_viewed,2026-04-10 13:54:59.427651
2664,credit_application_started,2026-04-11 20:54:59.427651
2664,credit_application_completed,2026-04-11 21:54:59.427651
2665,app_opened,2026-03-08 02:54:59.427684
2665,account_created,2026-03-07 13:54:59.427684
2665,kyc_started,2026-03-09 15:54:59.427684
2666,app_opened,2026-04-15 17:54:59.427697
2666,account_created,2026-04-17 01:54:59.427697
2666,kyc_started,2026-04-19 03:54:59.427697
2667,app_opened,2026-04-03 19:54:59.427710
2667,account_created,2026-04-04 17:54:59.427710
2668,app_opened,2026-04-01 04:54:59.427721
2669,app_opened,2026-03-27 16:54:59.427728
2670,app_opened,2026-04-17 10:54:59.427735
2671,app_opened,2026-03-05 05:54:59.427742
2671,account_created,2026-03-05 17:54:59.427742
2671,kyc_started,2026-03-07 20:54:59.427742
2671,kyc_completed,2026-03-11 12:54:59.427742
2671,deposit_made,2026-03-11 17:54:59.427742
2672,app_opened,2026-03-26 14:54:59.427764
2672,account_created,2026-03-27 01:54:59.427764
2673,app_opened,2026-03-25 17:54:59.427775
2673,account_created,2026-03-25 12:54:59.427775
2674,app_opened,2026-04-05 02:54:59.427785
2675,app_opened,2026-03-04 11:54:59.427792
2675,account_created,2026-03-06 00:54:59.427792
2675,kyc_started,2026-03-08 23:54:59.427792
2675,kyc_completed,2026-03-13 09:54:59.427792
2676,app_opened,2026-03-06 19:54:59.427813
2676,account_created,2026-03-07 23:54:59.427813
2676,kyc_started,2026-03-10 20:54:59.427813
2676,kyc_completed,2026-03-14 12:54:59.427813
2677,app_opened,2026-04-02 02:54:59.427832
2677,account_created,2026-04-03 00:54:59.427832
2677,kyc_started,2026-04-05 07:54:59.427832
2678,app_opened,2026-03-16 01:54:59.427851
2678,account_created,2026-03-17 05:54:59.427851
2678,kyc_started,2026-03-18 21:54:59.427851
2679,app_opened,2026-03-29 00:54:59.427865
2679,account_created,2026-03-28 17:54:59.427865
2680,app_opened,2026-04-11 17:54:59.427878
2680,account_created,2026-04-13 04:54:59.427878
2680,kyc_started,2026-04-15 05:54:59.427878
2680,kyc_completed,2026-04-16 16:54:59.427878
2681,app_opened,2026-03-11 02:54:59.427895
2681,account_created,2026-03-11 09:54:59.427895
2682,app_opened,2026-04-06 17:54:59.427905
2682,account_created,2026-04-06 22:54:59.427905
2683,app_opened,2026-03-07 16:54:59.427915
2683,account_created,2026-03-07 19:54:59.427915
2683,kyc_started,2026-03-09 02:54:59.427915
2683,kyc_completed,2026-03-10 15:54:59.427915
2683,deposit_made,2026-03-10 23:54:59.427915
2684,app_opened,2026-03-07 02:54:59.427939
2684,account_created,2026-03-07 10:54:59.427939
2685,app_opened,2026-04-08 03:54:59.427949
2685,account_created,2026-04-07 20:54:59.427949
2685,kyc_started,2026-04-10 14:54:59.427949
2686,app_opened,2026-03-04 03:54:59.427963
2686,account_created,2026-03-03 22:54:59.427963
2686,kyc_started,2026-03-04 14:54:59.427963
2686,kyc_completed,2026-03-06 04:54:59.427963
2686,deposit_made,2026-03-06 19:54:59.427963
2686,transaction_made,2026-03-06 20:54:59.427963
2686,credit_product_viewed,2026-03-18 20:54:59.427963
2686,credit_application_started,2026-03-20 06:54:59.427963
2686,credit_application_completed,2026-03-20 20:54:59.427963
2687,app_opened,2026-03-24 12:54:59.427995
2687,account_created,2026-03-24 10:54:59.427995
2687,kyc_started,2026-03-27 10:54:59.427995
2688,app_opened,2026-03-06 00:54:59.428009
2688,account_created,2026-03-05 16:54:59.428009
2688,kyc_started,2026-03-06 03:54:59.428009
2689,app_opened,2026-04-05 20:54:59.428022
2689,account_created,2026-04-05 14:54:59.428022
2689,kyc_started,2026-04-06 21:54:59.428022
2690,app_opened,2026-03-30 19:54:59.428036
2690,account_created,2026-04-01 02:54:59.428036
2691,app_opened,2026-03-12 01:54:59.428071
2691,account_created,2026-03-12 15:54:59.428071
2691,kyc_started,2026-03-15 14:54:59.428071
2692,app_opened,2026-04-05 19:54:59.428088
2692,account_created,2026-04-06 22:54:59.428088
2692,kyc_started,2026-04-07 11:54:59.428088
2692,kyc_completed,2026-04-09 12:54:59.428088
2693,app_opened,2026-04-16 23:54:59.428109
2693,account_created,2026-04-17 10:54:59.428109
2694,app_opened,2026-04-17 20:54:59.428120
2694,account_created,2026-04-18 02:54:59.428120
2695,app_opened,2026-03-11 21:54:59.428132
2695,account_created,2026-03-11 13:54:59.428132
2695,kyc_started,2026-03-11 19:54:59.428132
2695,kyc_completed,2026-03-16 08:54:59.428132
2695,deposit_made,2026-03-17 02:54:59.428132
2695,transaction_made,2026-03-17 03:54:59.428132
2696,app_opened,2026-03-23 20:54:59.428156
2696,account_created,2026-03-23 14:54:59.428156
2697,app_opened,2026-03-03 16:54:59.428167
2698,app_opened,2026-04-17 23:54:59.428174
2698,account_created,2026-04-17 15:54:59.428174
2698,kyc_started,2026-04-19 02:54:59.428174
2699,app_opened,2026-03-18 10:54:59.428188
2699,account_created,2026-03-18 09:54:59.428188
2699,kyc_started,2026-03-21 09:54:59.428188
2700,app_opened,2026-03-21 22:54:59.428201
2700,account_created,2026-03-22 03:54:59.428201
2700,kyc_started,2026-03-24 04:54:59.428201
2700,kyc_completed,2026-03-28 04:54:59.428201
2701,app_opened,2026-03-23 14:54:59.428218
2701,account_created,2026-03-24 14:54:59.428218
2702,app_opened,2026-03-15 16:54:59.428228
2702,account_created,2026-03-16 20:54:59.428228
2702,kyc_started,2026-03-17 12:54:59.428228
2702,kyc_completed,2026-03-22 03:54:59.428228
2703,app_opened,2026-03-18 04:54:59.428247
2703,account_created,2026-03-17 10:54:59.428247
2703,kyc_started,2026-03-19 17:54:59.428247
2703,kyc_completed,2026-03-23 03:54:59.428247
2704,app_opened,2026-03-12 23:54:59.428264
2705,app_opened,2026-04-17 07:54:59.428271
2705,account_created,2026-04-16 17:54:59.428271
2705,kyc_started,2026-04-17 05:54:59.428271
2705,kyc_completed,2026-04-21 22:54:59.428271
2706,app_opened,2026-03-26 23:54:59.428288
2706,account_created,2026-03-28 01:54:59.428288
2706,kyc_started,2026-03-31 01:54:59.428288
2707,app_opened,2026-04-06 21:54:59.428304
2707,account_created,2026-04-06 14:54:59.428304
2707,kyc_started,2026-04-06 15:54:59.428304
2708,app_opened,2026-03-12 20:54:59.428318
2709,app_opened,2026-04-13 23:54:59.428325
2709,account_created,2026-04-14 17:54:59.428325
2709,kyc_started,2026-04-15 09:54:59.428325
2709,kyc_completed,2026-04-18 19:54:59.428325
2709,deposit_made,2026-04-19 01:54:59.428325
2709,transaction_made,2026-04-19 06:54:59.428325
2710,app_opened,2026-03-25 04:54:59.428358
2710,account_created,2026-03-24 13:54:59.428358
2710,kyc_started,2026-03-27 12:54:59.428358
2710,kyc_completed,2026-03-28 23:54:59.428358
2711,app_opened,2026-03-11 21:54:59.428375
2712,app_opened,2026-03-21 17:54:59.428382
2712,account_created,2026-03-21 18:54:59.428382
2712,kyc_started,2026-03-24 08:54:59.428382
2712,kyc_completed,2026-03-28 11:54:59.428382
2712,deposit_made,2026-03-28 15:54:59.428382
2713,app_opened,2026-04-02 08:54:59.428405
2713,account_created,2026-04-02 02:54:59.428405
2714,app_opened,2026-04-12 02:54:59.428415
2714,account_created,2026-04-12 03:54:59.428415
2714,kyc_started,2026-04-12 09:54:59.428415
2714,kyc_completed,2026-04-16 01:54:59.428415
2714,deposit_made,2026-04-17 14:54:59.428415
2714,transaction_made,2026-04-18 02:54:59.428415
2715,app_opened,2026-04-18 07:54:59.428443
2715,account_created,2026-04-19 07:54:59.428443
2715,kyc_started,2026-04-21 11:54:59.428443
2715,kyc_completed,2026-04-26 05:54:59.428443
2716,app_opened,2026-03-22 17:54:59.428459
2717,app_opened,2026-03-19 14:54:59.428466
2717,account_created,2026-03-19 17:54:59.428466
2717,kyc_started,2026-03-22 06:54:59.428466
2718,app_opened,2026-03-16 14:54:59.428480
2719,app_opened,2026-03-09 19:54:59.428487
2720,app_opened,2026-03-31 09:54:59.428493
2720,account_created,2026-04-01 16:54:59.428493
2720,kyc_started,2026-04-04 11:54:59.428493
2720,kyc_completed,2026-04-09 03:54:59.428493
2720,deposit_made,2026-04-10 08:54:59.428493
2720,transaction_made,2026-04-10 13:54:59.428493
2721,app_opened,2026-04-13 21:54:59.428517
2722,app_opened,2026-03-14 20:54:59.428524
2722,account_created,2026-03-14 13:54:59.428524
2722,kyc_started,2026-03-16 10:54:59.428524
2723,app_opened,2026-03-08 07:54:59.428541
2723,account_created,2026-03-07 12:54:59.428541
2723,kyc_started,2026-03-09 12:54:59.428541
2724,app_opened,2026-03-09 14:54:59.428557
2724,account_created,2026-03-09 15:54:59.428557
2725,app_opened,2026-03-06 11:54:59.428568
2725,account_created,2026-03-07 12:54:59.428568
2725,kyc_started,2026-03-07 18:54:59.428568
2726,app_opened,2026-04-03 23:54:59.428581
2726,account_created,2026-04-04 21:54:59.428581
2726,kyc_started,2026-04-05 03:54:59.428581
2726,kyc_completed,2026-04-06 12:54:59.428581
2727,app_opened,2026-03-11 19:54:59.428600
2727,account_created,2026-03-11 09:54:59.428600
2728,app_opened,2026-04-02 07:54:59.428610
2728,account_created,2026-04-03 02:54:59.428610
2728,kyc_started,2026-04-05 19:54:59.428610
2728,kyc_completed,2026-04-08 10:54:59.428610
2729,app_opened,2026-03-29 07:54:59.428627
2729,account_created,2026-03-30 02:54:59.428627
2729,kyc_started,2026-04-01 21:54:59.428627
2729,kyc_completed,2026-04-06 00:54:59.428627
2730,app_opened,2026-04-04 22:54:59.428644
2730,account_created,2026-04-05 23:54:59.428644
2730,kyc_started,2026-04-08 12:54:59.428644
2731,app_opened,2026-03-23 08:54:59.428658
2731,account_created,2026-03-24 00:54:59.428658
2732,app_opened,2026-03-16 13:54:59.428668
2733,app_opened,2026-04-05 18:54:59.428675
2733,account_created,2026-04-05 14:54:59.428675
2733,kyc_started,2026-04-06 00:54:59.428675
2733,kyc_completed,2026-04-08 18:54:59.428675
2733,deposit_made,2026-04-09 17:54:59.428675
2733,transaction_made,2026-04-10 15:54:59.428675
2734,app_opened,2026-04-04 06:54:59.428699
2734,account_created,2026-04-04 14:54:59.428699
2735,app_opened,2026-04-05 08:54:59.428713
2735,account_created,2026-04-05 01:54:59.428713
2735,kyc_started,2026-04-06 08:54:59.428713
2735,kyc_completed,2026-04-08 03:54:59.428713
2735,deposit_made,2026-04-08 07:54:59.428713
2735,transaction_made,2026-04-08 16:54:59.428713
2736,app_opened,2026-03-21 10:54:59.428740
2736,account_created,2026-03-22 13:54:59.428740
2736,kyc_started,2026-03-25 12:54:59.428740
2736,kyc_completed,2026-03-30 07:54:59.428740
2737,app_opened,2026-03-30 02:54:59.428756
2737,account_created,2026-03-30 20:54:59.428756
2737,kyc_started,2026-03-31 19:54:59.428756
2737,kyc_completed,2026-04-03 00:54:59.428756
2737,deposit_made,2026-04-04 17:54:59.428756
2738,app_opened,2026-03-29 21:54:59.428777
2739,app_opened,2026-03-14 10:54:59.428784
2739,account_created,2026-03-14 12:54:59.428784
2739,kyc_started,2026-03-16 21:54:59.428784
2740,app_opened,2026-03-03 10:54:59.428797
2740,account_created,2026-03-04 13:54:59.428797
2740,kyc_started,2026-03-06 11:54:59.428797
2740,kyc_completed,2026-03-09 13:54:59.428797
2740,deposit_made,2026-03-11 02:54:59.428797
2740,transaction_made,2026-03-11 03:54:59.428797
2741,app_opened,2026-03-14 19:54:59.428821
2742,app_opened,2026-03-28 12:54:59.428828
2742,account_created,2026-03-30 01:54:59.428828
2742,kyc_started,2026-03-30 05:54:59.428828
2743,app_opened,2026-03-10 12:54:59.428848
2744,app_opened,2026-04-11 11:54:59.428857
2745,app_opened,2026-03-20 01:54:59.428864
2746,app_opened,2026-04-12 04:54:59.428871
2747,app_opened,2026-04-16 13:54:59.428878
2747,account_created,2026-04-17 03:54:59.428878
2748,app_opened,2026-03-21 06:54:59.428888
2748,account_created,2026-03-22 04:54:59.428888
2749,app_opened,2026-04-08 05:54:59.428898
2749,account_created,2026-04-09 06:54:59.428898
2749,kyc_started,2026-04-10 12:54:59.428898
2749,kyc_completed,2026-04-12 22:54:59.428898
2750,app_opened,2026-04-13 06:54:59.428915
2750,account_created,2026-04-12 09:54:59.428915
2751,app_opened,2026-03-06 13:54:59.428925
2751,account_created,2026-03-07 05:54:59.428925
2752,app_opened,2026-03-12 20:54:59.428936
2753,app_opened,2026-04-14 09:54:59.428942
2753,account_created,2026-04-15 11:54:59.428942
2754,app_opened,2026-03-04 10:54:59.428953
2754,account_created,2026-03-04 16:54:59.428953
2754,kyc_started,2026-03-05 16:54:59.428953
2755,app_opened,2026-03-27 05:54:59.428966
2755,account_created,2026-03-27 22:54:59.428966
2755,kyc_started,2026-03-29 18:54:59.428966
2755,kyc_completed,2026-04-01 06:54:59.428966
2755,deposit_made,2026-04-02 14:54:59.428966
2755,transaction_made,2026-04-03 05:54:59.428966
2756,app_opened,2026-04-09 23:54:59.428991
2756,account_created,2026-04-09 12:54:59.428991
2757,app_opened,2026-03-04 08:54:59.429001
2757,account_created,2026-03-04 08:54:59.429001
2757,kyc_started,2026-03-05 14:54:59.429001
2758,app_opened,2026-04-13 10:54:59.429017
2758,account_created,2026-04-14 10:54:59.429017
2758,kyc_started,2026-04-15 14:54:59.429017
2759,app_opened,2026-04-17 15:54:59.429030
2759,account_created,2026-04-18 22:54:59.429030
2759,kyc_started,2026-04-20 10:54:59.429030
2759,kyc_completed,2026-04-21 14:54:59.429030
2760,app_opened,2026-03-21 10:54:59.429047
2760,account_created,2026-03-23 05:54:59.429047
2761,app_opened,2026-03-30 11:54:59.429060
2761,account_created,2026-03-31 04:54:59.429060
2761,kyc_started,2026-03-31 17:54:59.429060
2762,app_opened,2026-03-07 19:54:59.429073
2763,app_opened,2026-03-09 14:54:59.429080
2764,app_opened,2026-03-26 20:54:59.429087
2764,account_created,2026-03-27 00:54:59.429087
2765,app_opened,2026-03-06 03:54:59.429097
2765,account_created,2026-03-05 11:54:59.429097
2765,kyc_started,2026-03-05 21:54:59.429097
2765,kyc_completed,2026-03-09 01:54:59.429097
2766,app_opened,2026-03-13 03:54:59.429117
2766,account_created,2026-03-12 10:54:59.429117
2766,kyc_started,2026-03-14 17:54:59.429117
2767,app_opened,2026-03-13 10:54:59.429137
2767,account_created,2026-03-14 09:54:59.429137
2768,app_opened,2026-03-18 17:54:59.429147
2768,account_created,2026-03-20 05:54:59.429147
2769,app_opened,2026-03-19 01:54:59.429158
2769,account_created,2026-03-20 04:54:59.429158
2769,kyc_started,2026-03-21 08:54:59.429158
2770,app_opened,2026-03-12 18:54:59.429172
2770,account_created,2026-03-14 05:54:59.429172
2771,app_opened,2026-03-25 16:54:59.429184
2771,account_created,2026-03-26 10:54:59.429184
2771,kyc_started,2026-03-28 11:54:59.429184
2772,app_opened,2026-04-07 19:54:59.429198
2772,account_created,2026-04-07 22:54:59.429198
2772,kyc_started,2026-04-09 19:54:59.429198
2773,app_opened,2026-04-14 00:54:59.429211
2773,account_created,2026-04-14 09:54:59.429211
2773,kyc_started,2026-04-15 02:54:59.429211
2774,app_opened,2026-04-06 18:54:59.429225
2774,account_created,2026-04-07 19:54:59.429225
2774,kyc_started,2026-04-08 03:54:59.429225
2775,app_opened,2026-03-07 03:54:59.429238
2775,account_created,2026-03-06 18:54:59.429238
2775,kyc_started,2026-03-07 23:54:59.429238
2775,kyc_completed,2026-03-09 11:54:59.429238
2775,deposit_made,2026-03-11 11:54:59.429238
2775,transaction_made,2026-03-12 06:54:59.429238
2775,credit_product_viewed,2026-03-19 06:54:59.429238
2775,credit_application_started,2026-03-21 02:54:59.429238
2775,credit_application_completed,2026-03-21 10:54:59.429238
2776,app_opened,2026-04-18 05:54:59.429271
2776,account_created,2026-04-18 19:54:59.429271
2776,kyc_started,2026-04-21 00:54:59.429271
2776,kyc_completed,2026-04-23 07:54:59.429271
2776,deposit_made,2026-04-23 15:54:59.429271
2776,transaction_made,2026-04-24 04:54:59.429271
2777,app_opened,2026-04-10 04:54:59.429295
2778,app_opened,2026-03-31 06:54:59.429302
2778,account_created,2026-03-31 14:54:59.429302
2778,kyc_started,2026-04-03 14:54:59.429302
2779,app_opened,2026-03-14 23:54:59.429316
2779,account_created,2026-03-15 21:54:59.429316
2780,app_opened,2026-04-12 14:54:59.429329
2780,account_created,2026-04-13 22:54:59.429329
2781,app_opened,2026-03-29 14:54:59.429347
2781,account_created,2026-03-29 23:54:59.429347
2782,app_opened,2026-04-02 22:54:59.429358
2782,account_created,2026-04-02 20:54:59.429358
2783,app_opened,2026-03-04 13:54:59.429368
2783,account_created,2026-03-05 07:54:59.429368
2783,kyc_started,2026-03-05 17:54:59.429368
2783,kyc_completed,2026-03-09 04:54:59.429368
2784,app_opened,2026-03-05 04:54:59.429388
2784,account_created,2026-03-05 13:54:59.429388
2784,kyc_started,2026-03-07 10:54:59.429388
2785,app_opened,2026-04-04 07:54:59.429403
2785,account_created,2026-04-03 09:54:59.429403
2785,kyc_started,2026-04-05 17:54:59.429403
2786,app_opened,2026-04-07 12:54:59.429416
2786,account_created,2026-04-08 23:54:59.429416
2787,app_opened,2026-04-07 11:54:59.429426
2787,account_created,2026-04-08 18:54:59.429426
2788,app_opened,2026-03-16 03:54:59.429437
2789,app_opened,2026-04-18 06:54:59.429443
2789,account_created,2026-04-17 15:54:59.429443
2789,kyc_started,2026-04-18 06:54:59.429443
2789,kyc_completed,2026-04-20 09:54:59.429443
2790,app_opened,2026-03-28 02:54:59.429460
2790,account_created,2026-03-29 07:54:59.429460
2790,kyc_started,2026-03-31 00:54:59.429460
2790,kyc_completed,2026-04-03 11:54:59.429460
2791,app_opened,2026-03-18 14:54:59.429477
2791,account_created,2026-03-18 15:54:59.429477
2791,kyc_started,2026-03-21 10:54:59.429477
2791,kyc_completed,2026-03-22 16:54:59.429477
2792,app_opened,2026-03-27 16:54:59.429496
2792,account_created,2026-03-29 05:54:59.429496
2792,kyc_started,2026-03-30 09:54:59.429496
2792,kyc_completed,2026-04-02 09:54:59.429496
2793,app_opened,2026-04-09 01:54:59.429514
2794,app_opened,2026-03-18 14:54:59.429520
2794,account_created,2026-03-19 02:54:59.429520
2794,kyc_started,2026-03-20 18:54:59.429520
2795,app_opened,2026-03-06 12:54:59.429534
2796,app_opened,2026-04-09 14:54:59.429544
2796,account_created,2026-04-10 15:54:59.429544
2796,kyc_started,2026-04-10 22:54:59.429544
2796,kyc_completed,2026-04-13 01:54:59.429544
2797,app_opened,2026-03-14 13:54:59.429560
2797,account_created,2026-03-14 23:54:59.429560
2797,kyc_started,2026-03-15 19:54:59.429560
2797,kyc_completed,2026-03-17 06:54:59.429560
2797,deposit_made,2026-03-18 14:54:59.429560
2798,app_opened,2026-03-07 15:54:59.429580
2798,account_created,2026-03-09 08:54:59.429580
2799,app_opened,2026-04-10 11:54:59.429591
2799,account_created,2026-04-11 08:54:59.429591
2799,kyc_started,2026-04-12 10:54:59.429591
2800,app_opened,2026-03-05 13:54:59.429604
2800,account_created,2026-03-07 08:54:59.429604
2800,kyc_started,2026-03-07 13:54:59.429604
2801,app_opened,2026-04-14 17:54:59.429618
2802,app_opened,2026-03-04 13:54:59.429624
2802,account_created,2026-03-04 17:54:59.429624
2802,kyc_started,2026-03-07 02:54:59.429624
2802,kyc_completed,2026-03-08 18:54:59.429624
2803,app_opened,2026-04-11 16:54:59.429644
2803,account_created,2026-04-11 21:54:59.429644
2803,kyc_started,2026-04-12 14:54:59.429644
2803,kyc_completed,2026-04-15 19:54:59.429644
2803,deposit_made,2026-04-15 23:54:59.429644
2803,transaction_made,2026-04-16 12:54:59.429644
2803,credit_product_viewed,2026-04-27 12:54:59.429644
2803,credit_application_started,2026-04-27 16:54:59.429644
2803,credit_application_completed,2026-04-28 12:54:59.429644
2804,app_opened,2026-04-03 23:54:59.429680
2804,account_created,2026-04-04 07:54:59.429680
2804,kyc_started,2026-04-04 20:54:59.429680
2805,app_opened,2026-04-03 13:54:59.429696
2805,account_created,2026-04-05 04:54:59.429696
2805,kyc_started,2026-04-06 01:54:59.429696
2806,app_opened,2026-04-12 22:54:59.429710
2806,account_created,2026-04-14 04:54:59.429710
2807,app_opened,2026-04-14 00:54:59.429720
2807,account_created,2026-04-14 23:54:59.429720
2807,kyc_started,2026-04-15 20:54:59.429720
2807,kyc_completed,2026-04-19 15:54:59.429720
2807,deposit_made,2026-04-19 17:54:59.429720
2807,transaction_made,2026-04-20 17:54:59.429720
2808,app_opened,2026-03-31 11:54:59.429744
2808,account_created,2026-04-01 10:54:59.429744
2808,kyc_started,2026-04-01 21:54:59.429744
2809,app_opened,2026-04-05 12:54:59.429757
2809,account_created,2026-04-05 09:54:59.429757
2809,kyc_started,2026-04-07 08:54:59.429757
2809,kyc_completed,2026-04-10 07:54:59.429757
2810,app_opened,2026-03-22 21:54:59.429777
2810,account_created,2026-03-22 11:54:59.429777
2810,kyc_started,2026-03-24 14:54:59.429777
2811,app_opened,2026-04-13 03:54:59.429791
2811,account_created,2026-04-13 10:54:59.429791
2811,kyc_started,2026-04-13 18:54:59.429791
2811,kyc_completed,2026-04-16 06:54:59.429791
2812,app_opened,2026-04-01 18:54:59.429807
2812,account_created,2026-04-02 13:54:59.429807
2813,app_opened,2026-03-23 15:54:59.429818
2813,account_created,2026-03-24 23:54:59.429818
2814,app_opened,2026-03-03 16:54:59.429828
2814,account_created,2026-03-04 07:54:59.429828
2814,kyc_started,2026-03-06 08:54:59.429828
2814,kyc_completed,2026-03-08 08:54:59.429828
2814,deposit_made,2026-03-08 19:54:59.429828
2814,transaction_made,2026-03-09 09:54:59.429828
2815,app_opened,2026-04-10 11:54:59.429857
2815,account_created,2026-04-10 18:54:59.429857
2815,kyc_started,2026-04-12 23:54:59.429857
2816,app_opened,2026-03-28 05:54:59.429871
2816,account_created,2026-03-28 05:54:59.429871
2816,kyc_started,2026-03-29 01:54:59.429871
2816,kyc_completed,2026-04-01 18:54:59.429871
2817,app_opened,2026-03-08 10:54:59.429888
2817,account_created,2026-03-09 16:54:59.429888
2818,app_opened,2026-03-11 06:54:59.429898
2818,account_created,2026-03-12 08:54:59.429898
2818,kyc_started,2026-03-14 13:54:59.429898
2818,kyc_completed,2026-03-16 19:54:59.429898
2819,app_opened,2026-03-03 11:54:59.429915
2819,account_created,2026-03-04 21:54:59.429915
2819,kyc_started,2026-03-06 07:54:59.429915
2819,kyc_completed,2026-03-10 06:54:59.429915
2819,deposit_made,2026-03-10 22:54:59.429915
2820,app_opened,2026-03-30 23:54:59.429940
2821,app_opened,2026-04-06 20:54:59.429948
2821,account_created,2026-04-07 08:54:59.429948
2821,kyc_started,2026-04-08 13:54:59.429948
2821,kyc_completed,2026-04-10 14:54:59.429948
2822,app_opened,2026-04-16 07:54:59.429967
2822,account_created,2026-04-15 14:54:59.429967
2823,app_opened,2026-03-26 06:54:59.429977
2823,account_created,2026-03-26 10:54:59.429977
2823,kyc_started,2026-03-27 21:54:59.429977
2823,kyc_completed,2026-03-31 08:54:59.429977
2824,app_opened,2026-03-25 07:54:59.429994
2824,account_created,2026-03-25 02:54:59.429994
2824,kyc_started,2026-03-27 13:54:59.429994
2824,kyc_completed,2026-04-01 08:54:59.429994
2825,app_opened,2026-04-01 08:54:59.430011
2825,account_created,2026-04-02 01:54:59.430011
2825,kyc_started,2026-04-03 03:54:59.430011
2825,kyc_completed,2026-04-05 09:54:59.430011
2825,deposit_made,2026-04-06 22:54:59.430011
2825,transaction_made,2026-04-07 07:54:59.430011
2826,app_opened,2026-03-11 01:54:59.430035
2826,account_created,2026-03-10 13:54:59.430035
2826,kyc_started,2026-03-12 01:54:59.430035
2826,kyc_completed,2026-03-13 23:54:59.430035
2826,deposit_made,2026-03-14 23:54:59.430035
2826,transaction_made,2026-03-15 22:54:59.430035
2827,app_opened,2026-03-12 19:54:59.430059
2828,app_opened,2026-03-09 18:54:59.430068
2828,account_created,2026-03-10 06:54:59.430068
2828,kyc_started,2026-03-12 10:54:59.430068
2828,kyc_completed,2026-03-15 03:54:59.430068
2829,app_opened,2026-03-26 03:54:59.430085
2829,account_created,2026-03-26 04:54:59.430085
2830,app_opened,2026-04-06 12:54:59.430095
2831,app_opened,2026-04-02 09:54:59.430102
2831,account_created,2026-04-03 02:54:59.430102
2831,kyc_started,2026-04-05 02:54:59.430102
2832,app_opened,2026-03-11 12:54:59.430115
2832,account_created,2026-03-12 09:54:59.430115
2832,kyc_started,2026-03-13 22:54:59.430115
2832,kyc_completed,2026-03-18 11:54:59.430115
2833,app_opened,2026-03-08 02:54:59.430132
2833,account_created,2026-03-08 00:54:59.430132
2834,app_opened,2026-04-07 22:54:59.430144
2834,account_created,2026-04-08 04:54:59.430144
2835,app_opened,2026-03-29 15:54:59.430154
2835,account_created,2026-03-29 12:54:59.430154
2835,kyc_started,2026-03-31 17:54:59.430154
2835,kyc_completed,2026-04-04 03:54:59.430154
2835,deposit_made,2026-04-05 23:54:59.430154
2836,app_opened,2026-04-17 02:54:59.430174
2836,account_created,2026-04-18 07:54:59.430174
2836,kyc_started,2026-04-21 03:54:59.430174
2837,app_opened,2026-04-07 13:54:59.430188
2838,app_opened,2026-04-12 20:54:59.430194
2838,account_created,2026-04-13 13:54:59.430194
2838,kyc_started,2026-04-16 13:54:59.430194
2838,kyc_completed,2026-04-18 09:54:59.430194
2838,deposit_made,2026-04-20 04:54:59.430194
2838,transaction_made,2026-04-20 10:54:59.430194
2839,app_opened,2026-03-16 23:54:59.430223
2839,account_created,2026-03-18 04:54:59.430223
2839,kyc_started,2026-03-20 20:54:59.430223
2839,kyc_completed,2026-03-24 11:54:59.430223
2839,deposit_made,2026-03-24 22:54:59.430223
2840,app_opened,2026-03-05 09:54:59.430243
2840,account_created,2026-03-06 11:54:59.430243
2841,app_opened,2026-04-08 16:54:59.430253
2842,app_opened,2026-03-19 23:54:59.430263
2842,account_created,2026-03-20 12:54:59.430263
2842,kyc_started,2026-03-22 06:54:59.430263
2842,kyc_completed,2026-03-24 06:54:59.430263
2842,deposit_made,2026-03-24 14:54:59.430263
2842,transaction_made,2026-03-24 16:54:59.430263
2843,app_opened,2026-04-16 05:54:59.430286
2843,account_created,2026-04-15 18:54:59.430286
2844,app_opened,2026-03-14 11:54:59.430297
2844,account_created,2026-03-15 08:54:59.430297
2844,kyc_started,2026-03-18 03:54:59.430297
2845,app_opened,2026-04-15 10:54:59.430310
2845,account_created,2026-04-15 18:54:59.430310
2845,kyc_started,2026-04-16 17:54:59.430310
2846,app_opened,2026-04-13 18:54:59.430326
2846,account_created,2026-04-14 14:54:59.430326
2846,kyc_started,2026-04-15 15:54:59.430326
2846,kyc_completed,2026-04-16 18:54:59.430326
2847,app_opened,2026-04-04 03:54:59.430351
2847,account_created,2026-04-03 16:54:59.430351
2848,app_opened,2026-04-04 21:54:59.430362
2848,account_created,2026-04-06 01:54:59.430362
2848,kyc_started,2026-04-08 17:54:59.430362
2849,app_opened,2026-04-15 15:54:59.430378
2849,account_created,2026-04-16 09:54:59.430378
2849,kyc_started,2026-04-18 06:54:59.430378
2850,app_opened,2026-03-15 21:54:59.430391
2850,account_created,2026-03-17 07:54:59.430391
2850,kyc_started,2026-03-18 07:54:59.430391
2850,kyc_completed,2026-03-22 15:54:59.430391
2851,app_opened,2026-04-02 20:54:59.430408
2851,account_created,2026-04-03 08:54:59.430408
2852,app_opened,2026-03-27 06:54:59.430418
2852,account_created,2026-03-27 00:54:59.430418
2852,kyc_started,2026-03-27 20:54:59.430418
2853,app_opened,2026-03-20 16:54:59.430432
2853,account_created,2026-03-20 21:54:59.430432
2854,app_opened,2026-03-11 04:54:59.430442
2854,account_created,2026-03-11 03:54:59.430442
2854,kyc_started,2026-03-13 16:54:59.430442
2855,app_opened,2026-04-03 20:54:59.430456
2855,account_created,2026-04-03 23:54:59.430456
2855,kyc_started,2026-04-04 11:54:59.430456
2855,kyc_completed,2026-04-05 15:54:59.430456
2855,deposit_made,2026-04-05 21:54:59.430456
2856,app_opened,2026-03-13 23:54:59.430475
2856,account_created,2026-03-13 20:54:59.430475
2856,kyc_started,2026-03-16 12:54:59.430475
2857,app_opened,2026-04-11 01:54:59.430489
2857,account_created,2026-04-10 21:54:59.430489
2857,kyc_started,2026-04-11 10:54:59.430489
2857,kyc_completed,2026-04-13 01:54:59.430489
2857,deposit_made,2026-04-13 08:54:59.430489
2857,transaction_made,2026-04-14 02:54:59.430489
2857,credit_product_viewed,2026-04-23 02:54:59.430489
2857,credit_application_started,2026-04-24 22:54:59.430489
2857,credit_application_cancelled,2026-04-25 04:54:59.430489
2858,app_opened,2026-03-03 11:54:59.430524
2859,app_opened,2026-03-18 06:54:59.430531
2859,account_created,2026-03-19 01:54:59.430531
2859,kyc_started,2026-03-20 11:54:59.430531
2859,kyc_completed,2026-03-22 20:54:59.430531
2860,app_opened,2026-03-18 15:54:59.430548
2860,account_created,2026-03-19 01:54:59.430548
2860,kyc_started,2026-03-20 04:54:59.430548
2861,app_opened,2026-04-05 07:54:59.430564
2862,app_opened,2026-04-08 14:54:59.430571
2863,app_opened,2026-03-16 09:54:59.430578
2863,account_created,2026-03-17 23:54:59.430578
2863,kyc_started,2026-03-18 19:54:59.430578
2863,kyc_completed,2026-03-23 08:54:59.430578
2864,app_opened,2026-03-12 13:54:59.430595
2864,account_created,2026-03-14 03:54:59.430595
2865,app_opened,2026-03-08 14:54:59.430605
2865,account_created,2026-03-09 07:54:59.430605
2865,kyc_started,2026-03-11 08:54:59.430605
2865,kyc_completed,2026-03-15 15:54:59.430605
2866,app_opened,2026-03-27 15:54:59.430622
2866,account_created,2026-03-27 12:54:59.430622
2867,app_opened,2026-04-03 05:54:59.430632
2867,account_created,2026-04-03 15:54:59.430632
2868,app_opened,2026-04-02 11:54:59.430642
2869,app_opened,2026-04-11 02:54:59.430649
2869,account_created,2026-04-11 10:54:59.430649
2869,kyc_started,2026-04-14 01:54:59.430649
2869,kyc_completed,2026-04-16 07:54:59.430649
2869,deposit_made,2026-04-18 02:54:59.430649
2869,transaction_made,2026-04-18 20:54:59.430649
2870,app_opened,2026-04-11 05:54:59.430675
2870,account_created,2026-04-10 18:54:59.430675
2870,kyc_started,2026-04-11 04:54:59.430675
2870,kyc_completed,2026-04-14 05:54:59.430675
2870,deposit_made,2026-04-16 00:54:59.430675
2870,transaction_made,2026-04-16 10:54:59.430675
2871,app_opened,2026-04-04 03:54:59.430699
2871,account_created,2026-04-04 15:54:59.430699
2871,kyc_started,2026-04-06 17:54:59.430699
2871,kyc_completed,2026-04-11 14:54:59.430699
2871,deposit_made,2026-04-12 21:54:59.430699
2871,transaction_made,2026-04-13 08:54:59.430699
2871,credit_product_viewed,2026-04-15 08:54:59.430699
2871,credit_application_started,2026-04-15 20:54:59.430699
2871,credit_application_cancelled,2026-04-16 18:54:59.430699
2872,app_opened,2026-04-13 20:54:59.430733
2872,account_created,2026-04-15 07:54:59.430733
2872,kyc_started,2026-04-15 17:54:59.430733
2872,kyc_completed,2026-04-20 07:54:59.430733
2872,deposit_made,2026-04-21 11:54:59.430733
2872,transaction_made,2026-04-22 06:54:59.430733
2873,app_opened,2026-04-13 03:54:59.430757
2873,account_created,2026-04-13 22:54:59.430757
2874,app_opened,2026-03-11 19:54:59.430767
2874,account_created,2026-03-12 16:54:59.430767
2874,kyc_started,2026-03-13 16:54:59.430767
2874,kyc_completed,2026-03-14 16:54:59.430767
2875,app_opened,2026-04-16 17:54:59.430784
2875,account_created,2026-04-16 19:54:59.430784
2875,kyc_started,2026-04-17 05:54:59.430784
2876,app_opened,2026-03-08 00:54:59.430799
2876,account_created,2026-03-09 07:54:59.430799
2876,kyc_started,2026-03-10 03:54:59.430799
2876,kyc_completed,2026-03-12 04:54:59.430799
2877,app_opened,2026-03-03 22:54:59.430816
2878,app_opened,2026-03-09 21:54:59.430823
2878,account_created,2026-03-10 21:54:59.430823
2878,kyc_started,2026-03-13 01:54:59.430823
2878,kyc_completed,2026-03-16 19:54:59.430823
2878,deposit_made,2026-03-17 00:54:59.430823
2878,transaction_made,2026-03-17 16:54:59.430823
2879,app_opened,2026-04-03 11:54:59.430855
2879,account_created,2026-04-03 20:54:59.430855
2879,kyc_started,2026-04-05 22:54:59.430855
2880,app_opened,2026-04-16 23:54:59.430869
2881,app_opened,2026-03-05 03:54:59.430876
2882,app_opened,2026-03-15 04:54:59.430883
2882,account_created,2026-03-15 19:54:59.430883
2882,kyc_started,2026-03-17 02:54:59.430883
2883,app_opened,2026-04-05 05:54:59.430896
2883,account_created,2026-04-06 05:54:59.430896
2883,kyc_started,2026-04-07 07:54:59.430896
2883,kyc_completed,2026-04-08 18:54:59.430896
2884,app_opened,2026-03-24 19:54:59.430914
2884,account_created,2026-03-24 10:54:59.430914
2885,app_opened,2026-03-06 08:54:59.430925
2885,account_created,2026-03-07 01:54:59.430925
2885,kyc_started,2026-03-08 07:54:59.430925
2885,kyc_completed,2026-03-09 12:54:59.430925
2885,deposit_made,2026-03-11 02:54:59.430925
2885,transaction_made,2026-03-11 03:54:59.430925
2886,app_opened,2026-03-17 21:54:59.430948
2886,account_created,2026-03-18 03:54:59.430948
2886,kyc_started,2026-03-20 14:54:59.430948
2887,app_opened,2026-03-31 00:54:59.430964
2887,account_created,2026-03-30 12:54:59.430964
2887,kyc_started,2026-04-01 18:54:59.430964
2888,app_opened,2026-03-19 21:54:59.430978
2888,account_created,2026-03-20 19:54:59.430978
2888,kyc_started,2026-03-23 03:54:59.430978
2888,kyc_completed,2026-03-25 17:54:59.430978
2889,app_opened,2026-03-11 23:54:59.430995
2890,app_opened,2026-04-12 22:54:59.431002
2890,account_created,2026-04-13 09:54:59.431002
2891,app_opened,2026-03-22 07:54:59.431012
2892,app_opened,2026-04-01 19:54:59.431018
2892,account_created,2026-04-02 11:54:59.431018
2892,kyc_started,2026-04-04 04:54:59.431018
2893,app_opened,2026-03-18 15:54:59.431032
2893,account_created,2026-03-20 08:54:59.431032
2893,kyc_started,2026-03-21 19:54:59.431032
2893,kyc_completed,2026-03-26 01:54:59.431032
2893,deposit_made,2026-03-27 07:54:59.431032
2893,transaction_made,2026-03-27 11:54:59.431032
2894,app_opened,2026-03-13 05:54:59.431055
2894,account_created,2026-03-13 21:54:59.431055
2894,kyc_started,2026-03-15 02:54:59.431055
2894,kyc_completed,2026-03-16 08:54:59.431055
2895,app_opened,2026-03-11 23:54:59.431072
2895,account_created,2026-03-11 20:54:59.431072
2895,kyc_started,2026-03-12 11:54:59.431072
2895,kyc_completed,2026-03-14 07:54:59.431072
2895,deposit_made,2026-03-16 03:54:59.431072
2895,transaction_made,2026-03-16 13:54:59.431072
2895,credit_product_viewed,2026-03-18 13:54:59.431072
2895,credit_application_started,2026-03-19 10:54:59.431072
2895,credit_application_cancelled,2026-03-20 03:54:59.431072
2896,app_opened,2026-03-10 02:54:59.431109
2896,account_created,2026-03-10 06:54:59.431109
2896,kyc_started,2026-03-12 03:54:59.431109
2897,app_opened,2026-03-23 06:54:59.431123
2897,account_created,2026-03-23 04:54:59.431123
2898,app_opened,2026-04-01 18:54:59.431133
2898,account_created,2026-04-02 04:54:59.431133
2899,app_opened,2026-04-13 18:54:59.431146
2899,account_created,2026-04-14 10:54:59.431146
2899,kyc_started,2026-04-15 18:54:59.431146
2900,app_opened,2026-04-03 07:54:59.431160
2901,app_opened,2026-04-01 17:54:59.431167
2901,account_created,2026-04-02 03:54:59.431167
2901,kyc_started,2026-04-03 14:54:59.431167
2902,app_opened,2026-04-01 09:54:59.431180
2902,account_created,2026-04-03 04:54:59.431180
2903,app_opened,2026-03-05 02:54:59.431190
2903,account_created,2026-03-04 23:54:59.431190
2903,kyc_started,2026-03-06 18:54:59.431190
2903,kyc_completed,2026-03-08 10:54:59.431190
2904,app_opened,2026-03-19 08:54:59.431207
2905,app_opened,2026-03-13 06:54:59.431214
2905,account_created,2026-03-14 02:54:59.431214
2906,app_opened,2026-03-16 03:54:59.431224
2907,app_opened,2026-03-31 12:54:59.431231
2907,account_created,2026-03-31 15:54:59.431231
2908,app_opened,2026-03-12 23:54:59.431241
2908,account_created,2026-03-14 05:54:59.431241
2908,kyc_started,2026-03-16 19:54:59.431241
2909,app_opened,2026-03-18 19:54:59.431258
2909,account_created,2026-03-19 18:54:59.431258
2909,kyc_started,2026-03-21 07:54:59.431258
2910,app_opened,2026-03-22 20:54:59.431271
2910,account_created,2026-03-23 22:54:59.431271
2910,kyc_started,2026-03-24 15:54:59.431271
2910,kyc_completed,2026-03-25 16:54:59.431271
2910,deposit_made,2026-03-26 10:54:59.431271
2910,transaction_made,2026-03-26 20:54:59.431271
2911,app_opened,2026-04-13 13:54:59.431295
2911,account_created,2026-04-13 23:54:59.431295
2911,kyc_started,2026-04-14 03:54:59.431295
2911,kyc_completed,2026-04-19 01:54:59.431295
2912,app_opened,2026-04-11 13:54:59.431312
2912,account_created,2026-04-11 22:54:59.431312
2913,app_opened,2026-03-19 19:54:59.431322
2914,app_opened,2026-03-27 01:54:59.431329
2914,account_created,2026-03-27 10:54:59.431329
2914,kyc_started,2026-03-29 06:54:59.431329
2915,app_opened,2026-03-18 09:54:59.431351
2915,account_created,2026-03-19 12:54:59.431351
2916,app_opened,2026-04-13 03:54:59.431362
2916,account_created,2026-04-12 13:54:59.431362
2916,kyc_started,2026-04-14 12:54:59.431362
2916,kyc_completed,2026-04-16 12:54:59.431362
2916,deposit_made,2026-04-17 09:54:59.431362
2916,transaction_made,2026-04-17 17:54:59.431362
2916,credit_product_viewed,2026-04-21 17:54:59.431362
2916,credit_application_started,2026-04-23 04:54:59.431362
2916,credit_application_cancelled,2026-04-23 06:54:59.431362
2917,app_opened,2026-04-04 18:54:59.431399
2918,app_opened,2026-04-05 22:54:59.431407
2918,account_created,2026-04-07 03:54:59.431407
2919,app_opened,2026-04-15 16:54:59.431417
2919,account_created,2026-04-16 14:54:59.431417
2919,kyc_started,2026-04-18 00:54:59.431417
2919,kyc_completed,2026-04-22 11:54:59.431417
2919,deposit_made,2026-04-23 07:54:59.431417
2919,transaction_made,2026-04-23 22:54:59.431417
2920,app_opened,2026-03-23 01:54:59.431440
2920,account_created,2026-03-24 04:54:59.431440
2921,app_opened,2026-03-24 02:54:59.431453
2921,account_created,2026-03-23 11:54:59.431453
2921,kyc_started,2026-03-25 04:54:59.431453
2922,app_opened,2026-04-09 03:54:59.431467
2923,app_opened,2026-03-25 03:54:59.431474
2924,app_opened,2026-04-09 05:54:59.431481
2924,account_created,2026-04-10 03:54:59.431481
2925,app_opened,2026-03-20 18:54:59.431491
2925,account_created,2026-03-21 01:54:59.431491
2925,kyc_started,2026-03-21 06:54:59.431491
2925,kyc_completed,2026-03-23 22:54:59.431491
2925,deposit_made,2026-03-24 13:54:59.431491
2925,transaction_made,2026-03-25 01:54:59.431491
2926,app_opened,2026-04-07 14:54:59.431515
2926,account_created,2026-04-09 00:54:59.431515
2927,app_opened,2026-03-21 21:54:59.431528
2927,account_created,2026-03-22 13:54:59.431528
2928,app_opened,2026-04-07 15:54:59.431538
2928,account_created,2026-04-08 18:54:59.431538
2929,app_opened,2026-03-09 16:54:59.431549
2929,account_created,2026-03-09 10:54:59.431549
2929,kyc_started,2026-03-11 14:54:59.431549
2929,kyc_completed,2026-03-13 03:54:59.431549
2929,deposit_made,2026-03-13 04:54:59.431549
2929,transaction_made,2026-03-13 12:54:59.431549
2929,credit_product_viewed,2026-03-20 12:54:59.431549
2929,credit_application_started,2026-03-21 18:54:59.431549
2929,credit_application_cancelled,2026-03-22 18:54:59.431549
2930,app_opened,2026-03-04 12:54:59.431584
2930,account_created,2026-03-05 12:54:59.431584
2931,app_opened,2026-03-25 09:54:59.431593
2931,account_created,2026-03-26 12:54:59.431593
2931,kyc_started,2026-03-29 02:54:59.431593
2932,app_opened,2026-03-26 19:54:59.431607
2932,account_created,2026-03-28 08:54:59.431607
2932,kyc_started,2026-03-29 20:54:59.431607
2933,app_opened,2026-04-04 10:54:59.431624
2933,account_created,2026-04-04 20:54:59.431624
2934,app_opened,2026-03-12 02:54:59.431635
2934,account_created,2026-03-12 16:54:59.431635
2934,kyc_started,2026-03-12 20:54:59.431635
2934,kyc_completed,2026-03-17 15:54:59.431635
2935,app_opened,2026-04-09 10:54:59.431652
2935,account_created,2026-04-10 03:54:59.431652
2935,kyc_started,2026-04-10 06:54:59.431652
2935,kyc_completed,2026-04-15 01:54:59.431652
2935,deposit_made,2026-04-15 12:54:59.431652
2935,transaction_made,2026-04-15 17:54:59.431652
2935,credit_product_viewed,2026-04-21 17:54:59.431652
2935,credit_application_started,2026-04-21 21:54:59.431652
2935,credit_application_cancelled,2026-04-22 21:54:59.431652
2936,app_opened,2026-03-22 17:54:59.431685
2936,account_created,2026-03-23 19:54:59.431685
2936,kyc_started,2026-03-24 09:54:59.431685
2937,app_opened,2026-03-19 05:54:59.431703
2937,account_created,2026-03-19 16:54:59.431703
2937,kyc_started,2026-03-21 02:54:59.431703
2937,kyc_completed,2026-03-25 09:54:59.431703
2938,app_opened,2026-03-10 14:54:59.431720
2939,app_opened,2026-04-14 21:54:59.431727
2939,account_created,2026-04-15 19:54:59.431727
2939,kyc_started,2026-04-18 04:54:59.431727
2939,kyc_completed,2026-04-22 18:54:59.431727
2939,deposit_made,2026-04-23 04:54:59.431727
2939,transaction_made,2026-04-23 07:54:59.431727
2939,credit_product_viewed,2026-04-29 07:54:59.431727
2939,credit_application_started,2026-04-30 22:54:59.431727
2939,credit_application_completed,2026-05-01 17:54:59.431727
2940,app_opened,2026-03-04 19:54:59.431762
2940,account_created,2026-03-05 19:54:59.431762
2940,kyc_started,2026-03-07 04:54:59.431762
2941,app_opened,2026-04-08 16:54:59.431776
2941,account_created,2026-04-10 01:54:59.431776
2941,kyc_started,2026-04-10 11:54:59.431776
2942,app_opened,2026-04-11 13:54:59.431790
2942,account_created,2026-04-11 12:54:59.431790
2942,kyc_started,2026-04-13 23:54:59.431790
2943,app_opened,2026-04-15 16:54:59.431803
2943,account_created,2026-04-17 05:54:59.431803
2943,kyc_started,2026-04-17 12:54:59.431803
2944,app_opened,2026-04-13 23:54:59.431817
2945,app_opened,2026-03-17 18:54:59.431824
2945,account_created,2026-03-19 01:54:59.431824
2946,app_opened,2026-03-10 13:54:59.431835
2946,account_created,2026-03-11 22:54:59.431835
2947,app_opened,2026-03-09 17:54:59.431853
2947,account_created,2026-03-09 20:54:59.431853
2947,kyc_started,2026-03-10 11:54:59.431853
2947,kyc_completed,2026-03-12 09:54:59.431853
2947,deposit_made,2026-03-13 17:54:59.431853
2948,app_opened,2026-04-01 16:54:59.431873
2948,account_created,2026-04-02 14:54:59.431873
2948,kyc_started,2026-04-02 17:54:59.431873
2948,kyc_completed,2026-04-05 06:54:59.431873
2948,deposit_made,2026-04-05 14:54:59.431873
2948,transaction_made,2026-04-06 03:54:59.431873
2949,app_opened,2026-03-05 17:54:59.431897
2949,account_created,2026-03-07 02:54:59.431897
2949,kyc_started,2026-03-08 03:54:59.431897
2950,app_opened,2026-04-18 07:54:59.431913
2950,account_created,2026-04-17 21:54:59.431913
2950,kyc_started,2026-04-19 11:54:59.431913
2950,kyc_completed,2026-04-22 19:54:59.431913
2951,app_opened,2026-04-16 18:54:59.431930
2951,account_created,2026-04-17 18:54:59.431930
2951,kyc_started,2026-04-19 13:54:59.431930
2951,kyc_completed,2026-04-23 00:54:59.431930
2951,deposit_made,2026-04-23 11:54:59.431930
2951,transaction_made,2026-04-23 23:54:59.431930
2952,app_opened,2026-03-25 01:54:59.431953
2952,account_created,2026-03-24 13:54:59.431953
2952,kyc_started,2026-03-26 06:54:59.431953
2952,kyc_completed,2026-03-30 21:54:59.431953
2952,deposit_made,2026-03-31 14:54:59.431953
2952,transaction_made,2026-03-31 20:54:59.431953
2953,app_opened,2026-03-09 06:54:59.431977
2953,account_created,2026-03-09 23:54:59.431977
2954,app_opened,2026-03-22 16:54:59.431990
2954,account_created,2026-03-23 13:54:59.431990
2955,app_opened,2026-03-18 19:54:59.432000
2955,account_created,2026-03-18 19:54:59.432000
2956,app_opened,2026-03-12 13:54:59.432010
2956,account_created,2026-03-12 14:54:59.432010
2957,app_opened,2026-03-27 02:54:59.432021
2957,account_created,2026-03-27 23:54:59.432021
2957,kyc_started,2026-03-29 23:54:59.432021
2957,kyc_completed,2026-03-31 19:54:59.432021
2957,deposit_made,2026-04-01 14:54:59.432021
2957,transaction_made,2026-04-02 01:54:59.432021
2958,app_opened,2026-03-22 15:54:59.432047
2958,account_created,2026-03-23 22:54:59.432047
2958,kyc_started,2026-03-26 02:54:59.432047
2958,kyc_completed,2026-03-28 09:54:59.432047
2958,deposit_made,2026-03-30 08:54:59.432047
2959,app_opened,2026-03-07 22:54:59.432068
2959,account_created,2026-03-09 00:54:59.432068
2960,app_opened,2026-03-06 14:54:59.432078
2960,account_created,2026-03-07 09:54:59.432078
2960,kyc_started,2026-03-08 19:54:59.432078
2961,app_opened,2026-04-17 05:54:59.432091
2961,account_created,2026-04-17 06:54:59.432091
2961,kyc_started,2026-04-18 09:54:59.432091
2962,app_opened,2026-04-04 05:54:59.432105
2962,account_created,2026-04-03 11:54:59.432105
2962,kyc_started,2026-04-06 08:54:59.432105
2963,app_opened,2026-04-04 07:54:59.432118
2964,app_opened,2026-04-14 05:54:59.432125
2964,account_created,2026-04-13 18:54:59.432125
2964,kyc_started,2026-04-14 17:54:59.432125
2965,app_opened,2026-03-26 08:54:59.432141
2965,account_created,2026-03-27 03:54:59.432141
2966,app_opened,2026-04-11 07:54:59.432152
2966,account_created,2026-04-10 18:54:59.432152
2967,app_opened,2026-03-14 22:54:59.432162
2967,account_created,2026-03-15 10:54:59.432162
2967,kyc_started,2026-03-15 12:54:59.432162
2967,kyc_completed,2026-03-19 14:54:59.432162
2967,deposit_made,2026-03-20 11:54:59.432162
2967,transaction_made,2026-03-21 05:54:59.432162
2967,credit_product_viewed,2026-03-26 05:54:59.432162
2967,credit_application_started,2026-03-27 01:54:59.432162
2967,credit_application_cancelled,2026-03-27 23:54:59.432162
2968,app_opened,2026-04-17 10:54:59.432194
2968,account_created,2026-04-17 20:54:59.432194
2968,kyc_started,2026-04-20 13:54:59.432194
2969,app_opened,2026-03-17 23:54:59.432208
2969,account_created,2026-03-18 15:54:59.432208
2969,kyc_started,2026-03-20 08:54:59.432208
2969,kyc_completed,2026-03-25 06:54:59.432208
2970,app_opened,2026-03-08 21:54:59.432224
2970,account_created,2026-03-09 10:54:59.432224
2971,app_opened,2026-04-11 04:54:59.432235
2971,account_created,2026-04-10 17:54:59.432235
2971,kyc_started,2026-04-11 17:54:59.432235
2971,kyc_completed,2026-04-13 11:54:59.432235
2972,app_opened,2026-03-21 13:54:59.432252
2972,account_created,2026-03-21 21:54:59.432252
2972,kyc_started,2026-03-23 13:54:59.432252
2973,app_opened,2026-04-15 18:54:59.432265
2973,account_created,2026-04-16 01:54:59.432265
2973,kyc_started,2026-04-16 16:54:59.432265
2973,kyc_completed,2026-04-20 06:54:59.432265
2974,app_opened,2026-03-13 07:54:59.432284
2975,app_opened,2026-04-13 00:54:59.432292
2976,app_opened,2026-03-20 13:54:59.432304
2976,account_created,2026-03-21 11:54:59.432304
2976,kyc_started,2026-03-22 23:54:59.432304
2976,kyc_completed,2026-03-26 18:54:59.432304
2976,deposit_made,2026-03-27 05:54:59.432304
2976,transaction_made,2026-03-27 12:54:59.432304
2976,credit_product_viewed,2026-04-05 12:54:59.432304
2976,credit_application_started,2026-04-05 14:54:59.432304
2976,credit_application_completed,2026-04-06 04:54:59.432304
2977,app_opened,2026-03-21 22:54:59.432349
2977,account_created,2026-03-23 05:54:59.432349
2978,app_opened,2026-03-03 09:54:59.432359
2978,account_created,2026-03-04 07:54:59.432359
2979,app_opened,2026-04-08 02:54:59.432369
2979,account_created,2026-04-08 19:54:59.432369
2979,kyc_started,2026-04-09 08:54:59.432369
2979,kyc_completed,2026-04-13 16:54:59.432369
2979,deposit_made,2026-04-14 04:54:59.432369
2979,transaction_made,2026-04-14 21:54:59.432369
2980,app_opened,2026-03-14 07:54:59.432395
2980,account_created,2026-03-14 07:54:59.432395
2980,kyc_started,2026-03-15 04:54:59.432395
2981,app_opened,2026-03-09 14:54:59.432408
2981,account_created,2026-03-10 21:54:59.432408
2982,app_opened,2026-04-14 10:54:59.432418
2982,account_created,2026-04-15 19:54:59.432418
2982,kyc_started,2026-04-16 16:54:59.432418
2983,app_opened,2026-03-21 16:54:59.432432
2984,app_opened,2026-04-07 02:54:59.432443
2985,app_opened,2026-04-05 01:54:59.432450
2985,account_created,2026-04-05 09:54:59.432450
2985,kyc_started,2026-04-06 12:54:59.432450
2985,kyc_completed,2026-04-10 01:54:59.432450
2985,deposit_made,2026-04-12 01:54:59.432450
2985,transaction_made,2026-04-12 12:54:59.432450
2986,app_opened,2026-03-09 02:54:59.432476
2987,app_opened,2026-03-23 14:54:59.432483
2987,account_created,2026-03-23 15:54:59.432483
2987,kyc_started,2026-03-26 14:54:59.432483
2987,kyc_completed,2026-03-28 03:54:59.432483
2987,deposit_made,2026-03-28 08:54:59.432483
2987,transaction_made,2026-03-29 06:54:59.432483
2988,app_opened,2026-04-07 15:54:59.432506
2989,app_opened,2026-03-04 04:54:59.432513
2989,account_created,2026-03-05 04:54:59.432513
2989,kyc_started,2026-03-07 22:54:59.432513
2990,app_opened,2026-04-03 20:54:59.432526
2991,app_opened,2026-03-20 08:54:59.432532
2991,account_created,2026-03-19 13:54:59.432532
2991,kyc_started,2026-03-21 07:54:59.432532
2992,app_opened,2026-03-04 09:54:59.432546
2992,account_created,2026-03-05 15:54:59.432546
2992,kyc_started,2026-03-06 04:54:59.432546
2993,app_opened,2026-03-22 05:54:59.432560
2993,account_created,2026-03-22 22:54:59.432560
2993,kyc_started,2026-03-25 19:54:59.432560
2993,kyc_completed,2026-03-30 06:54:59.432560
2994,app_opened,2026-04-02 11:54:59.432577
2994,account_created,2026-04-03 14:54:59.432577
2994,kyc_started,2026-04-05 19:54:59.432577
2994,kyc_completed,2026-04-09 11:54:59.432577
2995,app_opened,2026-03-27 03:54:59.432596
2995,account_created,2026-03-27 19:54:59.432596
2995,kyc_started,2026-03-30 17:54:59.432596
2996,app_opened,2026-03-27 06:54:59.432610
2996,account_created,2026-03-28 08:54:59.432610
2996,kyc_started,2026-03-29 04:54:59.432610
2997,app_opened,2026-03-24 20:54:59.432624
2997,account_created,2026-03-25 10:54:59.432624
2997,kyc_started,2026-03-26 08:54:59.432624
2998,app_opened,2026-03-27 03:54:59.432637
2998,account_created,2026-03-26 17:54:59.432637
2998,kyc_started,2026-03-27 20:54:59.432637
2998,kyc_completed,2026-03-31 12:54:59.432637
2999,app_opened,2026-04-07 19:54:59.432656
2999,account_created,2026-04-08 23:54:59.432656
2999,kyc_started,2026-04-11 07:54:59.432656
3000,app_opened,2026-04-17 23:54:59.432707
3000,account_created,2026-04-17 17:54:59.432707
3000,kyc_started,2026-04-17 20:54:59.432707
3000,kyc_completed,2026-04-22 04:54:59.432707
3000,deposit_made,2026-04-23 20:54:59.432707
3000,transaction_made,2026-04-24 15:54:59.432707
3001,app_opened,2026-03-29 11:54:59.432731
3001,account_created,2026-03-30 21:54:59.432731
3001,kyc_started,2026-04-02 12:54:59.432731
3001,kyc_completed,2026-04-03 12:54:59.432731
3002,app_opened,2026-03-10 23:54:59.432750
3002,account_created,2026-03-12 04:54:59.432750
3002,kyc_started,2026-03-15 04:54:59.432750
3002,kyc_completed,2026-03-19 11:54:59.432750
3003,app_opened,2026-03-30 21:54:59.432767
3003,account_created,2026-03-31 17:54:59.432767
3003,kyc_started,2026-04-03 10:54:59.432767
3004,app_opened,2026-04-10 22:54:59.432783
3004,account_created,2026-04-11 03:54:59.432783
3005,app_opened,2026-03-16 05:54:59.432793
3005,account_created,2026-03-16 10:54:59.432793
3006,app_opened,2026-03-15 02:54:59.432803
3006,account_created,2026-03-15 09:54:59.432803
3006,kyc_started,2026-03-18 06:54:59.432803
3006,kyc_completed,2026-03-20 19:54:59.432803
3006,deposit_made,2026-03-22 10:54:59.432803
3006,transaction_made,2026-03-23 07:54:59.432803
3007,app_opened,2026-03-23 09:54:59.432827
3007,account_created,2026-03-23 19:54:59.432827
3007,kyc_started,2026-03-24 00:54:59.432827
3007,kyc_completed,2026-03-25 17:54:59.432827
3008,app_opened,2026-04-15 21:54:59.432851
3008,account_created,2026-04-16 20:54:59.432851
3008,kyc_started,2026-04-17 04:54:59.432851
3008,kyc_completed,2026-04-21 01:54:59.432851
3008,deposit_made,2026-04-22 12:54:59.432851
3009,app_opened,2026-03-27 01:54:59.432871
3009,account_created,2026-03-26 23:54:59.432871
3009,kyc_started,2026-03-29 21:54:59.432871
3009,kyc_completed,2026-03-31 21:54:59.432871
3010,app_opened,2026-04-15 19:54:59.432886
3010,account_created,2026-04-17 03:54:59.432886
3011,app_opened,2026-03-13 16:54:59.432897
3011,account_created,2026-03-15 08:54:59.432897
3011,kyc_started,2026-03-15 22:54:59.432897
3011,kyc_completed,2026-03-19 03:54:59.432897
3012,app_opened,2026-04-02 09:54:59.432913
3012,account_created,2026-04-03 13:54:59.432913
3013,app_opened,2026-04-17 10:54:59.432926
3013,account_created,2026-04-17 11:54:59.432926
3013,kyc_started,2026-04-19 13:54:59.432926
3014,app_opened,2026-03-23 12:54:59.432940
3014,account_created,2026-03-24 23:54:59.432940
3014,kyc_started,2026-03-26 02:54:59.432940
3014,kyc_completed,2026-03-28 23:54:59.432940
3014,deposit_made,2026-03-29 06:54:59.432940
3014,transaction_made,2026-03-30 01:54:59.432940
3014,credit_product_viewed,2026-04-07 01:54:59.432940
3014,credit_application_started,2026-04-08 12:54:59.432940
3014,credit_application_cancelled,2026-04-08 22:54:59.432940
3015,app_opened,2026-03-21 23:54:59.432975
3015,account_created,2026-03-22 17:54:59.432975
3016,app_opened,2026-04-17 05:54:59.432985
3016,account_created,2026-04-17 15:54:59.432985
3016,kyc_started,2026-04-17 20:54:59.432985
3016,kyc_completed,2026-04-22 04:54:59.432985
3017,app_opened,2026-03-21 20:54:59.433002
3018,app_opened,2026-04-10 10:54:59.433009
3018,account_created,2026-04-11 03:54:59.433009
3018,kyc_started,2026-04-12 12:54:59.433009
3018,kyc_completed,2026-04-16 16:54:59.433009
3019,app_opened,2026-03-24 00:54:59.433026
3019,account_created,2026-03-24 06:54:59.433026
3020,app_opened,2026-03-13 21:54:59.433036
3020,account_created,2026-03-14 08:54:59.433036
3020,kyc_started,2026-03-14 13:54:59.433036
3020,kyc_completed,2026-03-16 05:54:59.433036
3020,deposit_made,2026-03-17 04:54:59.433036
3020,transaction_made,2026-03-17 18:54:59.433036
3021,app_opened,2026-04-09 19:54:59.433062
3022,app_opened,2026-04-06 14:54:59.433070
3023,app_opened,2026-04-06 12:54:59.433076
3023,account_created,2026-04-07 06:54:59.433076
3023,kyc_started,2026-04-08 20:54:59.433076
3023,kyc_completed,2026-04-09 23:54:59.433076
3023,deposit_made,2026-04-10 19:54:59.433076
3023,transaction_made,2026-04-11 08:54:59.433076
3024,app_opened,2026-03-31 06:54:59.433100
3024,account_created,2026-03-31 08:54:59.433100
3024,kyc_started,2026-04-02 16:54:59.433100
3024,kyc_completed,2026-04-04 04:54:59.433100
3025,app_opened,2026-04-04 02:54:59.433117
3025,account_created,2026-04-03 09:54:59.433117
3025,kyc_started,2026-04-03 20:54:59.433117
3026,app_opened,2026-03-30 19:54:59.433134
3026,account_created,2026-03-30 22:54:59.433134
3026,kyc_started,2026-03-31 06:54:59.433134
3026,kyc_completed,2026-04-02 13:54:59.433134
3026,deposit_made,2026-04-04 08:54:59.433134
3026,transaction_made,2026-04-04 11:54:59.433134
3027,app_opened,2026-04-14 07:54:59.433158
3027,account_created,2026-04-14 00:54:59.433158
3028,app_opened,2026-03-08 13:54:59.433168
3028,account_created,2026-03-09 14:54:59.433168
3028,kyc_started,2026-03-11 21:54:59.433168
3029,app_opened,2026-03-15 05:54:59.433182
3029,account_created,2026-03-15 00:54:59.433182
3029,kyc_started,2026-03-18 00:54:59.433182
3029,kyc_completed,2026-03-22 14:54:59.433182
3029,deposit_made,2026-03-23 11:54:59.433182
3029,transaction_made,2026-03-24 06:54:59.433182
3030,app_opened,2026-04-08 06:54:59.433207
3030,account_created,2026-04-07 17:54:59.433207
3031,app_opened,2026-03-28 12:54:59.433218
3031,account_created,2026-03-29 17:54:59.433218
3031,kyc_started,2026-03-31 17:54:59.433218
3032,app_opened,2026-03-20 11:54:59.433231
3032,account_created,2026-03-20 12:54:59.433231
3032,kyc_started,2026-03-20 19:54:59.433231
3032,kyc_completed,2026-03-24 23:54:59.433231
3032,deposit_made,2026-03-26 04:54:59.433231
3032,transaction_made,2026-03-26 13:54:59.433231
3033,app_opened,2026-03-26 05:54:59.433258
3033,account_created,2026-03-25 18:54:59.433258
3033,kyc_started,2026-03-28 14:54:59.433258
3034,app_opened,2026-03-30 12:54:59.433272
3034,account_created,2026-03-31 14:54:59.433272
3034,kyc_started,2026-04-02 05:54:59.433272
3035,app_opened,2026-03-12 23:54:59.433286
3035,account_created,2026-03-13 03:54:59.433286
3036,app_opened,2026-03-10 15:54:59.433296
3036,account_created,2026-03-10 23:54:59.433296
3036,kyc_started,2026-03-13 20:54:59.433296
3036,kyc_completed,2026-03-15 20:54:59.433296
3036,deposit_made,2026-03-16 10:54:59.433296
3036,transaction_made,2026-03-16 13:54:59.433296
3037,app_opened,2026-04-03 05:54:59.433320
3037,account_created,2026-04-03 23:54:59.433320
3038,app_opened,2026-03-21 10:54:59.433339
3038,account_created,2026-03-22 17:54:59.433339
3038,kyc_started,2026-03-23 16:54:59.433339
3039,app_opened,2026-03-13 11:54:59.433353
3039,account_created,2026-03-13 20:54:59.433353
3039,kyc_started,2026-03-16 09:54:59.433353
3039,kyc_completed,2026-03-18 21:54:59.433353
3040,app_opened,2026-03-21 14:54:59.433372
3040,account_created,2026-03-21 13:54:59.433372
3040,kyc_started,2026-03-22 05:54:59.433372
3040,kyc_completed,2026-03-24 20:54:59.433372
3040,deposit_made,2026-03-26 15:54:59.433372
3040,transaction_made,2026-03-27 02:54:59.433372
3041,app_opened,2026-03-19 01:54:59.433396
3041,account_created,2026-03-19 17:54:59.433396
3041,kyc_started,2026-03-20 07:54:59.433396
3041,kyc_completed,2026-03-24 22:54:59.433396
3041,deposit_made,2026-03-25 17:54:59.433396
3041,transaction_made,2026-03-26 06:54:59.433396
3042,app_opened,2026-03-18 23:54:59.433419
3042,account_created,2026-03-18 19:54:59.433419
3042,kyc_started,2026-03-20 22:54:59.433419
3042,kyc_completed,2026-03-22 06:54:59.433419
3043,app_opened,2026-04-03 15:54:59.433436
3043,account_created,2026-04-03 17:54:59.433436
3043,kyc_started,2026-04-05 02:54:59.433436
3044,app_opened,2026-03-08 22:54:59.433449
3044,account_created,2026-03-09 06:54:59.433449
3044,kyc_started,2026-03-09 10:54:59.433449
3045,app_opened,2026-04-10 10:54:59.433463
3045,account_created,2026-04-11 20:54:59.433463
3045,kyc_started,2026-04-13 02:54:59.433463
3045,kyc_completed,2026-04-16 22:54:59.433463
3046,app_opened,2026-03-06 07:54:59.433480
3046,account_created,2026-03-05 15:54:59.433480
3047,app_opened,2026-03-15 04:54:59.433490
3047,account_created,2026-03-15 18:54:59.433490
3047,kyc_started,2026-03-17 07:54:59.433490
3047,kyc_completed,2026-03-19 20:54:59.433490
3047,deposit_made,2026-03-21 20:54:59.433490
3048,app_opened,2026-03-15 18:54:59.433515
3048,account_created,2026-03-17 03:54:59.433515
3048,kyc_started,2026-03-19 14:54:59.433515
3048,kyc_completed,2026-03-22 22:54:59.433515
3048,deposit_made,2026-03-23 22:54:59.433515
3049,app_opened,2026-03-17 19:54:59.433536
3049,account_created,2026-03-18 21:54:59.433536
3049,kyc_started,2026-03-21 16:54:59.433536
3049,kyc_completed,2026-03-25 10:54:59.433536
3050,app_opened,2026-03-11 10:54:59.433555
3050,account_created,2026-03-11 13:54:59.433555
3050,kyc_started,2026-03-14 01:54:59.433555
3051,app_opened,2026-03-11 06:54:59.433569
3052,app_opened,2026-03-08 11:54:59.433576
3052,account_created,2026-03-09 04:54:59.433576
3052,kyc_started,2026-03-10 05:54:59.433576
3053,app_opened,2026-03-20 11:54:59.433589
3053,account_created,2026-03-21 06:54:59.433589
3054,app_opened,2026-03-15 18:54:59.433600
3055,app_opened,2026-04-01 19:54:59.433606
3055,account_created,2026-04-02 02:54:59.433606
3056,app_opened,2026-04-04 22:54:59.433617
3056,account_created,2026-04-04 19:54:59.433617
3056,kyc_started,2026-04-06 22:54:59.433617
3057,app_opened,2026-04-11 11:54:59.433630
3057,account_created,2026-04-11 22:54:59.433630
3057,kyc_started,2026-04-13 01:54:59.433630
3057,kyc_completed,2026-04-15 20:54:59.433630
3058,app_opened,2026-03-14 12:54:59.433651
3058,account_created,2026-03-15 21:54:59.433651
3058,kyc_started,2026-03-18 12:54:59.433651
3059,app_opened,2026-04-12 17:54:59.433667
3060,app_opened,2026-03-28 03:54:59.433674
3060,account_created,2026-03-27 10:54:59.433674
3061,app_opened,2026-03-10 06:54:59.433684
3062,app_opened,2026-03-13 05:54:59.433691
3062,account_created,2026-03-12 15:54:59.433691
3062,kyc_started,2026-03-12 22:54:59.433691
3062,kyc_completed,2026-03-14 16:54:59.433691
3063,app_opened,2026-03-21 22:54:59.433708
3063,account_created,2026-03-21 23:54:59.433708
3064,app_opened,2026-03-25 11:54:59.433719
3064,account_created,2026-03-27 03:54:59.433719
3064,kyc_started,2026-03-29 20:54:59.433719
3064,kyc_completed,2026-03-30 22:54:59.433719
3065,app_opened,2026-03-20 08:54:59.433735
3065,account_created,2026-03-21 03:54:59.433735
3065,kyc_started,2026-03-21 20:54:59.433735
3066,app_opened,2026-04-17 08:54:59.433749
3066,account_created,2026-04-16 16:54:59.433749
3066,kyc_started,2026-04-17 03:54:59.433749
3066,kyc_completed,2026-04-20 23:54:59.433749
3066,deposit_made,2026-04-22 12:54:59.433749
3067,app_opened,2026-03-29 13:54:59.433769
3067,account_created,2026-03-30 05:54:59.433769
3067,kyc_started,2026-03-31 13:54:59.433769
3068,app_opened,2026-04-16 03:54:59.433783
3068,account_created,2026-04-16 18:54:59.433783
3068,kyc_started,2026-04-19 15:54:59.433783
3069,app_opened,2026-03-17 07:54:59.433817
3069,account_created,2026-03-17 03:54:59.433817
3069,kyc_started,2026-03-17 21:54:59.433817
3069,kyc_completed,2026-03-22 16:54:59.433817
3069,deposit_made,2026-03-23 18:54:59.433817
3069,transaction_made,2026-03-24 05:54:59.433817
3070,app_opened,2026-03-16 00:54:59.433847
3070,account_created,2026-03-16 10:54:59.433847
3070,kyc_started,2026-03-18 19:54:59.433847
3070,kyc_completed,2026-03-23 11:54:59.433847
3070,deposit_made,2026-03-25 10:54:59.433847
3070,transaction_made,2026-03-26 05:54:59.433847
3070,credit_product_viewed,2026-04-01 05:54:59.433847
3070,credit_application_started,2026-04-01 21:54:59.433847
3070,credit_application_cancelled,2026-04-01 23:54:59.433847
3071,app_opened,2026-03-03 09:54:59.433881
3071,account_created,2026-03-04 19:54:59.433881
3071,kyc_started,2026-03-07 03:54:59.433881
3071,kyc_completed,2026-03-11 12:54:59.433881
3072,app_opened,2026-03-21 06:54:59.433898
3072,account_created,2026-03-22 02:54:59.433898
3072,kyc_started,2026-03-24 04:54:59.433898
3073,app_opened,2026-04-03 03:54:59.433911
3073,account_created,2026-04-02 20:54:59.433911
3073,kyc_started,2026-04-03 11:54:59.433911
3073,kyc_completed,2026-04-06 00:54:59.433911
3073,deposit_made,2026-04-07 20:54:59.433911
3073,transaction_made,2026-04-08 18:54:59.433911
3073,credit_product_viewed,2026-04-17 18:54:59.433911
3073,credit_application_started,2026-04-18 10:54:59.433911
3073,credit_application_cancelled,2026-04-18 16:54:59.433911
3074,app_opened,2026-03-19 09:54:59.433951
3075,app_opened,2026-03-15 04:54:59.433958
3075,account_created,2026-03-16 02:54:59.433958
3075,kyc_started,2026-03-16 03:54:59.433958
3075,kyc_completed,2026-03-18 10:54:59.433958
3075,deposit_made,2026-03-19 20:54:59.433958
3075,transaction_made,2026-03-20 05:54:59.433958
3075,credit_product_viewed,2026-04-03 05:54:59.433958
3075,credit_application_started,2026-04-05 03:54:59.433958
3075,credit_application_cancelled,2026-04-05 06:54:59.433958
3076,app_opened,2026-04-15 12:54:59.433991
3076,account_created,2026-04-17 05:54:59.433991
3076,kyc_started,2026-04-18 23:54:59.433991
3077,app_opened,2026-04-04 19:54:59.434004
3077,account_created,2026-04-06 01:54:59.434004
3078,app_opened,2026-03-22 17:54:59.434015
3078,account_created,2026-03-23 08:54:59.434015
3079,app_opened,2026-04-15 15:54:59.434025
3079,account_created,2026-04-16 19:54:59.434025
3079,kyc_started,2026-04-19 10:54:59.434025
3080,app_opened,2026-04-17 17:54:59.434039
3080,account_created,2026-04-18 11:54:59.434039
3080,kyc_started,2026-04-19 05:54:59.434039
3081,app_opened,2026-03-16 12:54:59.434052
3081,account_created,2026-03-17 01:54:59.434052
3081,kyc_started,2026-03-19 12:54:59.434052
3081,kyc_completed,2026-03-24 12:54:59.434052
3082,app_opened,2026-03-11 19:54:59.434069
3082,account_created,2026-03-11 10:54:59.434069
3082,kyc_started,2026-03-11 16:54:59.434069
3082,kyc_completed,2026-03-14 19:54:59.434069
3082,deposit_made,2026-03-16 14:54:59.434069
3083,app_opened,2026-03-09 07:54:59.434090
3084,app_opened,2026-03-12 14:54:59.434099
3084,account_created,2026-03-13 19:54:59.434099
3085,app_opened,2026-04-01 04:54:59.434109
3085,account_created,2026-04-01 02:54:59.434109
3086,app_opened,2026-03-26 12:54:59.434120
3087,app_opened,2026-04-02 19:54:59.434127
3087,account_created,2026-04-03 14:54:59.434127
3087,kyc_started,2026-04-06 05:54:59.434127
3087,kyc_completed,2026-04-08 15:54:59.434127
3088,app_opened,2026-04-17 05:54:59.434144
3089,app_opened,2026-03-14 02:54:59.434150
3090,app_opened,2026-04-11 21:54:59.434157
3090,account_created,2026-04-12 02:54:59.434157
3091,app_opened,2026-04-15 15:54:59.434170
3091,account_created,2026-04-15 22:54:59.434170
3091,kyc_started,2026-04-18 17:54:59.434170
3092,app_opened,2026-03-17 00:54:59.434184
3092,account_created,2026-03-17 15:54:59.434184
3092,kyc_started,2026-03-19 13:54:59.434184
3093,app_opened,2026-04-04 08:54:59.434197
3093,account_created,2026-04-04 10:54:59.434197
3093,kyc_started,2026-04-06 23:54:59.434197
3093,kyc_completed,2026-04-09 07:54:59.434197
3093,deposit_made,2026-04-11 05:54:59.434197
3093,transaction_made,2026-04-11 06:54:59.434197
3094,app_opened,2026-04-10 20:54:59.434221
3094,account_created,2026-04-12 01:54:59.434221
3095,app_opened,2026-04-16 14:54:59.434231
3095,account_created,2026-04-17 10:54:59.434231
3095,kyc_started,2026-04-18 20:54:59.434231
3096,app_opened,2026-04-15 17:54:59.434244
3096,account_created,2026-04-15 19:54:59.434244
3097,app_opened,2026-04-03 11:54:59.434257
3097,account_created,2026-04-05 07:54:59.434257
3097,kyc_started,2026-04-07 17:54:59.434257
3097,kyc_completed,2026-04-08 17:54:59.434257
3097,deposit_made,2026-04-09 11:54:59.434257
3097,transaction_made,2026-04-09 13:54:59.434257
3098,app_opened,2026-03-18 07:54:59.434281
3098,account_created,2026-03-19 06:54:59.434281
3098,kyc_started,2026-03-20 10:54:59.434281
3098,kyc_completed,2026-03-23 09:54:59.434281
3099,app_opened,2026-04-03 02:54:59.434297
3099,account_created,2026-04-02 12:54:59.434297
3099,kyc_started,2026-04-04 04:54:59.434297
3099,kyc_completed,2026-04-08 13:54:59.434297
3100,app_opened,2026-04-08 17:54:59.434314
3100,account_created,2026-04-09 14:54:59.434314
3100,kyc_started,2026-04-12 14:54:59.434314
3100,kyc_completed,2026-04-17 13:54:59.434314
3100,deposit_made,2026-04-18 06:54:59.434314
3101,app_opened,2026-03-12 22:54:59.434347
3101,account_created,2026-03-12 20:54:59.434347
3101,kyc_started,2026-03-15 12:54:59.434347
3102,app_opened,2026-04-08 14:54:59.434360
3102,account_created,2026-04-09 01:54:59.434360
3103,app_opened,2026-03-05 05:54:59.434370
3103,account_created,2026-03-04 20:54:59.434370
3103,kyc_started,2026-03-05 10:54:59.434370
3103,kyc_completed,2026-03-09 17:54:59.434370
3103,deposit_made,2026-03-10 06:54:59.434370
3103,transaction_made,2026-03-10 23:54:59.434370
3104,app_opened,2026-03-04 21:54:59.434394
3104,account_created,2026-03-05 15:54:59.434394
3104,kyc_started,2026-03-08 13:54:59.434394
3104,kyc_completed,2026-03-13 05:54:59.434394
3105,app_opened,2026-04-14 13:54:59.434412
3105,account_created,2026-04-14 11:54:59.434412
3105,kyc_started,2026-04-15 18:54:59.434412
3105,kyc_completed,2026-04-18 23:54:59.434412
3106,app_opened,2026-04-14 03:54:59.434430
3106,account_created,2026-04-14 11:54:59.434430
3107,app_opened,2026-03-11 09:54:59.434440
3107,account_created,2026-03-12 14:54:59.434440
3107,kyc_started,2026-03-14 07:54:59.434440
3107,kyc_completed,2026-03-15 19:54:59.434440
3107,deposit_made,2026-03-16 04:54:59.434440
3107,transaction_made,2026-03-16 23:54:59.434440
3108,app_opened,2026-04-16 23:54:59.434466
3108,account_created,2026-04-17 14:54:59.434466
3108,kyc_started,2026-04-17 19:54:59.434466
3109,app_opened,2026-04-07 14:54:59.434480
3109,account_created,2026-04-07 22:54:59.434480
3109,kyc_started,2026-04-09 23:54:59.434480
3109,kyc_completed,2026-04-14 22:54:59.434480
3110,app_opened,2026-04-14 05:54:59.434496
3110,account_created,2026-04-13 18:54:59.434496
3110,kyc_started,2026-04-13 22:54:59.434496
3111,app_opened,2026-04-01 19:54:59.434510
3112,app_opened,2026-03-03 17:54:59.434516
3112,account_created,2026-03-03 16:54:59.434516
3113,app_opened,2026-04-11 03:54:59.434526
3113,account_created,2026-04-10 13:54:59.434526
3113,kyc_started,2026-04-10 14:54:59.434526
3113,kyc_completed,2026-04-13 05:54:59.434526
3113,deposit_made,2026-04-13 09:54:59.434526
3114,app_opened,2026-04-08 16:54:59.434551
3114,account_created,2026-04-09 03:54:59.434551
3115,app_opened,2026-04-09 14:54:59.434561
3115,account_created,2026-04-09 14:54:59.434561
3115,kyc_started,2026-04-09 16:54:59.434561
3115,kyc_completed,2026-04-11 15:54:59.434561
3115,deposit_made,2026-04-13 05:54:59.434561
3115,transaction_made,2026-04-13 08:54:59.434561
3115,credit_product_viewed,2026-04-25 08:54:59.434561
3115,credit_application_started,2026-04-27 03:54:59.434561
3115,credit_application_cancelled,2026-04-27 22:54:59.434561
3116,app_opened,2026-03-31 18:54:59.434594
3116,account_created,2026-04-01 13:54:59.434594
3117,app_opened,2026-03-18 14:54:59.434603
3117,account_created,2026-03-18 10:54:59.434603
3117,kyc_started,2026-03-19 10:54:59.434603
3117,kyc_completed,2026-03-23 18:54:59.434603
3117,deposit_made,2026-03-24 01:54:59.434603
3117,transaction_made,2026-03-24 06:54:59.434603
3118,app_opened,2026-04-13 05:54:59.434627
3118,account_created,2026-04-13 04:54:59.434627
3119,app_opened,2026-04-17 06:54:59.434637
3119,account_created,2026-04-17 07:54:59.434637
3120,app_opened,2026-03-27 03:54:59.434647
3120,account_created,2026-03-26 16:54:59.434647
3120,kyc_started,2026-03-27 09:54:59.434647
3120,kyc_completed,2026-03-31 10:54:59.434647
3121,app_opened,2026-03-29 02:54:59.434664
3121,account_created,2026-03-28 14:54:59.434664
3121,kyc_started,2026-03-30 22:54:59.434664
3121,kyc_completed,2026-04-03 01:54:59.434664
3122,app_opened,2026-03-04 18:54:59.434684
3122,account_created,2026-03-05 19:54:59.434684
3123,app_opened,2026-04-02 00:54:59.434694
3123,account_created,2026-04-02 17:54:59.434694
3123,kyc_started,2026-04-03 10:54:59.434694
3123,kyc_completed,2026-04-06 10:54:59.434694
3124,app_opened,2026-04-18 01:54:59.434714
3124,account_created,2026-04-18 04:54:59.434714
3124,kyc_started,2026-04-18 08:54:59.434714
3124,kyc_completed,2026-04-20 13:54:59.434714
3124,deposit_made,2026-04-22 08:54:59.434714
3124,transaction_made,2026-04-22 11:54:59.434714
3125,app_opened,2026-04-11 03:54:59.434740
3125,account_created,2026-04-11 03:54:59.434740
3125,kyc_started,2026-04-11 20:54:59.434740
3125,kyc_completed,2026-04-14 10:54:59.434740
3125,deposit_made,2026-04-15 12:54:59.434740
3125,transaction_made,2026-04-16 12:54:59.434740
3126,app_opened,2026-04-05 21:54:59.434763
3126,account_created,2026-04-07 07:54:59.434763
3126,kyc_started,2026-04-08 09:54:59.434763
3127,app_opened,2026-04-03 17:54:59.434777
3127,account_created,2026-04-04 17:54:59.434777
3127,kyc_started,2026-04-07 03:54:59.434777
3128,app_opened,2026-04-16 01:54:59.434791
3128,account_created,2026-04-15 23:54:59.434791
3128,kyc_started,2026-04-18 19:54:59.434791
3128,kyc_completed,2026-04-21 06:54:59.434791
3128,deposit_made,2026-04-21 16:54:59.434791
3128,transaction_made,2026-04-21 17:54:59.434791
3128,credit_product_viewed,2026-04-24 17:54:59.434791
3128,credit_application_started,2026-04-25 06:54:59.434791
3128,credit_application_cancelled,2026-04-25 22:54:59.434791
3129,app_opened,2026-03-06 08:54:59.434826
3129,account_created,2026-03-05 09:54:59.434826
3129,kyc_started,2026-03-07 04:54:59.434826
3129,kyc_completed,2026-03-09 06:54:59.434826
3130,app_opened,2026-04-17 10:54:59.434849
3130,account_created,2026-04-18 20:54:59.434849
3130,kyc_started,2026-04-20 04:54:59.434849
3131,app_opened,2026-03-03 21:54:59.434862
3131,account_created,2026-03-04 22:54:59.434862
3131,kyc_started,2026-03-04 23:54:59.434862
3131,kyc_completed,2026-03-08 17:54:59.434862
3132,app_opened,2026-03-12 11:54:59.434879
3132,account_created,2026-03-12 16:54:59.434879
3132,kyc_started,2026-03-12 17:54:59.434879
3132,kyc_completed,2026-03-14 04:54:59.434879
3132,deposit_made,2026-03-16 04:54:59.434879
3132,transaction_made,2026-03-16 12:54:59.434879
3132,credit_product_viewed,2026-03-24 12:54:59.434879
3132,credit_application_started,2026-03-25 01:54:59.434879
3132,credit_application_cancelled,2026-03-26 01:54:59.434879
3133,app_opened,2026-03-12 06:54:59.434912
3133,account_created,2026-03-12 21:54:59.434912
3134,app_opened,2026-03-04 04:54:59.434922
3134,account_created,2026-03-03 09:54:59.434922
3134,kyc_started,2026-03-05 05:54:59.434922
3134,kyc_completed,2026-03-06 15:54:59.434922
3135,app_opened,2026-03-13 22:54:59.434939
3135,account_created,2026-03-14 01:54:59.434939
3135,kyc_started,2026-03-14 07:54:59.434939
3135,kyc_completed,2026-03-18 11:54:59.434939
3136,app_opened,2026-03-12 01:54:59.434958
3136,account_created,2026-03-11 23:54:59.434958
3136,kyc_started,2026-03-12 15:54:59.434958
3137,app_opened,2026-04-02 23:54:59.434971
3137,account_created,2026-04-02 15:54:59.434971
3137,kyc_started,2026-04-03 02:54:59.434971
3137,kyc_completed,2026-04-07 14:54:59.434971
3138,app_opened,2026-03-07 20:54:59.434988
3138,account_created,2026-03-08 06:54:59.434988
3138,kyc_started,2026-03-09 22:54:59.434988
3138,kyc_completed,2026-03-11 00:54:59.434988
3138,deposit_made,2026-03-11 17:54:59.434988
3139,app_opened,2026-03-06 09:54:59.435008
3139,account_created,2026-03-06 22:54:59.435008
3139,kyc_started,2026-03-08 05:54:59.435008
3139,kyc_completed,2026-03-11 09:54:59.435008
3139,deposit_made,2026-03-12 06:54:59.435008
3139,transaction_made,2026-03-13 01:54:59.435008
3140,app_opened,2026-04-01 18:54:59.435034
3140,account_created,2026-04-03 06:54:59.435034
3140,kyc_started,2026-04-05 10:54:59.435034
3140,kyc_completed,2026-04-07 04:54:59.435034
3141,app_opened,2026-04-11 10:54:59.435051
3141,account_created,2026-04-12 02:54:59.435051
3142,app_opened,2026-04-16 13:54:59.435061
3142,account_created,2026-04-17 19:54:59.435061
3143,app_opened,2026-03-05 01:54:59.435071
3143,account_created,2026-03-04 17:54:59.435071
3143,kyc_started,2026-03-07 11:54:59.435071
3143,kyc_completed,2026-03-09 23:54:59.435071
3144,app_opened,2026-04-08 21:54:59.435090
3144,account_created,2026-04-09 18:54:59.435090
3144,kyc_started,2026-04-10 03:54:59.435090
3144,kyc_completed,2026-04-14 19:54:59.435090
3144,deposit_made,2026-04-15 04:54:59.435090
3144,transaction_made,2026-04-15 16:54:59.435090
3145,app_opened,2026-04-05 22:54:59.435117
3145,account_created,2026-04-05 23:54:59.435117
3145,kyc_started,2026-04-08 10:54:59.435117
3145,kyc_completed,2026-04-10 23:54:59.435117
3145,deposit_made,2026-04-12 15:54:59.435117
3145,transaction_made,2026-04-13 09:54:59.435117
3146,app_opened,2026-03-14 07:54:59.435140
3146,account_created,2026-03-14 20:54:59.435140
3146,kyc_started,2026-03-17 02:54:59.435140
3147,app_opened,2026-03-08 14:54:59.435153
3147,account_created,2026-03-09 05:54:59.435153
3147,kyc_started,2026-03-09 08:54:59.435153
3147,kyc_completed,2026-03-12 10:54:59.435153
3147,deposit_made,2026-03-12 13:54:59.435153
3147,transaction_made,2026-03-13 09:54:59.435153
3147,credit_product_viewed,2026-03-14 09:54:59.435153
3147,credit_application_started,2026-03-15 02:54:59.435153
3147,credit_application_cancelled,2026-03-15 03:54:59.435153
3148,app_opened,2026-04-14 11:54:59.435186
3148,account_created,2026-04-15 00:54:59.435186
3148,kyc_started,2026-04-17 11:54:59.435186
3148,kyc_completed,2026-04-18 22:54:59.435186
3149,app_opened,2026-04-06 15:54:59.435203
3150,app_opened,2026-04-10 03:54:59.435209
3150,account_created,2026-04-11 01:54:59.435209
3150,kyc_started,2026-04-12 22:54:59.435209
3150,kyc_completed,2026-04-14 01:54:59.435209
3151,app_opened,2026-04-02 02:54:59.435226
3151,account_created,2026-04-01 09:54:59.435226
3151,kyc_started,2026-04-03 16:54:59.435226
3151,kyc_completed,2026-04-06 09:54:59.435226
3151,deposit_made,2026-04-08 08:54:59.435226
3152,app_opened,2026-04-01 18:54:59.435249
3152,account_created,2026-04-01 11:54:59.435249
3153,app_opened,2026-03-30 05:54:59.435259
3153,account_created,2026-03-29 18:54:59.435259
3154,app_opened,2026-03-22 16:54:59.435270
3155,app_opened,2026-03-29 21:54:59.435276
3155,account_created,2026-03-29 10:54:59.435276
3155,kyc_started,2026-03-29 22:54:59.435276
3155,kyc_completed,2026-03-30 22:54:59.435276
3155,deposit_made,2026-04-01 21:54:59.435276
3155,transaction_made,2026-04-02 18:54:59.435276
3156,app_opened,2026-03-30 00:54:59.435302
3156,account_created,2026-03-30 01:54:59.435302
3156,kyc_started,2026-04-02 01:54:59.435302
3157,app_opened,2026-04-13 00:54:59.435316
3158,app_opened,2026-03-14 14:54:59.435323
3158,account_created,2026-03-15 05:54:59.435323
3159,app_opened,2026-03-05 13:54:59.435341
3159,account_created,2026-03-07 03:54:59.435341
3160,app_opened,2026-03-23 23:54:59.435352
3161,app_opened,2026-03-16 21:54:59.435359
3161,account_created,2026-03-18 06:54:59.435359
3162,app_opened,2026-03-27 07:54:59.435369
3162,account_created,2026-03-26 18:54:59.435369
3163,app_opened,2026-03-31 11:54:59.435379
3164,app_opened,2026-03-09 23:54:59.435386
3165,app_opened,2026-03-23 02:54:59.435393
3165,account_created,2026-03-23 02:54:59.435393
3166,app_opened,2026-03-31 00:54:59.435406
3166,account_created,2026-03-30 14:54:59.435406
3166,kyc_started,2026-03-30 22:54:59.435406
3167,app_opened,2026-03-25 09:54:59.435420
3167,account_created,2026-03-25 15:54:59.435420
3168,app_opened,2026-03-30 01:54:59.435430
3168,account_created,2026-03-30 04:54:59.435430
3169,app_opened,2026-04-09 16:54:59.435440
3169,account_created,2026-04-10 02:54:59.435440
3170,app_opened,2026-03-29 10:54:59.435450
3170,account_created,2026-03-30 11:54:59.435450
3171,app_opened,2026-03-25 02:54:59.435460
3171,account_created,2026-03-24 16:54:59.435460
3171,kyc_started,2026-03-26 12:54:59.435460
3172,app_opened,2026-03-21 17:54:59.435474
3172,account_created,2026-03-22 07:54:59.435474
3172,kyc_started,2026-03-23 16:54:59.435474
3172,kyc_completed,2026-03-25 14:54:59.435474
3172,deposit_made,2026-03-26 16:54:59.435474
3172,transaction_made,2026-03-27 01:54:59.435474
3173,app_opened,2026-03-07 11:54:59.435500
3173,account_created,2026-03-07 15:54:59.435500
3173,kyc_started,2026-03-10 07:54:59.435500
3174,app_opened,2026-03-15 02:54:59.435513
3174,account_created,2026-03-14 18:54:59.435513
3174,kyc_started,2026-03-14 19:54:59.435513
3175,app_opened,2026-03-21 16:54:59.435527
3175,account_created,2026-03-22 06:54:59.435527
3175,kyc_started,2026-03-23 19:54:59.435527
3175,kyc_completed,2026-03-27 11:54:59.435527
3176,app_opened,2026-04-14 01:54:59.435543
3176,account_created,2026-04-14 22:54:59.435543
3177,app_opened,2026-03-14 09:54:59.435556
3178,app_opened,2026-03-23 17:54:59.435563
3179,app_opened,2026-04-16 20:54:59.435571
3179,account_created,2026-04-16 15:54:59.435571
3180,app_opened,2026-04-06 11:54:59.435581
3180,account_created,2026-04-07 08:54:59.435581
3180,kyc_started,2026-04-08 20:54:59.435581
3180,kyc_completed,2026-04-13 16:54:59.435581
3180,deposit_made,2026-04-13 18:54:59.435581
3180,transaction_made,2026-04-14 07:54:59.435581
3180,credit_product_viewed,2026-04-24 07:54:59.435581
3180,credit_application_started,2026-04-26 07:54:59.435581
3180,credit_application_cancelled,2026-04-26 21:54:59.435581
3181,app_opened,2026-04-17 16:54:59.435617
3181,account_created,2026-04-17 15:54:59.435617
3182,app_opened,2026-03-08 01:54:59.435627
3182,account_created,2026-03-07 12:54:59.435627
3182,kyc_started,2026-03-07 20:54:59.435627
3183,app_opened,2026-04-05 12:54:59.435641
3183,account_created,2026-04-06 20:54:59.435641
3184,app_opened,2026-03-10 04:54:59.435651
3185,app_opened,2026-04-14 11:54:59.435661
3185,account_created,2026-04-15 02:54:59.435661
3185,kyc_started,2026-04-15 04:54:59.435661
3185,kyc_completed,2026-04-18 16:54:59.435661
3186,app_opened,2026-04-02 12:54:59.435677
3186,account_created,2026-04-03 16:54:59.435677
3187,app_opened,2026-03-11 23:54:59.435692
3187,account_created,2026-03-12 20:54:59.435692
3187,kyc_started,2026-03-13 10:54:59.435692
3188,app_opened,2026-03-24 13:54:59.435706
3188,account_created,2026-03-25 07:54:59.435706
3188,kyc_started,2026-03-25 14:54:59.435706
3189,app_opened,2026-04-01 12:54:59.435722
3189,account_created,2026-04-02 03:54:59.435722
3190,app_opened,2026-03-08 23:54:59.435732
3190,account_created,2026-03-09 06:54:59.435732
3191,app_opened,2026-04-18 05:54:59.435742
3191,account_created,2026-04-17 22:54:59.435742
3192,app_opened,2026-03-27 16:54:59.435752
3192,account_created,2026-03-27 19:54:59.435752
3193,app_opened,2026-04-17 00:54:59.435763
3194,app_opened,2026-03-14 01:54:59.435769
3194,account_created,2026-03-14 13:54:59.435769
3194,kyc_started,2026-03-14 14:54:59.435769
3194,kyc_completed,2026-03-18 01:54:59.435769
3195,app_opened,2026-04-15 07:54:59.435786
3195,account_created,2026-04-14 16:54:59.435786
3196,app_opened,2026-04-11 22:54:59.435796
3196,account_created,2026-04-13 05:54:59.435796
3196,kyc_started,2026-04-15 18:54:59.435796
3197,app_opened,2026-04-08 13:54:59.435810
3198,app_opened,2026-03-06 04:54:59.435816
3199,app_opened,2026-03-12 05:54:59.435829
3200,app_opened,2026-04-02 00:54:59.435835
3200,account_created,2026-04-01 16:54:59.435835
3200,kyc_started,2026-04-04 07:54:59.435835
3200,kyc_completed,2026-04-06 12:54:59.435835
3200,deposit_made,2026-04-07 15:54:59.435835
3200,transaction_made,2026-04-07 19:54:59.435835
3201,app_opened,2026-04-17 14:54:59.435865
3201,account_created,2026-04-18 20:54:59.435865
3201,kyc_started,2026-04-21 19:54:59.435865
3201,kyc_completed,2026-04-24 16:54:59.435865
3201,deposit_made,2026-04-26 01:54:59.435865
3201,transaction_made,2026-04-26 07:54:59.435865
3202,app_opened,2026-03-06 18:54:59.435891
3202,account_created,2026-03-06 17:54:59.435891
3202,kyc_started,2026-03-08 20:54:59.435891
3203,app_opened,2026-04-07 12:54:59.435907
3203,account_created,2026-04-07 11:54:59.435907
3204,app_opened,2026-03-25 04:54:59.435918
3204,account_created,2026-03-25 09:54:59.435918
3204,kyc_started,2026-03-27 20:54:59.435918
3204,kyc_completed,2026-04-01 09:54:59.435918
3204,deposit_made,2026-04-02 10:54:59.435918
3205,app_opened,2026-03-06 06:54:59.435940
3205,account_created,2026-03-06 12:54:59.435940
3205,kyc_started,2026-03-07 04:54:59.435940
3205,kyc_completed,2026-03-10 02:54:59.435940
3206,app_opened,2026-04-08 11:54:59.435957
3206,account_created,2026-04-10 08:54:59.435957
3206,kyc_started,2026-04-12 13:54:59.435957
3207,app_opened,2026-04-08 21:54:59.435971
3207,account_created,2026-04-09 15:54:59.435971
3208,app_opened,2026-04-04 15:54:59.435981
3208,account_created,2026-04-06 02:54:59.435981
3208,kyc_started,2026-04-07 12:54:59.435981
3209,app_opened,2026-04-07 18:54:59.435995
3209,account_created,2026-04-09 05:54:59.435995
3210,app_opened,2026-04-11 04:54:59.436004
3210,account_created,2026-04-10 23:54:59.436004
3210,kyc_started,2026-04-12 12:54:59.436004
3210,kyc_completed,2026-04-15 01:54:59.436004
3211,app_opened,2026-04-03 09:54:59.436023
3211,account_created,2026-04-03 15:54:59.436023
3212,app_opened,2026-03-10 11:54:59.436033
3212,account_created,2026-03-11 05:54:59.436033
3213,app_opened,2026-04-15 13:54:59.436043
3213,account_created,2026-04-15 13:54:59.436043
3213,kyc_started,2026-04-17 12:54:59.436043
3214,app_opened,2026-03-04 02:54:59.436057
3215,app_opened,2026-03-04 18:54:59.436064
3215,account_created,2026-03-05 00:54:59.436064
3215,kyc_started,2026-03-06 19:54:59.436064
3215,kyc_completed,2026-03-10 17:54:59.436064
3215,deposit_made,2026-03-10 18:54:59.436064
3215,transaction_made,2026-03-10 22:54:59.436064
3216,app_opened,2026-04-01 00:54:59.436088
3216,account_created,2026-03-31 18:54:59.436088
3216,kyc_started,2026-04-03 01:54:59.436088
3217,app_opened,2026-04-10 19:54:59.436102
3217,account_created,2026-04-11 20:54:59.436102
3217,kyc_started,2026-04-12 11:54:59.436102
3217,kyc_completed,2026-04-13 20:54:59.436102
3218,app_opened,2026-03-17 19:54:59.436119
3218,account_created,2026-03-17 17:54:59.436119
3218,kyc_started,2026-03-19 17:54:59.436119
3219,app_opened,2026-03-18 01:54:59.436132
3219,account_created,2026-03-18 08:54:59.436132
3219,kyc_started,2026-03-20 09:54:59.436132
3220,app_opened,2026-03-08 10:54:59.436145
3220,account_created,2026-03-09 23:54:59.436145
3220,kyc_started,2026-03-11 05:54:59.436145
3221,app_opened,2026-04-16 13:54:59.436159
3221,account_created,2026-04-17 03:54:59.436159
3221,kyc_started,2026-04-19 03:54:59.436159
3222,app_opened,2026-03-21 23:54:59.436175
3222,account_created,2026-03-21 11:54:59.436175
3222,kyc_started,2026-03-23 20:54:59.436175
3222,kyc_completed,2026-03-27 06:54:59.436175
3222,deposit_made,2026-03-28 15:54:59.436175
3222,transaction_made,2026-03-29 03:54:59.436175
3223,app_opened,2026-04-02 05:54:59.436198
3223,account_created,2026-04-03 02:54:59.436198
3224,app_opened,2026-03-19 06:54:59.436208
3224,account_created,2026-03-18 22:54:59.436208
3224,kyc_started,2026-03-20 15:54:59.436208
3224,kyc_completed,2026-03-22 20:54:59.436208
3225,app_opened,2026-04-06 23:54:59.436225
3225,account_created,2026-04-06 13:54:59.436225
3226,app_opened,2026-03-16 19:54:59.436238
3226,account_created,2026-03-18 03:54:59.436238
3226,kyc_started,2026-03-18 10:54:59.436238
3226,kyc_completed,2026-03-20 08:54:59.436238
3226,deposit_made,2026-03-21 10:54:59.436238
3226,transaction_made,2026-03-21 23:54:59.436238
3227,app_opened,2026-03-20 14:54:59.436261
3227,account_created,2026-03-21 04:54:59.436261
3228,app_opened,2026-03-20 22:54:59.436271
3228,account_created,2026-03-20 17:54:59.436271
3228,kyc_started,2026-03-22 18:54:59.436271
3229,app_opened,2026-04-09 00:54:59.436285
3230,app_opened,2026-03-03 15:54:59.436292
3231,app_opened,2026-04-05 08:54:59.436299
3231,account_created,2026-04-05 10:54:59.436299
3231,kyc_started,2026-04-06 04:54:59.436299
3231,kyc_completed,2026-04-07 20:54:59.436299
3231,deposit_made,2026-04-09 06:54:59.436299
3231,transaction_made,2026-04-09 23:54:59.436299
3232,app_opened,2026-03-10 10:54:59.436340
3232,account_created,2026-03-12 03:54:59.436340
3232,kyc_started,2026-03-13 13:54:59.436340
3232,kyc_completed,2026-03-17 07:54:59.436340
3233,app_opened,2026-03-12 06:54:59.436360
3233,account_created,2026-03-11 12:54:59.436360
3233,kyc_started,2026-03-13 12:54:59.436360
3234,app_opened,2026-04-01 09:54:59.436373
3234,account_created,2026-04-01 10:54:59.436373
3234,kyc_started,2026-04-02 05:54:59.436373
3234,kyc_completed,2026-04-06 06:54:59.436373
3234,deposit_made,2026-04-06 12:54:59.436373
3235,app_opened,2026-03-29 04:54:59.436394
3236,app_opened,2026-03-21 17:54:59.436400
3236,account_created,2026-03-22 05:54:59.436400
3236,kyc_started,2026-03-23 23:54:59.436400
3236,kyc_completed,2026-03-25 06:54:59.436400
3237,app_opened,2026-03-17 04:54:59.436417
3238,app_opened,2026-03-18 07:54:59.436424
3238,account_created,2026-03-18 01:54:59.436424
3238,kyc_started,2026-03-18 11:54:59.436424
3238,kyc_completed,2026-03-19 14:54:59.436424
3238,deposit_made,2026-03-21 00:54:59.436424
3238,transaction_made,2026-03-21 06:54:59.436424
3239,app_opened,2026-03-24 08:54:59.436448
3239,account_created,2026-03-24 14:54:59.436448
3240,app_opened,2026-04-06 10:54:59.436458
3240,account_created,2026-04-06 20:54:59.436458
3241,app_opened,2026-04-09 00:54:59.436467
3241,account_created,2026-04-08 13:54:59.436467
3242,app_opened,2026-03-26 05:54:59.436481
3243,app_opened,2026-03-22 04:54:59.436488
3243,account_created,2026-03-22 16:54:59.436488
3243,kyc_started,2026-03-23 14:54:59.436488
3243,kyc_completed,2026-03-26 03:54:59.436488
3243,deposit_made,2026-03-27 14:54:59.436488
3243,transaction_made,2026-03-28 00:54:59.436488
3243,credit_product_viewed,2026-04-06 00:54:59.436488
3243,credit_application_started,2026-04-07 02:54:59.436488
3243,credit_application_cancelled,2026-04-07 10:54:59.436488
3244,app_opened,2026-04-15 20:54:59.436520
3244,account_created,2026-04-15 15:54:59.436520
3245,app_opened,2026-03-11 09:54:59.436530
3245,account_created,2026-03-11 20:54:59.436530
3245,kyc_started,2026-03-12 20:54:59.436530
3246,app_opened,2026-03-13 02:54:59.436546
3246,account_created,2026-03-13 02:54:59.436546
3246,kyc_started,2026-03-15 05:54:59.436546
3246,kyc_completed,2026-03-16 14:54:59.436546
3246,deposit_made,2026-03-18 01:54:59.436546
3246,transaction_made,2026-03-18 04:54:59.436546
3247,app_opened,2026-04-16 15:54:59.436570
3247,account_created,2026-04-16 14:54:59.436570
3247,kyc_started,2026-04-17 15:54:59.436570
3247,kyc_completed,2026-04-18 20:54:59.436570
3248,app_opened,2026-03-05 09:54:59.436587
3249,app_opened,2026-03-31 03:54:59.436594
3249,account_created,2026-03-30 20:54:59.436594
3249,kyc_started,2026-04-02 07:54:59.436594
3249,kyc_completed,2026-04-04 18:54:59.436594
3249,deposit_made,2026-04-05 09:54:59.436594
3250,app_opened,2026-03-20 14:54:59.436617
3250,account_created,2026-03-21 13:54:59.436617
3250,kyc_started,2026-03-22 20:54:59.436617
3251,app_opened,2026-04-18 02:54:59.436631
3251,account_created,2026-04-18 21:54:59.436631
3251,kyc_started,2026-04-21 00:54:59.436631
3252,app_opened,2026-03-28 17:54:59.436644
3252,account_created,2026-03-29 07:54:59.436644
3252,kyc_started,2026-04-01 06:54:59.436644
3252,kyc_completed,2026-04-05 23:54:59.436644
3253,app_opened,2026-03-10 16:54:59.436661
3253,account_created,2026-03-12 05:54:59.436661
3253,kyc_started,2026-03-14 21:54:59.436661
3253,kyc_completed,2026-03-16 08:54:59.436661
3253,deposit_made,2026-03-17 21:54:59.436661
3253,transaction_made,2026-03-18 10:54:59.436661
3253,credit_product_viewed,2026-03-29 10:54:59.436661
3253,credit_application_started,2026-03-29 14:54:59.436661
3253,credit_application_completed,2026-03-30 09:54:59.436661
3254,app_opened,2026-03-21 10:54:59.436696
3254,account_created,2026-03-22 12:54:59.436696
3255,app_opened,2026-03-20 21:54:59.436706
3255,account_created,2026-03-20 19:54:59.436706
3255,kyc_started,2026-03-21 17:54:59.436706
3255,kyc_completed,2026-03-24 07:54:59.436706
3255,deposit_made,2026-03-24 21:54:59.436706
3255,transaction_made,2026-03-25 06:54:59.436706
3256,app_opened,2026-03-09 03:54:59.436730
3256,account_created,2026-03-09 13:54:59.436730
3257,app_opened,2026-03-17 02:54:59.436740
3257,account_created,2026-03-16 09:54:59.436740
3257,kyc_started,2026-03-19 01:54:59.436740
3258,app_opened,2026-03-22 09:54:59.436758
3258,account_created,2026-03-23 19:54:59.436758
3258,kyc_started,2026-03-24 09:54:59.436758
3258,kyc_completed,2026-03-26 06:54:59.436758
3259,app_opened,2026-04-07 14:54:59.436775
3259,account_created,2026-04-08 08:54:59.436775
3260,app_opened,2026-03-29 16:54:59.436785
3260,account_created,2026-03-30 02:54:59.436785
3260,kyc_started,2026-03-30 07:54:59.436785
3260,kyc_completed,2026-04-01 05:54:59.436785
3261,app_opened,2026-03-26 15:54:59.436803
3261,account_created,2026-03-26 20:54:59.436803
3261,kyc_started,2026-03-27 18:54:59.436803
3261,kyc_completed,2026-03-29 02:54:59.436803
3261,deposit_made,2026-03-30 02:54:59.436803
3262,app_opened,2026-03-27 20:54:59.436830
3263,app_opened,2026-04-14 12:54:59.436837
3263,account_created,2026-04-16 07:54:59.436837
3263,kyc_started,2026-04-18 03:54:59.436837
3263,kyc_completed,2026-04-22 22:54:59.436837
3264,app_opened,2026-04-15 16:54:59.436860
3265,app_opened,2026-03-12 01:54:59.436867
3265,account_created,2026-03-12 20:54:59.436867
3265,kyc_started,2026-03-13 23:54:59.436867
3266,app_opened,2026-04-02 15:54:59.436880
3267,app_opened,2026-03-30 16:54:59.436887
3267,account_created,2026-03-30 19:54:59.436887
3267,kyc_started,2026-03-31 12:54:59.436887
3267,kyc_completed,2026-04-04 08:54:59.436887
3267,deposit_made,2026-04-05 21:54:59.436887
3267,transaction_made,2026-04-06 15:54:59.436887
3268,app_opened,2026-04-03 12:54:59.436911
3268,account_created,2026-04-04 02:54:59.436911
3269,app_opened,2026-04-12 14:54:59.436924
3270,app_opened,2026-04-14 23:54:59.436931
3270,account_created,2026-04-15 23:54:59.436931
3270,kyc_started,2026-04-16 17:54:59.436931
3271,app_opened,2026-04-10 13:54:59.436944
3271,account_created,2026-04-11 16:54:59.436944
3271,kyc_started,2026-04-12 02:54:59.436944
3271,kyc_completed,2026-04-14 17:54:59.436944
3272,app_opened,2026-03-31 14:54:59.436961
3272,account_created,2026-03-31 09:54:59.436961
3272,kyc_started,2026-04-01 20:54:59.436961
3273,app_opened,2026-03-12 15:54:59.436975
3274,app_opened,2026-03-28 04:54:59.436982
3275,app_opened,2026-04-12 03:54:59.436988
3275,account_created,2026-04-12 10:54:59.436988
3275,kyc_started,2026-04-13 16:54:59.436988
3275,kyc_completed,2026-04-16 15:54:59.436988
3275,deposit_made,2026-04-17 17:54:59.436988
3275,transaction_made,2026-04-18 07:54:59.436988
3276,app_opened,2026-04-01 00:54:59.437012
3276,account_created,2026-04-02 03:54:59.437012
3277,app_opened,2026-03-08 21:54:59.437022
3277,account_created,2026-03-08 15:54:59.437022
3278,app_opened,2026-04-09 07:54:59.437032
3278,account_created,2026-04-10 00:54:59.437032
3278,kyc_started,2026-04-12 10:54:59.437032
3279,app_opened,2026-04-03 09:54:59.437046
3279,account_created,2026-04-04 22:54:59.437046
3279,kyc_started,2026-04-07 19:54:59.437046
3280,app_opened,2026-03-28 13:54:59.437059
3280,account_created,2026-03-28 21:54:59.437059
3280,kyc_started,2026-03-29 11:54:59.437059
3280,kyc_completed,2026-04-03 03:54:59.437059
3280,deposit_made,2026-04-04 01:54:59.437059
3280,transaction_made,2026-04-04 12:54:59.437059
3280,credit_product_viewed,2026-04-08 12:54:59.437059
3280,credit_application_started,2026-04-10 11:54:59.437059
3280,credit_application_cancelled,2026-04-10 15:54:59.437059
3281,app_opened,2026-03-12 05:54:59.437096
3281,account_created,2026-03-12 00:54:59.437096
3281,kyc_started,2026-03-12 07:54:59.437096
3281,kyc_completed,2026-03-15 15:54:59.437096
3281,deposit_made,2026-03-17 05:54:59.437096
3281,transaction_made,2026-03-17 10:54:59.437096
3281,credit_product_viewed,2026-03-27 10:54:59.437096
3281,credit_application_started,2026-03-27 19:54:59.437096
3281,credit_application_completed,2026-03-28 19:54:59.437096
3282,app_opened,2026-04-01 13:54:59.437133
3282,account_created,2026-04-01 14:54:59.437133
3282,kyc_started,2026-04-02 21:54:59.437133
3283,app_opened,2026-04-02 05:54:59.437146
3283,account_created,2026-04-02 05:54:59.437146
3284,app_opened,2026-03-14 12:54:59.437156
3284,account_created,2026-03-16 08:54:59.437156
3285,app_opened,2026-04-17 18:54:59.437167
3285,account_created,2026-04-18 15:54:59.437167
3285,kyc_started,2026-04-20 23:54:59.437167
3285,kyc_completed,2026-04-23 23:54:59.437167
3286,app_opened,2026-04-05 15:54:59.437183
3287,app_opened,2026-04-08 03:54:59.437190
3287,account_created,2026-04-08 20:54:59.437190
3287,kyc_started,2026-04-09 09:54:59.437190
3287,kyc_completed,2026-04-13 16:54:59.437190
3288,app_opened,2026-04-07 19:54:59.437209
3288,account_created,2026-04-08 19:54:59.437209
3288,kyc_started,2026-04-11 03:54:59.437209
3288,kyc_completed,2026-04-14 21:54:59.437209
3288,deposit_made,2026-04-16 06:54:59.437209
3288,transaction_made,2026-04-16 18:54:59.437209
3289,app_opened,2026-03-15 15:54:59.437233
3289,account_created,2026-03-16 19:54:59.437233
3289,kyc_started,2026-03-18 13:54:59.437233
3290,app_opened,2026-03-04 00:54:59.437246
3290,account_created,2026-03-03 20:54:59.437246
3290,kyc_started,2026-03-06 14:54:59.437246
3290,kyc_completed,2026-03-10 03:54:59.437246
3290,deposit_made,2026-03-11 17:54:59.437246
3290,transaction_made,2026-03-12 05:54:59.437246
3291,app_opened,2026-04-05 05:54:59.437270
3292,app_opened,2026-03-25 11:54:59.437277
3292,account_created,2026-03-26 10:54:59.437277
3292,kyc_started,2026-03-27 07:54:59.437277
3292,kyc_completed,2026-03-30 03:54:59.437277
3292,deposit_made,2026-03-30 10:54:59.437277
3292,transaction_made,2026-03-30 22:54:59.437277
3293,app_opened,2026-03-07 05:54:59.437300
3293,account_created,2026-03-07 04:54:59.437300
3293,kyc_started,2026-03-10 03:54:59.437300
3293,kyc_completed,2026-03-14 06:54:59.437300
3294,app_opened,2026-04-07 05:54:59.437317
3294,account_created,2026-04-06 19:54:59.437317
3295,app_opened,2026-04-02 17:54:59.437328
3295,account_created,2026-04-03 21:54:59.437328
3295,kyc_started,2026-04-03 23:54:59.437328
3296,app_opened,2026-03-11 07:54:59.437351
3296,account_created,2026-03-11 10:54:59.437351
3296,kyc_started,2026-03-13 19:54:59.437351
3296,kyc_completed,2026-03-16 23:54:59.437351
3296,deposit_made,2026-03-17 16:54:59.437351
3297,app_opened,2026-03-27 10:54:59.437371
3298,app_opened,2026-03-25 22:54:59.437378
3298,account_created,2026-03-25 13:54:59.437378
3298,kyc_started,2026-03-27 02:54:59.437378
3299,app_opened,2026-04-17 07:54:59.437392
3299,account_created,2026-04-16 13:54:59.437392
3299,kyc_started,2026-04-17 00:54:59.437392
3299,kyc_completed,2026-04-19 07:54:59.437392
3299,deposit_made,2026-04-19 20:54:59.437392
3299,transaction_made,2026-04-20 02:54:59.437392
3299,credit_product_viewed,2026-04-25 02:54:59.437392
3299,credit_application_started,2026-04-26 08:54:59.437392
3299,credit_application_completed,2026-04-27 03:54:59.437392
3300,app_opened,2026-04-03 21:54:59.437426
3301,app_opened,2026-03-04 10:54:59.437432
3301,account_created,2026-03-04 10:54:59.437432
3302,app_opened,2026-04-08 23:54:59.437443
3302,account_created,2026-04-08 11:54:59.437443
3302,kyc_started,2026-04-09 23:54:59.437443
3302,kyc_completed,2026-04-14 14:54:59.437443
3303,app_opened,2026-04-15 00:54:59.437459
3304,app_opened,2026-04-09 21:54:59.437466
3304,account_created,2026-04-11 06:54:59.437466
3304,kyc_started,2026-04-13 04:54:59.437466
3304,kyc_completed,2026-04-17 05:54:59.437466
3304,deposit_made,2026-04-18 11:54:59.437466
3304,transaction_made,2026-04-18 20:54:59.437466
3305,app_opened,2026-03-20 22:54:59.437495
3305,account_created,2026-03-20 23:54:59.437495
3305,kyc_started,2026-03-22 02:54:59.437495
3306,app_opened,2026-04-05 22:54:59.437508
3306,account_created,2026-04-07 02:54:59.437508
3307,app_opened,2026-03-09 17:54:59.437519
3307,account_created,2026-03-09 14:54:59.437519
3308,app_opened,2026-03-29 13:54:59.437529
3309,app_opened,2026-03-03 12:54:59.437536
3309,account_created,2026-03-04 02:54:59.437536
3310,app_opened,2026-03-30 12:54:59.437546
3311,app_opened,2026-04-05 23:54:59.437553
3311,account_created,2026-04-06 15:54:59.437553
3311,kyc_started,2026-04-08 17:54:59.437553
3311,kyc_completed,2026-04-12 06:54:59.437553
3312,app_opened,2026-04-15 22:54:59.437569
3313,app_opened,2026-04-04 17:54:59.437576
3313,account_created,2026-04-04 20:54:59.437576
3313,kyc_started,2026-04-05 02:54:59.437576
3314,app_opened,2026-03-21 11:54:59.437590
3314,account_created,2026-03-22 06:54:59.437590
3314,kyc_started,2026-03-25 05:54:59.437590
3314,kyc_completed,2026-03-26 16:54:59.437590
3315,app_opened,2026-03-18 04:54:59.437609
3315,account_created,2026-03-17 21:54:59.437609
3315,kyc_started,2026-03-18 21:54:59.437609
3315,kyc_completed,2026-03-20 18:54:59.437609
3315,deposit_made,2026-03-21 09:54:59.437609
3315,transaction_made,2026-03-21 18:54:59.437609
3316,app_opened,2026-04-14 00:54:59.437632
3316,account_created,2026-04-14 02:54:59.437632
3316,kyc_started,2026-04-15 21:54:59.437632
3317,app_opened,2026-03-16 21:54:59.437648
3317,account_created,2026-03-17 13:54:59.437648
3317,kyc_started,2026-03-17 15:54:59.437648
3317,kyc_completed,2026-03-20 04:54:59.437648
3318,app_opened,2026-03-26 08:54:59.437665
3318,account_created,2026-03-25 17:54:59.437665
3318,kyc_started,2026-03-25 23:54:59.437665
3318,kyc_completed,2026-03-29 10:54:59.437665
3318,deposit_made,2026-03-30 20:54:59.437665
3318,transaction_made,2026-03-31 19:54:59.437665
3318,credit_product_viewed,2026-04-11 19:54:59.437665
3318,credit_application_started,2026-04-11 20:54:59.437665
3318,credit_application_cancelled,2026-04-11 21:54:59.437665
3319,app_opened,2026-03-10 19:54:59.437698
3319,account_created,2026-03-11 06:54:59.437698
3319,kyc_started,2026-03-12 23:54:59.437698
3319,kyc_completed,2026-03-15 09:54:59.437698
3319,deposit_made,2026-03-16 11:54:59.437698
3319,transaction_made,2026-03-16 19:54:59.437698
3320,app_opened,2026-03-12 04:54:59.437723
3320,account_created,2026-03-11 11:54:59.437723
3320,kyc_started,2026-03-12 16:54:59.437723
3320,kyc_completed,2026-03-14 01:54:59.437723
3320,deposit_made,2026-03-15 05:54:59.437723
3320,transaction_made,2026-03-15 21:54:59.437723
3321,app_opened,2026-03-08 22:54:59.437747
3321,account_created,2026-03-09 03:54:59.437747
3321,kyc_started,2026-03-11 20:54:59.437747
3322,app_opened,2026-03-15 17:54:59.437760
3322,account_created,2026-03-16 14:54:59.437760
3322,kyc_started,2026-03-18 15:54:59.437760
3322,kyc_completed,2026-03-23 15:54:59.437760
3322,deposit_made,2026-03-25 09:54:59.437760
3323,app_opened,2026-03-26 22:54:59.437783
3323,account_created,2026-03-27 11:54:59.437783
3324,app_opened,2026-04-10 06:54:59.437793
3325,app_opened,2026-04-03 21:54:59.437800
3325,account_created,2026-04-03 13:54:59.437800
3325,kyc_started,2026-04-05 04:54:59.437800
3326,app_opened,2026-04-13 01:54:59.437813
3326,account_created,2026-04-13 18:54:59.437813
3327,app_opened,2026-03-12 10:54:59.437824
3328,app_opened,2026-04-08 23:54:59.437830
3328,account_created,2026-04-10 05:54:59.437830
3328,kyc_started,2026-04-10 20:54:59.437830
3328,kyc_completed,2026-04-14 14:54:59.437830
3328,deposit_made,2026-04-14 17:54:59.437830
3328,transaction_made,2026-04-15 14:54:59.437830
3329,app_opened,2026-03-13 21:54:59.437859
3329,account_created,2026-03-14 00:54:59.437859
3329,kyc_started,2026-03-16 07:54:59.437859
3329,kyc_completed,2026-03-17 11:54:59.437859
3329,deposit_made,2026-03-18 03:54:59.437859
3329,transaction_made,2026-03-18 17:54:59.437859
3330,app_opened,2026-04-02 15:54:59.437888
3330,account_created,2026-04-03 15:54:59.437888
3330,kyc_started,2026-04-04 19:54:59.437888
3330,kyc_completed,2026-04-07 22:54:59.437888
3330,deposit_made,2026-04-08 06:54:59.437888
3330,transaction_made,2026-04-08 11:54:59.437888
3330,credit_product_viewed,2026-04-11 11:54:59.437888
3330,credit_application_started,2026-04-12 14:54:59.437888
3330,credit_application_cancelled,2026-04-13 06:54:59.437888
3331,app_opened,2026-03-13 05:54:59.437925
3331,account_created,2026-03-12 14:54:59.437925
3331,kyc_started,2026-03-15 08:54:59.437925
3331,kyc_completed,2026-03-19 18:54:59.437925
3332,app_opened,2026-03-27 15:54:59.437942
3332,account_created,2026-03-28 06:54:59.437942
3332,kyc_started,2026-03-28 12:54:59.437942
3332,kyc_completed,2026-04-02 12:54:59.437942
3332,deposit_made,2026-04-03 15:54:59.437942
3332,transaction_made,2026-04-04 13:54:59.437942
3333,app_opened,2026-03-05 01:54:59.437965
3333,account_created,2026-03-05 17:54:59.437965
3334,app_opened,2026-03-23 09:54:59.437976
3334,account_created,2026-03-24 05:54:59.437976
3335,app_opened,2026-03-08 19:54:59.437986
3335,account_created,2026-03-10 03:54:59.437986
3335,kyc_started,2026-03-10 21:54:59.437986
3335,kyc_completed,2026-03-12 12:54:59.437986
3336,app_opened,2026-04-14 17:54:59.438006
3336,account_created,2026-04-15 20:54:59.438006
3336,kyc_started,2026-04-16 06:54:59.438006
3336,kyc_completed,2026-04-19 09:54:59.438006
3337,app_opened,2026-03-20 09:54:59.438023
3337,account_created,2026-03-20 22:54:59.438023
3337,kyc_started,2026-03-21 06:54:59.438023
3338,app_opened,2026-03-23 14:54:59.438036
3338,account_created,2026-03-25 04:54:59.438036
3339,app_opened,2026-04-18 00:54:59.438046
3339,account_created,2026-04-18 22:54:59.438046
3339,kyc_started,2026-04-21 16:54:59.438046
3340,app_opened,2026-04-13 06:54:59.438060
3341,app_opened,2026-03-14 14:54:59.438067
3341,account_created,2026-03-15 20:54:59.438067
3341,kyc_started,2026-03-17 14:54:59.438067
3342,app_opened,2026-04-04 16:54:59.438083
3342,account_created,2026-04-05 14:54:59.438083
3343,app_opened,2026-04-18 02:54:59.438093
3343,account_created,2026-04-18 04:54:59.438093
3343,kyc_started,2026-04-19 02:54:59.438093
3343,kyc_completed,2026-04-21 15:54:59.438093
3343,deposit_made,2026-04-22 05:54:59.438093
3343,transaction_made,2026-04-23 00:54:59.438093
3344,app_opened,2026-03-06 16:54:59.438116
3345,app_opened,2026-04-13 06:54:59.438123
3345,account_created,2026-04-13 05:54:59.438123
3345,kyc_started,2026-04-13 08:54:59.438123
3345,kyc_completed,2026-04-16 05:54:59.438123
3346,app_opened,2026-03-09 22:54:59.438140
3346,account_created,2026-03-10 09:54:59.438140
3346,kyc_started,2026-03-10 18:54:59.438140
3347,app_opened,2026-03-14 23:54:59.438154
3347,account_created,2026-03-15 08:54:59.438154
3347,kyc_started,2026-03-18 04:54:59.438154
3347,kyc_completed,2026-03-20 14:54:59.438154
3347,deposit_made,2026-03-21 23:54:59.438154
3347,transaction_made,2026-03-22 08:54:59.438154
3348,app_opened,2026-04-02 10:54:59.438178
3348,account_created,2026-04-04 05:54:59.438178
3348,kyc_started,2026-04-04 15:54:59.438178
3348,kyc_completed,2026-04-08 11:54:59.438178
3348,deposit_made,2026-04-09 18:54:59.438178
3348,transaction_made,2026-04-09 19:54:59.438178
3349,app_opened,2026-03-25 05:54:59.438201
3349,account_created,2026-03-24 23:54:59.438201
3349,kyc_started,2026-03-26 19:54:59.438201
3350,app_opened,2026-03-16 03:54:59.438217
3351,app_opened,2026-04-14 12:54:59.438224
3351,account_created,2026-04-15 01:54:59.438224
3352,app_opened,2026-03-12 08:54:59.438235
3352,account_created,2026-03-13 02:54:59.438235
3352,kyc_started,2026-03-14 21:54:59.438235
3352,kyc_completed,2026-03-18 06:54:59.438235
3353,app_opened,2026-04-11 00:54:59.438254
3353,account_created,2026-04-11 23:54:59.438254
3354,app_opened,2026-03-23 05:54:59.438264
3354,account_created,2026-03-23 13:54:59.438264
3355,app_opened,2026-04-04 09:54:59.438274
3355,account_created,2026-04-05 19:54:59.438274
3355,kyc_started,2026-04-06 04:54:59.438274
3355,kyc_completed,2026-04-09 07:54:59.438274
3355,deposit_made,2026-04-09 18:54:59.438274
3355,transaction_made,2026-04-10 08:54:59.438274
3356,app_opened,2026-03-07 18:54:59.438301
3356,account_created,2026-03-08 18:54:59.438301
3356,kyc_started,2026-03-08 22:54:59.438301
3357,app_opened,2026-04-16 23:54:59.438314
3357,account_created,2026-04-17 17:54:59.438314
3357,kyc_started,2026-04-19 13:54:59.438314
3358,app_opened,2026-04-07 05:54:59.438328
3358,account_created,2026-04-08 01:54:59.438328
3358,kyc_started,2026-04-08 11:54:59.438328
3358,kyc_completed,2026-04-09 11:54:59.438328
3358,deposit_made,2026-04-11 01:54:59.438328
3358,transaction_made,2026-04-12 01:54:59.438328
3359,app_opened,2026-03-24 12:54:59.438356
3359,account_created,2026-03-25 15:54:59.438356
3359,kyc_started,2026-03-26 08:54:59.438356
3359,kyc_completed,2026-03-27 12:54:59.438356
3360,app_opened,2026-04-16 16:54:59.438375
3360,account_created,2026-04-17 14:54:59.438375
3360,kyc_started,2026-04-18 13:54:59.438375
3361,app_opened,2026-03-22 15:54:59.438388
3361,account_created,2026-03-23 01:54:59.438388
3361,kyc_started,2026-03-24 05:54:59.438388
3361,kyc_completed,2026-03-28 09:54:59.438388
3361,deposit_made,2026-03-30 03:54:59.438388
3361,transaction_made,2026-03-30 12:54:59.438388
3362,app_opened,2026-03-16 06:54:59.438412
3362,account_created,2026-03-16 16:54:59.438412
3363,app_opened,2026-04-12 14:54:59.438422
3363,account_created,2026-04-14 08:54:59.438422
3363,kyc_started,2026-04-15 03:54:59.438422
3363,kyc_completed,2026-04-19 15:54:59.438422
3364,app_opened,2026-04-04 22:54:59.438439
3364,account_created,2026-04-05 22:54:59.438439
3364,kyc_started,2026-04-06 18:54:59.438439
3365,app_opened,2026-03-19 20:54:59.438452
3365,account_created,2026-03-19 20:54:59.438452
3365,kyc_started,2026-03-21 07:54:59.438452
3365,kyc_completed,2026-03-24 10:54:59.438452
3366,app_opened,2026-03-03 10:54:59.438469
3366,account_created,2026-03-04 09:54:59.438469
3366,kyc_started,2026-03-06 19:54:59.438469
3366,kyc_completed,2026-03-11 19:54:59.438469
3366,deposit_made,2026-03-12 20:54:59.438469
3366,transaction_made,2026-03-13 19:54:59.438469
3367,app_opened,2026-03-26 20:54:59.438492
3367,account_created,2026-03-27 12:54:59.438492
3367,kyc_started,2026-03-27 23:54:59.438492
3368,app_opened,2026-03-20 20:54:59.438509
3368,account_created,2026-03-21 02:54:59.438509
3368,kyc_started,2026-03-22 10:54:59.438509
3369,app_opened,2026-03-04 17:54:59.438522
3369,account_created,2026-03-05 17:54:59.438522
3369,kyc_started,2026-03-06 09:54:59.438522
3369,kyc_completed,2026-03-11 04:54:59.438522
3370,app_opened,2026-03-17 16:54:59.438539
3370,account_created,2026-03-18 02:54:59.438539
3371,app_opened,2026-03-23 22:54:59.438548
3371,account_created,2026-03-23 21:54:59.438548
3372,app_opened,2026-04-03 22:54:59.438559
3372,account_created,2026-04-04 10:54:59.438559
3373,app_opened,2026-03-11 04:54:59.438569
3374,app_opened,2026-03-22 18:54:59.438578
3374,account_created,2026-03-22 17:54:59.438578
3374,kyc_started,2026-03-24 09:54:59.438578
3374,kyc_completed,2026-03-27 23:54:59.438578
3375,app_opened,2026-03-06 14:54:59.438595
3375,account_created,2026-03-06 12:54:59.438595
3376,app_opened,2026-04-07 04:54:59.438605
3376,account_created,2026-04-06 20:54:59.438605
3376,kyc_started,2026-04-09 01:54:59.438605
3376,kyc_completed,2026-04-10 17:54:59.438605
3376,deposit_made,2026-04-11 20:54:59.438605
3376,transaction_made,2026-04-12 11:54:59.438605
3377,app_opened,2026-03-13 03:54:59.438630
3377,account_created,2026-03-12 21:54:59.438630
3378,app_opened,2026-03-25 04:54:59.438643
3379,app_opened,2026-03-11 06:54:59.438650
3379,account_created,2026-03-11 22:54:59.438650
3380,app_opened,2026-03-11 08:54:59.438663
3380,account_created,2026-03-10 22:54:59.438663
3380,kyc_started,2026-03-13 21:54:59.438663
3381,app_opened,2026-03-24 02:54:59.438676
3381,account_created,2026-03-25 06:54:59.438676
3381,kyc_started,2026-03-26 06:54:59.438676
3381,kyc_completed,2026-03-29 13:54:59.438676
3381,deposit_made,2026-03-29 21:54:59.438676
3381,transaction_made,2026-03-30 14:54:59.438676
3381,credit_product_viewed,2026-04-08 14:54:59.438676
3381,credit_application_started,2026-04-09 07:54:59.438676
3381,credit_application_cancelled,2026-04-09 15:54:59.438676
3382,app_opened,2026-04-11 19:54:59.438709
3382,account_created,2026-04-12 18:54:59.438709
3383,app_opened,2026-03-10 11:54:59.438719
3383,account_created,2026-03-10 17:54:59.438719
3383,kyc_started,2026-03-10 21:54:59.438719
3383,kyc_completed,2026-03-12 05:54:59.438719
3383,deposit_made,2026-03-12 09:54:59.438719
3383,transaction_made,2026-03-13 07:54:59.438719
3384,app_opened,2026-03-23 13:54:59.438742
3384,account_created,2026-03-25 07:54:59.438742
3385,app_opened,2026-04-13 18:54:59.438752
3385,account_created,2026-04-15 03:54:59.438752
3385,kyc_started,2026-04-15 08:54:59.438752
3386,app_opened,2026-03-12 11:54:59.438766
3386,account_created,2026-03-12 16:54:59.438766
3386,kyc_started,2026-03-15 11:54:59.438766
3387,app_opened,2026-03-17 19:54:59.438779
3387,account_created,2026-03-19 01:54:59.438779
3388,app_opened,2026-03-18 13:54:59.438790
3388,account_created,2026-03-20 00:54:59.438790
3388,kyc_started,2026-03-21 18:54:59.438790
3389,app_opened,2026-03-24 18:54:59.438806
3389,account_created,2026-03-26 03:54:59.438806
3390,app_opened,2026-04-09 18:54:59.438816
3391,app_opened,2026-03-28 04:54:59.438823
3392,app_opened,2026-03-07 13:54:59.438830
3392,account_created,2026-03-07 20:54:59.438830
3392,kyc_started,2026-03-09 02:54:59.438830
3392,kyc_completed,2026-03-12 16:54:59.438830
3393,app_opened,2026-03-22 04:54:59.438854
3394,app_opened,2026-04-12 04:54:59.438861
3395,app_opened,2026-03-14 04:54:59.438868
3395,account_created,2026-03-14 21:54:59.438868
3396,app_opened,2026-03-14 10:54:59.438878
3396,account_created,2026-03-15 08:54:59.438878
3396,kyc_started,2026-03-16 01:54:59.438878
3397,app_opened,2026-04-13 00:54:59.438895
3397,account_created,2026-04-13 00:54:59.438895
3397,kyc_started,2026-04-13 01:54:59.438895
3397,kyc_completed,2026-04-16 05:54:59.438895
3397,deposit_made,2026-04-17 15:54:59.438895
3397,transaction_made,2026-04-18 02:54:59.438895
3398,app_opened,2026-04-09 05:54:59.438918
3399,app_opened,2026-03-07 18:54:59.438927
3399,account_created,2026-03-07 09:54:59.438927
3399,kyc_started,2026-03-09 01:54:59.438927
3399,kyc_completed,2026-03-10 16:54:59.438927
3400,app_opened,2026-03-28 16:54:59.438944
3401,app_opened,2026-03-06 15:54:59.438951
3401,account_created,2026-03-08 00:54:59.438951
3401,kyc_started,2026-03-10 04:54:59.438951
3401,kyc_completed,2026-03-11 10:54:59.438951
3401,deposit_made,2026-03-12 18:54:59.438951
3401,transaction_made,2026-03-13 00:54:59.438951
3401,credit_product_viewed,2026-03-19 00:54:59.438951
3401,credit_application_started,2026-03-19 04:54:59.438951
3401,credit_application_completed,2026-03-19 07:54:59.438951
3402,app_opened,2026-03-13 06:54:59.438986
3402,account_created,2026-03-12 11:54:59.438986
3402,kyc_started,2026-03-14 06:54:59.438986
3403,app_opened,2026-03-12 04:54:59.438999
3403,account_created,2026-03-12 22:54:59.438999
3403,kyc_started,2026-03-15 12:54:59.438999
3403,kyc_completed,2026-03-18 22:54:59.438999
3403,deposit_made,2026-03-19 18:54:59.438999
3403,transaction_made,2026-03-20 04:54:59.438999
3404,app_opened,2026-03-29 17:54:59.439023
3404,account_created,2026-03-30 03:54:59.439023
3404,kyc_started,2026-03-30 04:54:59.439023
3405,app_opened,2026-03-17 22:54:59.439036
3405,account_created,2026-03-19 08:54:59.439036
3406,app_opened,2026-03-22 13:54:59.439051
3406,account_created,2026-03-23 05:54:59.439051
3407,app_opened,2026-04-18 07:54:59.439061
3407,account_created,2026-04-18 11:54:59.439061
3407,kyc_started,2026-04-18 21:54:59.439061
3408,app_opened,2026-03-08 10:54:59.439075
3409,app_opened,2026-03-05 02:54:59.439081
3410,app_opened,2026-03-26 11:54:59.439088
3410,account_created,2026-03-27 00:54:59.439088
3411,app_opened,2026-04-08 02:54:59.439099
3411,account_created,2026-04-07 14:54:59.439099
3411,kyc_started,2026-04-09 16:54:59.439099
3411,kyc_completed,2026-04-12 00:54:59.439099
3411,deposit_made,2026-04-12 05:54:59.439099
3411,transaction_made,2026-04-12 17:54:59.439099
3412,app_opened,2026-03-26 20:54:59.439124
3412,account_created,2026-03-26 14:54:59.439124
3413,app_opened,2026-04-11 19:54:59.439134
3414,app_opened,2026-03-20 17:54:59.439141
3414,account_created,2026-03-22 00:54:59.439141
3414,kyc_started,2026-03-23 23:54:59.439141
3414,kyc_completed,2026-03-28 12:54:59.439141
3414,deposit_made,2026-03-29 14:54:59.439141
3414,transaction_made,2026-03-30 06:54:59.439141
3415,app_opened,2026-04-17 10:54:59.439165
3415,account_created,2026-04-18 22:54:59.439165
3415,kyc_started,2026-04-19 00:54:59.439165
3416,app_opened,2026-03-28 18:54:59.439178
3416,account_created,2026-03-29 02:54:59.439178
3417,app_opened,2026-04-03 04:54:59.439209
3418,app_opened,2026-03-04 02:54:59.439216
3418,account_created,2026-03-03 14:54:59.439216
3419,app_opened,2026-04-17 06:54:59.439226
3419,account_created,2026-04-17 09:54:59.439226
3419,kyc_started,2026-04-18 06:54:59.439226
3420,app_opened,2026-04-15 16:54:59.439239
3420,account_created,2026-04-16 19:54:59.439239
3420,kyc_started,2026-04-18 07:54:59.439239
3421,app_opened,2026-03-05 08:54:59.439253
3421,account_created,2026-03-05 13:54:59.439253
3421,kyc_started,2026-03-05 15:54:59.439253
3421,kyc_completed,2026-03-08 08:54:59.439253
3421,deposit_made,2026-03-10 05:54:59.439253
3421,transaction_made,2026-03-10 18:54:59.439253
3421,credit_product_viewed,2026-03-17 18:54:59.439253
3421,credit_application_started,2026-03-19 16:54:59.439253
3421,credit_application_cancelled,2026-03-19 23:54:59.439253
3422,app_opened,2026-04-02 19:54:59.439288
3422,account_created,2026-04-02 17:54:59.439288
3422,kyc_started,2026-04-03 18:54:59.439288
3423,app_opened,2026-03-19 18:54:59.439302
3423,account_created,2026-03-19 10:54:59.439302
3423,kyc_started,2026-03-22 03:54:59.439302
3424,app_opened,2026-03-22 00:54:59.439315
3424,account_created,2026-03-23 07:54:59.439315
3425,app_opened,2026-03-14 00:54:59.439326
3426,app_opened,2026-04-16 04:54:59.439341
3426,account_created,2026-04-17 04:54:59.439341
3427,app_opened,2026-03-11 07:54:59.439351
3427,account_created,2026-03-11 19:54:59.439351
3428,app_opened,2026-03-05 05:54:59.439362
3429,app_opened,2026-03-30 16:54:59.439368
3429,account_created,2026-03-30 21:54:59.439368
3429,kyc_started,2026-03-31 16:54:59.439368
3430,app_opened,2026-03-24 12:54:59.439382
3430,account_created,2026-03-25 19:54:59.439382
3430,kyc_started,2026-03-27 15:54:59.439382
3430,kyc_completed,2026-03-30 10:54:59.439382
3430,deposit_made,2026-03-31 12:54:59.439382
3430,transaction_made,2026-04-01 10:54:59.439382
3430,credit_product_viewed,2026-04-11 10:54:59.439382
3430,credit_application_started,2026-04-13 04:54:59.439382
3430,credit_application_cancelled,2026-04-13 14:54:59.439382
3431,app_opened,2026-03-20 06:54:59.439414
3431,account_created,2026-03-19 19:54:59.439414
3431,kyc_started,2026-03-21 12:54:59.439414
3431,kyc_completed,2026-03-25 00:54:59.439414
3432,app_opened,2026-03-19 00:54:59.439434
3433,app_opened,2026-03-26 07:54:59.439443
3433,account_created,2026-03-26 15:54:59.439443
3434,app_opened,2026-04-15 02:54:59.439453
3434,account_created,2026-04-16 04:54:59.439453
3435,app_opened,2026-03-08 15:54:59.439463
3435,account_created,2026-03-08 13:54:59.439463
3435,kyc_started,2026-03-08 23:54:59.439463
3436,app_opened,2026-03-12 19:54:59.439480
3436,account_created,2026-03-13 21:54:59.439480
3436,kyc_started,2026-03-16 12:54:59.439480
3437,app_opened,2026-03-22 13:54:59.439493
3438,app_opened,2026-04-06 16:54:59.439500
3438,account_created,2026-04-07 21:54:59.439500
3438,kyc_started,2026-04-07 22:54:59.439500
3438,kyc_completed,2026-04-08 23:54:59.439500
3438,deposit_made,2026-04-10 00:54:59.439500
3438,transaction_made,2026-04-10 18:54:59.439500
3439,app_opened,2026-04-09 20:54:59.439526
3439,account_created,2026-04-10 20:54:59.439526
3440,app_opened,2026-04-17 15:54:59.439536
3441,app_opened,2026-03-15 21:54:59.439543
3441,account_created,2026-03-15 12:54:59.439543
3441,kyc_started,2026-03-15 18:54:59.439543
3441,kyc_completed,2026-03-18 00:54:59.439543
3441,deposit_made,2026-03-18 01:54:59.439543
3441,transaction_made,2026-03-18 06:54:59.439543
3442,app_opened,2026-03-07 11:54:59.439566
3442,account_created,2026-03-08 12:54:59.439566
3442,kyc_started,2026-03-08 14:54:59.439566
3443,app_opened,2026-03-11 12:54:59.439585
3443,account_created,2026-03-11 22:54:59.439585
3443,kyc_started,2026-03-12 14:54:59.439585
3444,app_opened,2026-04-15 08:54:59.439599
3444,account_created,2026-04-14 10:54:59.439599
3444,kyc_started,2026-04-15 04:54:59.439599
3444,kyc_completed,2026-04-17 13:54:59.439599
3444,deposit_made,2026-04-19 10:54:59.439599
3444,transaction_made,2026-04-20 01:54:59.439599
3445,app_opened,2026-03-12 23:54:59.439623
3445,account_created,2026-03-13 08:54:59.439623
3445,kyc_started,2026-03-13 23:54:59.439623
3445,kyc_completed,2026-03-15 22:54:59.439623
3446,app_opened,2026-04-15 10:54:59.439640
3446,account_created,2026-04-16 19:54:59.439640
3446,kyc_started,2026-04-17 13:54:59.439640
3447,app_opened,2026-03-19 20:54:59.439657
3448,app_opened,2026-03-17 18:54:59.439664
3448,account_created,2026-03-18 01:54:59.439664
3449,app_opened,2026-03-09 03:54:59.439674
3450,app_opened,2026-04-15 19:54:59.439681
3450,account_created,2026-04-16 20:54:59.439681
3451,app_opened,2026-03-31 07:54:59.439692
3451,account_created,2026-03-31 06:54:59.439692
3451,kyc_started,2026-03-31 18:54:59.439692
3451,kyc_completed,2026-04-01 20:54:59.439692
3452,app_opened,2026-04-11 07:54:59.439708
3452,account_created,2026-04-11 09:54:59.439708
3452,kyc_started,2026-04-13 06:54:59.439708
3452,kyc_completed,2026-04-15 18:54:59.439708
3453,app_opened,2026-03-30 19:54:59.439725
3453,account_created,2026-03-31 10:54:59.439725
3453,kyc_started,2026-04-01 08:54:59.439725
3453,kyc_completed,2026-04-05 23:54:59.439725
3453,deposit_made,2026-04-06 07:54:59.439725
3453,transaction_made,2026-04-06 23:54:59.439725
3453,credit_product_viewed,2026-04-18 23:54:59.439725
3453,credit_application_started,2026-04-20 02:54:59.439725
3453,credit_application_completed,2026-04-20 10:54:59.439725
3454,app_opened,2026-03-22 12:54:59.439760
3454,account_created,2026-03-22 17:54:59.439760
3454,kyc_started,2026-03-25 00:54:59.439760
3454,kyc_completed,2026-03-26 01:54:59.439760
3454,deposit_made,2026-03-27 18:54:59.439760
3454,transaction_made,2026-03-28 08:54:59.439760
3455,app_opened,2026-03-23 09:54:59.439784
3455,account_created,2026-03-24 07:54:59.439784
3456,app_opened,2026-04-13 20:54:59.439794
3456,account_created,2026-04-13 10:54:59.439794
3456,kyc_started,2026-04-14 12:54:59.439794
3457,app_opened,2026-04-13 23:54:59.439810
3457,account_created,2026-04-15 07:54:59.439810
3457,kyc_started,2026-04-15 19:54:59.439810
3457,kyc_completed,2026-04-17 07:54:59.439810
3457,deposit_made,2026-04-17 11:54:59.439810
3457,transaction_made,2026-04-18 02:54:59.439810
3458,app_opened,2026-03-25 13:54:59.439833
3458,account_created,2026-03-26 04:54:59.439833
3458,kyc_started,2026-03-27 12:54:59.439833
3458,kyc_completed,2026-03-30 03:54:59.439833
3458,deposit_made,2026-03-30 20:54:59.439833
3458,transaction_made,2026-03-31 09:54:59.439833
3459,app_opened,2026-03-25 15:54:59.439866
3459,account_created,2026-03-26 05:54:59.439866
3459,kyc_started,2026-03-28 17:54:59.439866
3459,kyc_completed,2026-03-31 09:54:59.439866
3460,app_opened,2026-04-11 03:54:59.439885
3461,app_opened,2026-04-13 05:54:59.439892
3462,app_opened,2026-03-09 03:54:59.439899
3462,account_created,2026-03-09 12:54:59.439899
3463,app_opened,2026-03-30 07:54:59.439909
3463,account_created,2026-03-29 22:54:59.439909
3463,kyc_started,2026-04-01 00:54:59.439909
3464,app_opened,2026-03-13 16:54:59.439923
3464,account_created,2026-03-14 05:54:59.439923
3465,app_opened,2026-03-17 17:54:59.439933
3465,account_created,2026-03-18 20:54:59.439933
3465,kyc_started,2026-03-21 19:54:59.439933
3466,app_opened,2026-03-26 06:54:59.439946
3466,account_created,2026-03-25 20:54:59.439946
3467,app_opened,2026-03-05 00:54:59.439957
3467,account_created,2026-03-06 07:54:59.439957
3467,kyc_started,2026-03-07 17:54:59.439957
3467,kyc_completed,2026-03-08 17:54:59.439957
3468,app_opened,2026-04-12 03:54:59.439973
3468,account_created,2026-04-11 10:54:59.439973
3468,kyc_started,2026-04-13 18:54:59.439973
3468,kyc_completed,2026-04-15 21:54:59.439973
3468,deposit_made,2026-04-16 07:54:59.439973
3468,transaction_made,2026-04-17 03:54:59.439973
3469,app_opened,2026-04-05 06:54:59.439997
3469,account_created,2026-04-05 21:54:59.439997
3470,app_opened,2026-03-23 18:54:59.440007
3470,account_created,2026-03-23 20:54:59.440007
3471,app_opened,2026-04-09 19:54:59.440017
3471,account_created,2026-04-09 19:54:59.440017
3472,app_opened,2026-03-19 21:54:59.440030
3472,account_created,2026-03-20 22:54:59.440030
3472,kyc_started,2026-03-22 08:54:59.440030
3472,kyc_completed,2026-03-25 20:54:59.440030
3473,app_opened,2026-03-10 07:54:59.440046
3473,account_created,2026-03-11 07:54:59.440046
3473,kyc_started,2026-03-13 03:54:59.440046
3474,app_opened,2026-04-15 13:54:59.440060
3474,account_created,2026-04-15 20:54:59.440060
3474,kyc_started,2026-04-16 09:54:59.440060
3474,kyc_completed,2026-04-17 09:54:59.440060
3474,deposit_made,2026-04-19 01:54:59.440060
3474,transaction_made,2026-04-19 07:54:59.440060
3475,app_opened,2026-03-30 13:54:59.440083
3475,account_created,2026-03-31 04:54:59.440083
3475,kyc_started,2026-03-31 14:54:59.440083
3476,app_opened,2026-03-15 13:54:59.440101
3477,app_opened,2026-04-18 06:54:59.440108
3477,account_created,2026-04-18 05:54:59.440108
3478,app_opened,2026-03-27 17:54:59.440118
3478,account_created,2026-03-27 17:54:59.440118
3479,app_opened,2026-04-14 23:54:59.440128
3479,account_created,2026-04-15 21:54:59.440128
3479,kyc_started,2026-04-16 06:54:59.440128
3479,kyc_completed,2026-04-18 10:54:59.440128
3479,deposit_made,2026-04-18 11:54:59.440128
3479,transaction_made,2026-04-19 00:54:59.440128
3480,app_opened,2026-04-02 15:54:59.440152
3480,account_created,2026-04-02 20:54:59.440152
3481,app_opened,2026-03-22 05:54:59.440162
3481,account_created,2026-03-21 18:54:59.440162
3482,app_opened,2026-03-17 23:54:59.440175
3482,account_created,2026-03-17 22:54:59.440175
3482,kyc_started,2026-03-18 08:54:59.440175
3482,kyc_completed,2026-03-23 04:54:59.440175
3483,app_opened,2026-04-15 21:54:59.440192
3483,account_created,2026-04-16 04:54:59.440192
3484,app_opened,2026-04-16 23:54:59.440202
3484,account_created,2026-04-17 20:54:59.440202
3484,kyc_started,2026-04-19 03:54:59.440202
3484,kyc_completed,2026-04-20 07:54:59.440202
3484,deposit_made,2026-04-21 04:54:59.440202
3484,transaction_made,2026-04-21 21:54:59.440202
3485,app_opened,2026-04-10 05:54:59.440225
3485,account_created,2026-04-11 07:54:59.440225
3486,app_opened,2026-03-09 00:54:59.440237
3486,account_created,2026-03-09 04:54:59.440237
3487,app_opened,2026-04-10 00:54:59.440247
3487,account_created,2026-04-11 04:54:59.440247
3487,kyc_started,2026-04-13 12:54:59.440247
3487,kyc_completed,2026-04-16 10:54:59.440247
3488,app_opened,2026-03-21 23:54:59.440266
3488,account_created,2026-03-22 08:54:59.440266
3488,kyc_started,2026-03-22 09:54:59.440266
3489,app_opened,2026-03-21 14:54:59.440280
3489,account_created,2026-03-21 11:54:59.440280
3489,kyc_started,2026-03-23 15:54:59.440280
3489,kyc_completed,2026-03-27 08:54:59.440280
3490,app_opened,2026-03-27 05:54:59.440297
3490,account_created,2026-03-27 10:54:59.440297
3491,app_opened,2026-04-01 22:54:59.440307
3491,account_created,2026-04-02 03:54:59.440307
3491,kyc_started,2026-04-03 14:54:59.440307
3491,kyc_completed,2026-04-07 04:54:59.440307
3492,app_opened,2026-04-04 12:54:59.440641
3492,account_created,2026-04-04 22:54:59.440641
3493,app_opened,2026-03-05 03:54:59.440654
3493,account_created,2026-03-06 08:54:59.440654
3493,kyc_started,2026-03-09 06:54:59.440654
3494,app_opened,2026-03-10 11:54:59.440668
3494,account_created,2026-03-12 06:54:59.440668
3494,kyc_started,2026-03-12 11:54:59.440668
3494,kyc_completed,2026-03-16 18:54:59.440668
3495,app_opened,2026-03-28 09:54:59.440685
3496,app_opened,2026-03-11 07:54:59.440692
3496,account_created,2026-03-10 22:54:59.440692
3496,kyc_started,2026-03-13 04:54:59.440692
3497,app_opened,2026-03-21 18:54:59.440705
3497,account_created,2026-03-21 17:54:59.440705
3498,app_opened,2026-03-11 17:54:59.440715
3499,app_opened,2026-04-11 13:54:59.440726
3499,account_created,2026-04-13 06:54:59.440726
3499,kyc_started,2026-04-16 03:54:59.440726
3500,app_opened,2026-04-14 06:54:59.440740
3501,app_opened,2026-04-11 19:54:59.440747
3501,account_created,2026-04-12 20:54:59.440747
3502,app_opened,2026-04-03 17:54:59.440757
3502,account_created,2026-04-05 05:54:59.440757
3502,kyc_started,2026-04-07 15:54:59.440757
3502,kyc_completed,2026-04-12 08:54:59.440757
3503,app_opened,2026-04-07 13:54:59.440774
3504,app_opened,2026-03-12 01:54:59.440781
3504,account_created,2026-03-12 04:54:59.440781
3505,app_opened,2026-03-29 14:54:59.440791
3505,account_created,2026-03-31 01:54:59.440791
3505,kyc_started,2026-04-02 04:54:59.440791
3506,app_opened,2026-03-17 07:54:59.440808
3506,account_created,2026-03-17 17:54:59.440808
3507,app_opened,2026-03-15 13:54:59.440818
3508,app_opened,2026-04-09 15:54:59.440825
3508,account_created,2026-04-11 02:54:59.440825
3508,kyc_started,2026-04-13 16:54:59.440825
3508,kyc_completed,2026-04-18 04:54:59.440825
3509,app_opened,2026-03-30 11:54:59.440850
3509,account_created,2026-03-30 12:54:59.440850
3509,kyc_started,2026-03-30 22:54:59.440850
3510,app_opened,2026-04-06 07:54:59.440863
3510,account_created,2026-04-06 21:54:59.440863
3510,kyc_started,2026-04-09 01:54:59.440863
3510,kyc_completed,2026-04-14 00:54:59.440863
3511,app_opened,2026-03-11 02:54:59.440880
3512,app_opened,2026-03-31 21:54:59.440887
3512,account_created,2026-04-02 04:54:59.440887
3512,kyc_started,2026-04-04 11:54:59.440887
3513,app_opened,2026-03-09 17:54:59.440901
3513,account_created,2026-03-10 09:54:59.440901
3513,kyc_started,2026-03-13 07:54:59.440901
3513,kyc_completed,2026-03-14 07:54:59.440901
3514,app_opened,2026-03-20 13:54:59.440917
3514,account_created,2026-03-20 16:54:59.440917
3514,kyc_started,2026-03-23 14:54:59.440917
3514,kyc_completed,2026-03-25 08:54:59.440917
3514,deposit_made,2026-03-26 09:54:59.440917
3514,transaction_made,2026-03-26 10:54:59.440917
3514,credit_product_viewed,2026-04-01 10:54:59.440917
3514,credit_application_started,2026-04-02 09:54:59.440917
3514,credit_application_cancelled,2026-04-03 09:54:59.440917
3515,app_opened,2026-03-21 06:54:59.440953
3515,account_created,2026-03-21 02:54:59.440953
3515,kyc_started,2026-03-23 21:54:59.440953
3516,app_opened,2026-03-28 19:54:59.440967
3516,account_created,2026-03-29 07:54:59.440967
3517,app_opened,2026-03-26 12:54:59.440977
3518,app_opened,2026-04-06 17:54:59.440984
3518,account_created,2026-04-07 02:54:59.440984
3518,kyc_started,2026-04-07 09:54:59.440984
3518,kyc_completed,2026-04-10 18:54:59.440984
3518,deposit_made,2026-04-11 21:54:59.440984
3519,app_opened,2026-04-09 18:54:59.441007
3519,account_created,2026-04-10 07:54:59.441007
3519,kyc_started,2026-04-12 08:54:59.441007
3519,kyc_completed,2026-04-15 01:54:59.441007
3519,deposit_made,2026-04-15 13:54:59.441007
3520,app_opened,2026-03-29 17:54:59.441029
3520,account_created,2026-03-30 17:54:59.441029
3520,kyc_started,2026-04-02 06:54:59.441029
3521,app_opened,2026-04-17 13:54:59.441043
3521,account_created,2026-04-17 21:54:59.441043
3521,kyc_started,2026-04-20 02:54:59.441043
3522,app_opened,2026-03-21 09:54:59.441057
3522,account_created,2026-03-21 23:54:59.441057
3523,app_opened,2026-03-18 10:54:59.441067
3523,account_created,2026-03-19 13:54:59.441067
3523,kyc_started,2026-03-20 21:54:59.441067
3523,kyc_completed,2026-03-22 02:54:59.441067
3524,app_opened,2026-03-29 17:54:59.441084
3524,account_created,2026-03-29 22:54:59.441084
3524,kyc_started,2026-04-01 03:54:59.441084
3524,kyc_completed,2026-04-02 08:54:59.441084
3525,app_opened,2026-03-28 08:54:59.441103
3525,account_created,2026-03-29 00:54:59.441103
3526,app_opened,2026-04-03 09:54:59.441113
3527,app_opened,2026-04-01 08:54:59.441120
3527,account_created,2026-04-01 02:54:59.441120
3527,kyc_started,2026-04-01 04:54:59.441120
3527,kyc_completed,2026-04-04 11:54:59.441120
3528,app_opened,2026-03-11 00:54:59.441137
3528,account_created,2026-03-11 21:54:59.441137
3529,app_opened,2026-04-09 17:54:59.441148
3529,account_created,2026-04-09 18:54:59.441148
3529,kyc_started,2026-04-10 09:54:59.441148
3529,kyc_completed,2026-04-13 10:54:59.441148
3530,app_opened,2026-03-15 09:54:59.441164
3530,account_created,2026-03-15 11:54:59.441164
3530,kyc_started,2026-03-17 09:54:59.441164
3531,app_opened,2026-03-25 07:54:59.441178
3531,account_created,2026-03-25 17:54:59.441178
3532,app_opened,2026-04-18 03:54:59.441188
3532,account_created,2026-04-19 01:54:59.441188
3532,kyc_started,2026-04-20 06:54:59.441188
3532,kyc_completed,2026-04-24 20:54:59.441188
3532,deposit_made,2026-04-25 18:54:59.441188
3532,transaction_made,2026-04-26 15:54:59.441188
3533,app_opened,2026-04-15 13:54:59.441211
3533,account_created,2026-04-16 12:54:59.441211
3533,kyc_started,2026-04-17 21:54:59.441211
3533,kyc_completed,2026-04-22 08:54:59.441211
3534,app_opened,2026-04-15 16:54:59.441228
3535,app_opened,2026-03-27 01:54:59.441235
3535,account_created,2026-03-26 17:54:59.441235
3535,kyc_started,2026-03-28 05:54:59.441235
3536,app_opened,2026-04-16 23:54:59.441251
3536,account_created,2026-04-17 04:54:59.441251
3536,kyc_started,2026-04-18 10:54:59.441251
3536,kyc_completed,2026-04-23 09:54:59.441251
3536,deposit_made,2026-04-24 15:54:59.441251
3536,transaction_made,2026-04-25 09:54:59.441251
3537,app_opened,2026-03-26 04:54:59.441274
3537,account_created,2026-03-25 16:54:59.441274
3537,kyc_started,2026-03-26 01:54:59.441274
3537,kyc_completed,2026-03-29 07:54:59.441274
3538,app_opened,2026-03-06 01:54:59.441291
3538,account_created,2026-03-05 21:54:59.441291
3538,kyc_started,2026-03-08 16:54:59.441291
3539,app_opened,2026-04-10 04:54:59.441305
3539,account_created,2026-04-11 02:54:59.441305
3539,kyc_started,2026-04-13 05:54:59.441305
3540,app_opened,2026-03-31 12:54:59.441321
3540,account_created,2026-03-31 19:54:59.441321
3540,kyc_started,2026-04-02 00:54:59.441321
3540,kyc_completed,2026-04-05 06:54:59.441321
3540,deposit_made,2026-04-07 00:54:59.441321
3540,transaction_made,2026-04-07 18:54:59.441321
3541,app_opened,2026-03-09 17:54:59.442043
3541,account_created,2026-03-10 11:54:59.442043
3542,app_opened,2026-03-31 01:54:59.442056
3542,account_created,2026-03-31 13:54:59.442056
3542,kyc_started,2026-03-31 14:54:59.442056
3542,kyc_completed,2026-04-02 13:54:59.442056
3543,app_opened,2026-04-05 06:54:59.442074
3544,app_opened,2026-03-05 11:54:59.442081
3544,account_created,2026-03-06 18:54:59.442081
3545,app_opened,2026-04-12 23:54:59.442098
3545,account_created,2026-04-12 18:54:59.442098
3545,kyc_started,2026-04-13 13:54:59.442098
3546,app_opened,2026-03-25 19:54:59.442113
3546,account_created,2026-03-26 11:54:59.442113
3546,kyc_started,2026-03-26 14:54:59.442113
3547,app_opened,2026-04-08 16:54:59.442126
3547,account_created,2026-04-10 07:54:59.442126
3547,kyc_started,2026-04-12 20:54:59.442126
3547,kyc_completed,2026-04-17 03:54:59.442126
3548,app_opened,2026-03-11 09:54:59.442146
3549,app_opened,2026-04-07 16:54:59.442153
3549,account_created,2026-04-08 21:54:59.442153
3549,kyc_started,2026-04-11 04:54:59.442153
3549,kyc_completed,2026-04-13 14:54:59.442153
3550,app_opened,2026-03-04 02:54:59.442171
3550,account_created,2026-03-04 13:54:59.442171
3550,kyc_started,2026-03-07 12:54:59.442171
3550,kyc_completed,2026-03-10 23:54:59.442171
3551,app_opened,2026-03-11 19:54:59.442187
3551,account_created,2026-03-11 13:54:59.442187
3551,kyc_started,2026-03-13 22:54:59.442187
3551,kyc_completed,2026-03-16 14:54:59.442187
3551,deposit_made,2026-03-18 04:54:59.442187
3551,transaction_made,2026-03-18 22:54:59.442187
3552,app_opened,2026-03-05 10:54:59.442211
3552,account_created,2026-03-07 08:54:59.442211
3552,kyc_started,2026-03-10 02:54:59.442211
3552,kyc_completed,2026-03-14 04:54:59.442211
3552,deposit_made,2026-03-15 12:54:59.442211
3552,transaction_made,2026-03-16 06:54:59.442211
3553,app_opened,2026-03-26 01:54:59.442237
3554,app_opened,2026-03-04 05:54:59.442244
3554,account_created,2026-03-04 10:54:59.442244
3555,app_opened,2026-04-05 01:54:59.442254
3555,account_created,2026-04-05 17:54:59.442254
3555,kyc_started,2026-04-06 20:54:59.442254
3555,kyc_completed,2026-04-08 15:54:59.442254
3556,app_opened,2026-03-06 00:54:59.442271
3556,account_created,2026-03-05 18:54:59.442271
3556,kyc_started,2026-03-07 22:54:59.442271
3557,app_opened,2026-04-06 12:54:59.442284
3558,app_opened,2026-03-07 04:54:59.442291
3558,account_created,2026-03-07 06:54:59.442291
3559,app_opened,2026-03-14 02:54:59.442301
3559,account_created,2026-03-14 21:54:59.442301
3559,kyc_started,2026-03-17 19:54:59.442301
3559,kyc_completed,2026-03-20 20:54:59.442301
3560,app_opened,2026-04-12 01:54:59.442318
3560,account_created,2026-04-11 10:54:59.442318
3560,kyc_started,2026-04-14 01:54:59.442318
3560,kyc_completed,2026-04-17 04:54:59.442318
3560,deposit_made,2026-04-18 19:54:59.442318
3560,transaction_made,2026-04-18 23:54:59.442318
3560,credit_product_viewed,2026-04-28 23:54:59.442318
3560,credit_application_started,2026-04-29 08:54:59.442318
3560,credit_application_completed,2026-04-29 13:54:59.442318
3561,app_opened,2026-03-12 02:54:59.442381
3561,account_created,2026-03-12 20:54:59.442381
3561,kyc_started,2026-03-14 02:54:59.442381
3561,kyc_completed,2026-03-18 20:54:59.442381
3562,app_opened,2026-03-22 06:54:59.442398
3562,account_created,2026-03-22 14:54:59.442398
3563,app_opened,2026-04-03 07:54:59.442411
3563,account_created,2026-04-03 11:54:59.442411
3563,kyc_started,2026-04-05 22:54:59.442411
3563,kyc_completed,2026-04-09 02:54:59.442411
3564,app_opened,2026-04-03 15:54:59.442428
3564,account_created,2026-04-05 05:54:59.442428
3564,kyc_started,2026-04-07 20:54:59.442428
3564,kyc_completed,2026-04-12 18:54:59.442428
3564,deposit_made,2026-04-13 05:54:59.442428
3565,app_opened,2026-03-06 15:54:59.442448
3565,account_created,2026-03-07 06:54:59.442448
3565,kyc_started,2026-03-07 12:54:59.442448
3566,app_opened,2026-03-28 23:54:59.442462
3566,account_created,2026-03-28 11:54:59.442462
3566,kyc_started,2026-03-28 23:54:59.442462
3566,kyc_completed,2026-04-02 06:54:59.442462
3567,app_opened,2026-04-04 01:54:59.442479
3567,account_created,2026-04-04 02:54:59.442479
3567,kyc_started,2026-04-05 18:54:59.442479
3567,kyc_completed,2026-04-09 11:54:59.442479
3568,app_opened,2026-04-11 11:54:59.442495
3568,account_created,2026-04-12 04:54:59.442495
3569,app_opened,2026-04-15 05:54:59.442513
3570,app_opened,2026-04-11 13:54:59.442520
3571,app_opened,2026-03-07 19:54:59.442527
3572,app_opened,2026-04-05 21:54:59.442534
3572,account_created,2026-04-06 13:54:59.442534
3572,kyc_started,2026-04-08 16:54:59.442534
3573,app_opened,2026-03-15 04:54:59.442548
3573,account_created,2026-03-14 11:54:59.442548
3573,kyc_started,2026-03-16 20:54:59.442548
3574,app_opened,2026-03-21 04:54:59.442563
3574,account_created,2026-03-20 12:54:59.442563
3575,app_opened,2026-04-08 16:54:59.442573
3575,account_created,2026-04-09 04:54:59.442573
3576,app_opened,2026-03-08 17:54:59.442584
3576,account_created,2026-03-09 17:54:59.442584
3576,kyc_started,2026-03-11 22:54:59.442584
3577,app_opened,2026-03-12 18:54:59.442597
3577,account_created,2026-03-12 23:54:59.442597
3578,app_opened,2026-03-22 08:54:59.442607
3579,app_opened,2026-03-29 09:54:59.442614
3579,account_created,2026-03-29 22:54:59.442614
3580,app_opened,2026-03-09 19:54:59.442624
3580,account_created,2026-03-10 16:54:59.442624
3580,kyc_started,2026-03-11 19:54:59.442624
3581,app_opened,2026-03-27 03:54:59.442638
3582,app_opened,2026-03-25 23:54:59.442644
3582,account_created,2026-03-25 19:54:59.442644
3582,kyc_started,2026-03-26 14:54:59.442644
3583,app_opened,2026-04-03 12:54:59.442676
3583,account_created,2026-04-04 20:54:59.442676
3584,app_opened,2026-04-05 07:54:59.442687
3584,account_created,2026-04-05 21:54:59.442687
3585,app_opened,2026-03-28 02:54:59.442697
3585,account_created,2026-03-29 06:54:59.442697
3585,kyc_started,2026-03-30 03:54:59.442697
3586,app_opened,2026-04-03 16:54:59.442710
3586,account_created,2026-04-03 14:54:59.442710
3586,kyc_started,2026-04-05 14:54:59.442710
3586,kyc_completed,2026-04-08 10:54:59.442710
3587,app_opened,2026-04-02 02:54:59.442727
3587,account_created,2026-04-02 12:54:59.442727
3588,app_opened,2026-04-16 23:54:59.442739
3589,app_opened,2026-03-29 18:54:59.442746
3589,account_created,2026-03-30 15:54:59.442746
3590,app_opened,2026-03-24 14:54:59.442757
3590,account_created,2026-03-25 07:54:59.442757
3591,app_opened,2026-03-12 20:54:59.442767
3591,account_created,2026-03-14 02:54:59.442767
3591,kyc_started,2026-03-16 17:54:59.442767
3591,kyc_completed,2026-03-20 23:54:59.442767
3591,deposit_made,2026-03-21 04:54:59.442767
3591,transaction_made,2026-03-21 15:54:59.442767
3591,credit_product_viewed,2026-03-24 15:54:59.442767
3591,credit_application_started,2026-03-25 02:54:59.442767
3591,credit_application_completed,2026-03-26 00:54:59.442767
3592,app_opened,2026-04-11 21:54:59.442800
3592,account_created,2026-04-11 13:54:59.442800
3592,kyc_started,2026-04-13 02:54:59.442800
3593,app_opened,2026-04-11 16:54:59.442813
3593,account_created,2026-04-12 04:54:59.442813
3594,app_opened,2026-03-07 00:54:59.442823
3594,account_created,2026-03-06 12:54:59.442823
3595,app_opened,2026-04-02 02:54:59.442833
3595,account_created,2026-04-02 16:54:59.442833
3596,app_opened,2026-03-30 09:54:59.442850
3596,account_created,2026-03-30 17:54:59.442850
3596,kyc_started,2026-03-31 10:54:59.442850
3596,kyc_completed,2026-04-02 22:54:59.442850
3597,app_opened,2026-04-02 15:54:59.442868
3597,account_created,2026-04-02 10:54:59.442868
3598,app_opened,2026-03-22 05:54:59.442879
3598,account_created,2026-03-23 08:54:59.442879
3598,kyc_started,2026-03-25 10:54:59.442879
3599,app_opened,2026-04-06 12:54:59.442895
3599,account_created,2026-04-06 21:54:59.442895
3599,kyc_started,2026-04-09 07:54:59.442895
3599,kyc_completed,2026-04-13 11:54:59.442895
3600,app_opened,2026-03-22 22:54:59.442912
3600,account_created,2026-03-22 13:54:59.442912
3600,kyc_started,2026-03-24 06:54:59.442912
3601,app_opened,2026-04-02 17:54:59.442925
3601,account_created,2026-04-02 11:54:59.442925
3601,kyc_started,2026-04-03 04:54:59.442925
3601,kyc_completed,2026-04-07 21:54:59.442925
3602,app_opened,2026-04-01 04:54:59.442945
3602,account_created,2026-03-31 11:54:59.442945
3602,kyc_started,2026-04-01 14:54:59.442945
3603,app_opened,2026-03-22 02:54:59.442958
3603,account_created,2026-03-22 11:54:59.442958
3603,kyc_started,2026-03-22 14:54:59.442958
3603,kyc_completed,2026-03-25 23:54:59.442958
3604,app_opened,2026-03-28 13:54:59.442978
3604,account_created,2026-03-29 02:54:59.442978
3605,app_opened,2026-04-10 17:54:59.442988
3605,account_created,2026-04-12 00:54:59.442988
3605,kyc_started,2026-04-13 08:54:59.442988
3606,app_opened,2026-03-26 11:54:59.443001
3606,account_created,2026-03-27 10:54:59.443001
3607,app_opened,2026-03-21 18:54:59.443012
3607,account_created,2026-03-22 09:54:59.443012
3608,app_opened,2026-04-11 02:54:59.443022
3608,account_created,2026-04-11 16:54:59.443022
3609,app_opened,2026-03-24 15:54:59.443032
3609,account_created,2026-03-25 22:54:59.443032
3610,app_opened,2026-03-27 08:54:59.443044
3611,app_opened,2026-03-25 04:54:59.443051
3611,account_created,2026-03-25 07:54:59.443051
3611,kyc_started,2026-03-26 04:54:59.443051
3612,app_opened,2026-03-18 06:54:59.443065
3612,account_created,2026-03-18 01:54:59.443065
3613,app_opened,2026-03-30 04:54:59.443075
3613,account_created,2026-03-29 22:54:59.443075
3614,app_opened,2026-03-13 19:54:59.443085
3614,account_created,2026-03-13 20:54:59.443085
3615,app_opened,2026-03-27 19:54:59.443095
3615,account_created,2026-03-29 07:54:59.443095
3616,app_opened,2026-03-31 18:54:59.443105
3617,app_opened,2026-04-02 02:54:59.443112
3617,account_created,2026-04-01 18:54:59.443112
3617,kyc_started,2026-04-04 15:54:59.443112
3617,kyc_completed,2026-04-05 15:54:59.443112
3617,deposit_made,2026-04-06 07:54:59.443112
3618,app_opened,2026-04-13 17:54:59.443133
3619,app_opened,2026-03-31 21:54:59.443140
3619,account_created,2026-04-02 05:54:59.443140
3619,kyc_started,2026-04-04 19:54:59.443140
3619,kyc_completed,2026-04-06 20:54:59.443140
3619,deposit_made,2026-04-07 02:54:59.443140
3619,transaction_made,2026-04-08 01:54:59.443140
3620,app_opened,2026-03-20 01:54:59.443163
3620,account_created,2026-03-20 22:54:59.443163
3621,app_opened,2026-04-04 11:54:59.443173
3621,account_created,2026-04-06 05:54:59.443173
3621,kyc_started,2026-04-06 07:54:59.443173
3621,kyc_completed,2026-04-08 19:54:59.443173
3621,deposit_made,2026-04-10 03:54:59.443173
3621,transaction_made,2026-04-10 17:54:59.443173
3621,credit_product_viewed,2026-04-14 17:54:59.443173
3621,credit_application_started,2026-04-14 21:54:59.443173
3621,credit_application_cancelled,2026-04-15 09:54:59.443173
3622,app_opened,2026-03-16 10:54:59.443208
3622,account_created,2026-03-18 07:54:59.443208
3622,kyc_started,2026-03-20 21:54:59.443208
3623,app_opened,2026-04-12 18:54:59.443222
3623,account_created,2026-04-12 14:54:59.443222
3623,kyc_started,2026-04-12 23:54:59.443222
3623,kyc_completed,2026-04-16 06:54:59.443222
3623,deposit_made,2026-04-17 09:54:59.443222
3623,transaction_made,2026-04-17 13:54:59.443222
3624,app_opened,2026-04-18 00:54:59.443245
3624,account_created,2026-04-17 13:54:59.443245
3624,kyc_started,2026-04-18 02:54:59.443245
3624,kyc_completed,2026-04-22 15:54:59.443245
3624,deposit_made,2026-04-24 01:54:59.443245
3624,transaction_made,2026-04-24 11:54:59.443245
3624,credit_product_viewed,2026-05-07 11:54:59.443245
3624,credit_application_started,2026-05-08 17:54:59.443245
3624,credit_application_cancelled,2026-05-09 07:54:59.443245
3625,app_opened,2026-03-08 02:54:59.443279
3625,account_created,2026-03-07 09:54:59.443279
3625,kyc_started,2026-03-09 16:54:59.443279
3626,app_opened,2026-03-06 15:54:59.443293
3626,account_created,2026-03-08 07:54:59.443293
3626,kyc_started,2026-03-09 17:54:59.443293
3626,kyc_completed,2026-03-14 16:54:59.443293
3626,deposit_made,2026-03-15 18:54:59.443293
3626,transaction_made,2026-03-16 00:54:59.443293
3626,credit_product_viewed,2026-03-19 00:54:59.443293
3626,credit_application_started,2026-03-20 09:54:59.443293
3626,credit_application_cancelled,2026-03-20 20:54:59.443293
3627,app_opened,2026-03-08 07:54:59.443342
3628,app_opened,2026-03-04 09:54:59.443348
3628,account_created,2026-03-04 17:54:59.443348
3628,kyc_started,2026-03-05 06:54:59.443348
3628,kyc_completed,2026-03-07 01:54:59.443348
3628,deposit_made,2026-03-08 04:54:59.443348
3628,transaction_made,2026-03-08 08:54:59.443348
3629,app_opened,2026-04-01 19:54:59.443366
3629,account_created,2026-04-02 21:54:59.443366
3629,kyc_started,2026-04-03 10:54:59.443366
3630,app_opened,2026-03-23 22:54:59.443377
3631,app_opened,2026-04-05 08:54:59.443383
3631,account_created,2026-04-04 17:54:59.443383
3631,kyc_started,2026-04-05 11:54:59.443383
3631,kyc_completed,2026-04-06 15:54:59.443383
3632,app_opened,2026-04-04 03:54:59.443397
3632,account_created,2026-04-05 03:54:59.443397
3632,kyc_started,2026-04-07 03:54:59.443397
3632,kyc_completed,2026-04-11 14:54:59.443397
3632,deposit_made,2026-04-13 09:54:59.443397
3632,transaction_made,2026-04-13 11:54:59.443397
3633,app_opened,2026-04-10 15:54:59.443417
3633,account_created,2026-04-11 04:54:59.443417
3633,kyc_started,2026-04-11 17:54:59.443417
3633,kyc_completed,2026-04-16 03:54:59.443417
3633,deposit_made,2026-04-16 15:54:59.443417
3633,transaction_made,2026-04-16 19:54:59.443417
3634,app_opened,2026-04-07 16:54:59.443436
3634,account_created,2026-04-08 01:54:59.443436
3634,kyc_started,2026-04-10 06:54:59.443436
3635,app_opened,2026-03-27 13:54:59.443451
3635,account_created,2026-03-27 20:54:59.443451
3635,kyc_started,2026-03-29 11:54:59.443451
3636,app_opened,2026-03-30 04:54:59.443463
3636,account_created,2026-03-29 09:54:59.443463
3636,kyc_started,2026-04-01 03:54:59.443463
3636,kyc_completed,2026-04-03 03:54:59.443463
3636,deposit_made,2026-04-05 03:54:59.443463
3636,transaction_made,2026-04-05 22:54:59.443463
3637,app_opened,2026-04-02 22:54:59.443482
3637,account_created,2026-04-04 01:54:59.443482
3637,kyc_started,2026-04-05 09:54:59.443482
3637,kyc_completed,2026-04-09 10:54:59.443482
3638,app_opened,2026-03-08 20:54:59.443497
3638,account_created,2026-03-09 15:54:59.443497
3639,app_opened,2026-03-26 21:54:59.443505
3639,account_created,2026-03-26 14:54:59.443505
3639,kyc_started,2026-03-27 13:54:59.443505
3640,app_opened,2026-03-23 20:54:59.443516
3640,account_created,2026-03-24 21:54:59.443516
3641,app_opened,2026-04-01 00:54:59.443528
3641,account_created,2026-04-01 09:54:59.443528
3642,app_opened,2026-03-25 16:54:59.443537
3643,app_opened,2026-03-16 10:54:59.443543
3643,account_created,2026-03-17 11:54:59.443543
3643,kyc_started,2026-03-18 01:54:59.443543
3643,kyc_completed,2026-03-21 00:54:59.443543
3643,deposit_made,2026-03-22 02:54:59.443543
3644,app_opened,2026-03-04 20:54:59.443560
3644,account_created,2026-03-05 13:54:59.443560
3645,app_opened,2026-03-31 21:54:59.443568
3645,account_created,2026-04-01 05:54:59.443568
3645,kyc_started,2026-04-03 01:54:59.443568
3645,kyc_completed,2026-04-07 03:54:59.443568
3646,app_opened,2026-03-04 22:54:59.443585
3646,account_created,2026-03-06 01:54:59.443585
3647,app_opened,2026-03-13 02:54:59.443595
3648,app_opened,2026-04-02 13:54:59.443600
3648,account_created,2026-04-04 06:54:59.443600
3649,app_opened,2026-03-25 00:54:59.443609
3650,app_opened,2026-04-08 18:54:59.443615
3650,account_created,2026-04-09 15:54:59.443615
3650,kyc_started,2026-04-12 02:54:59.443615
3651,app_opened,2026-03-04 22:54:59.443627
3652,app_opened,2026-03-09 02:54:59.443633
3653,app_opened,2026-03-28 17:54:59.443640
3653,account_created,2026-03-30 03:54:59.443640
3653,kyc_started,2026-04-02 02:54:59.443640
3653,kyc_completed,2026-04-07 01:54:59.443640
3653,deposit_made,2026-04-08 20:54:59.443640
3653,transaction_made,2026-04-09 10:54:59.443640
3654,app_opened,2026-03-24 08:54:59.443659
3654,account_created,2026-03-24 03:54:59.443659
3654,kyc_started,2026-03-25 10:54:59.443659
3655,app_opened,2026-03-15 06:54:59.443671
3655,account_created,2026-03-14 15:54:59.443671
3655,kyc_started,2026-03-15 20:54:59.443671
3656,app_opened,2026-03-16 11:54:59.443686
3656,account_created,2026-03-17 17:54:59.443686
3656,kyc_started,2026-03-20 05:54:59.443686
3656,kyc_completed,2026-03-22 12:54:59.443686
3656,deposit_made,2026-03-23 02:54:59.443686
3656,transaction_made,2026-03-23 15:54:59.443686
3656,credit_product_viewed,2026-04-04 15:54:59.443686
3656,credit_application_started,2026-04-05 02:54:59.443686
3656,credit_application_cancelled,2026-04-05 03:54:59.443686
3657,app_opened,2026-04-11 17:54:59.443718
3657,account_created,2026-04-12 12:54:59.443718
3658,app_opened,2026-03-14 07:54:59.443727
3658,account_created,2026-03-13 17:54:59.443727
3658,kyc_started,2026-03-15 05:54:59.443727
3658,kyc_completed,2026-03-16 20:54:59.443727
3658,deposit_made,2026-03-17 04:54:59.443727
3659,app_opened,2026-03-23 15:54:59.443745
3659,account_created,2026-03-24 04:54:59.443745
3660,app_opened,2026-03-20 21:54:59.443754
3660,account_created,2026-03-22 02:54:59.443754
3660,kyc_started,2026-03-22 21:54:59.443754
3661,app_opened,2026-03-08 14:54:59.443765
3661,account_created,2026-03-10 05:54:59.443765
3661,kyc_started,2026-03-12 09:54:59.443765
3661,kyc_completed,2026-03-14 09:54:59.443765
3662,app_opened,2026-03-19 13:54:59.443779
3662,account_created,2026-03-20 22:54:59.443779
3663,app_opened,2026-03-12 05:54:59.443792
3664,app_opened,2026-04-17 15:54:59.443798
3664,account_created,2026-04-18 21:54:59.443798
3664,kyc_started,2026-04-19 08:54:59.443798
3665,app_opened,2026-04-10 14:54:59.443810
3665,account_created,2026-04-12 05:54:59.443810
3666,app_opened,2026-03-03 18:54:59.443819
3666,account_created,2026-03-03 14:54:59.443819
3666,kyc_started,2026-03-06 00:54:59.443819
3667,app_opened,2026-04-16 22:54:59.443831
3667,account_created,2026-04-17 20:54:59.443831
3667,kyc_started,2026-04-19 15:54:59.443831
3667,kyc_completed,2026-04-21 05:54:59.443831
3667,deposit_made,2026-04-22 06:54:59.443831
3667,transaction_made,2026-04-22 18:54:59.443831
3668,app_opened,2026-03-12 09:54:59.443863
3668,account_created,2026-03-14 06:54:59.443863
3668,kyc_started,2026-03-15 17:54:59.443863
3669,app_opened,2026-04-15 11:54:59.443875
3669,account_created,2026-04-15 23:54:59.443875
3669,kyc_started,2026-04-17 10:54:59.443875
3669,kyc_completed,2026-04-21 23:54:59.443875
3669,deposit_made,2026-04-23 06:54:59.443875
3669,transaction_made,2026-04-23 13:54:59.443875
3670,app_opened,2026-04-01 02:54:59.443895
3670,account_created,2026-04-01 03:54:59.443895
3670,kyc_started,2026-04-04 01:54:59.443895
3671,app_opened,2026-04-01 11:54:59.443907
3671,account_created,2026-04-01 13:54:59.443907
3672,app_opened,2026-03-18 04:54:59.443917
3672,account_created,2026-03-17 13:54:59.443917
3673,app_opened,2026-03-14 11:54:59.443926
3673,account_created,2026-03-14 09:54:59.443926
3674,app_opened,2026-03-12 05:54:59.443935
3674,account_created,2026-03-13 03:54:59.443935
3674,kyc_started,2026-03-13 07:54:59.443935
3674,kyc_completed,2026-03-15 22:54:59.443935
3675,app_opened,2026-04-07 10:54:59.443949
3675,account_created,2026-04-08 20:54:59.443949
3676,app_opened,2026-03-22 22:54:59.443957
3677,app_opened,2026-03-24 02:54:59.443963
3678,app_opened,2026-04-14 04:54:59.443969
3678,account_created,2026-04-14 00:54:59.443969
3678,kyc_started,2026-04-14 16:54:59.443969
3679,app_opened,2026-04-05 17:54:59.443985
3679,account_created,2026-04-07 08:54:59.443985
3680,app_opened,2026-03-30 02:54:59.443994
3680,account_created,2026-03-29 18:54:59.443994
3681,app_opened,2026-04-04 19:54:59.444003
3681,account_created,2026-04-05 12:54:59.444003
3681,kyc_started,2026-04-08 02:54:59.444003
3681,kyc_completed,2026-04-12 15:54:59.444003
3681,deposit_made,2026-04-14 05:54:59.444003
3681,transaction_made,2026-04-14 23:54:59.444003
3682,app_opened,2026-04-12 19:54:59.444022
3682,account_created,2026-04-12 15:54:59.444022
3683,app_opened,2026-04-13 00:54:59.444034
3683,account_created,2026-04-12 17:54:59.444034
3684,app_opened,2026-04-12 03:54:59.444043
3684,account_created,2026-04-11 10:54:59.444043
3685,app_opened,2026-03-29 23:54:59.444051
3685,account_created,2026-03-29 09:54:59.444051
3685,kyc_started,2026-04-01 04:54:59.444051
3685,kyc_completed,2026-04-05 15:54:59.444051
3685,deposit_made,2026-04-05 21:54:59.444051
3685,transaction_made,2026-04-06 15:54:59.444051
3686,app_opened,2026-03-08 18:54:59.444073
3686,account_created,2026-03-09 16:54:59.444073
3687,app_opened,2026-04-14 04:54:59.444080
3687,account_created,2026-04-14 12:54:59.444080
3687,kyc_started,2026-04-17 06:54:59.444080
3687,kyc_completed,2026-04-20 06:54:59.444080
3687,deposit_made,2026-04-21 10:54:59.444080
3687,transaction_made,2026-04-21 13:54:59.444080
3687,credit_product_viewed,2026-05-04 13:54:59.444080
3687,credit_application_started,2026-05-04 19:54:59.444080
3687,credit_application_completed,2026-05-05 16:54:59.444080
3688,app_opened,2026-03-17 18:54:59.444114
3688,account_created,2026-03-17 16:54:59.444114
3688,kyc_started,2026-03-19 17:54:59.444114
3688,kyc_completed,2026-03-23 18:54:59.444114
3689,app_opened,2026-04-07 16:54:59.444129
3689,account_created,2026-04-07 16:54:59.444129
3689,kyc_started,2026-04-07 23:54:59.444129
3689,kyc_completed,2026-04-10 05:54:59.444129
3689,deposit_made,2026-04-11 03:54:59.444129
3689,transaction_made,2026-04-11 05:54:59.444129
3690,app_opened,2026-03-06 22:54:59.444150
3691,app_opened,2026-04-06 21:54:59.444157
3691,account_created,2026-04-07 20:54:59.444157
3691,kyc_started,2026-04-09 17:54:59.444157
3691,kyc_completed,2026-04-12 10:54:59.444157
3691,deposit_made,2026-04-14 04:54:59.444157
3691,transaction_made,2026-04-14 14:54:59.444157
3692,app_opened,2026-04-17 13:54:59.444178
3692,account_created,2026-04-18 03:54:59.444178
3692,kyc_started,2026-04-18 12:54:59.444178
3693,app_opened,2026-03-20 03:54:59.444189
3693,account_created,2026-03-21 06:54:59.444189
3693,kyc_started,2026-03-24 01:54:59.444189
3693,kyc_completed,2026-03-26 22:54:59.444189
3693,deposit_made,2026-03-28 13:54:59.444189
3693,transaction_made,2026-03-29 08:54:59.444189
3694,app_opened,2026-03-10 16:54:59.444209
3695,app_opened,2026-04-16 20:54:59.444215
3695,account_created,2026-04-18 01:54:59.444215
3696,app_opened,2026-03-27 22:54:59.444227
3696,account_created,2026-03-29 03:54:59.444227
3697,app_opened,2026-04-04 20:54:59.444239
3697,account_created,2026-04-05 17:54:59.444239
3697,kyc_started,2026-04-06 12:54:59.444239
3698,app_opened,2026-04-06 23:54:59.444251
3698,account_created,2026-04-06 14:54:59.444251
3698,kyc_started,2026-04-08 16:54:59.444251
3698,kyc_completed,2026-04-13 03:54:59.444251
3698,deposit_made,2026-04-14 03:54:59.444251
3698,transaction_made,2026-04-14 16:54:59.444251
3699,app_opened,2026-03-18 09:54:59.444272
3699,account_created,2026-03-18 14:54:59.444272
3699,kyc_started,2026-03-20 02:54:59.444272
3699,kyc_completed,2026-03-22 06:54:59.444272
3699,deposit_made,2026-03-23 07:54:59.444272
3699,transaction_made,2026-03-23 21:54:59.444272
3700,app_opened,2026-04-01 10:54:59.444295
3700,account_created,2026-04-02 17:54:59.444295
3700,kyc_started,2026-04-03 07:54:59.444295
3701,app_opened,2026-04-18 05:54:59.444311
3702,app_opened,2026-03-22 22:54:59.444318
3702,account_created,2026-03-22 12:54:59.444318
3702,kyc_started,2026-03-23 01:54:59.444318
3702,kyc_completed,2026-03-26 21:54:59.444318
3702,deposit_made,2026-03-28 04:54:59.444318
3702,transaction_made,2026-03-28 11:54:59.444318
3703,app_opened,2026-04-10 12:54:59.445405
3703,account_created,2026-04-12 03:54:59.445405
3703,kyc_started,2026-04-13 09:54:59.445405
3703,kyc_completed,2026-04-15 03:54:59.445405
3703,deposit_made,2026-04-16 15:54:59.445405
3703,transaction_made,2026-04-16 16:54:59.445405
3704,app_opened,2026-03-18 19:54:59.445437
3705,app_opened,2026-03-15 15:54:59.445447
3705,account_created,2026-03-16 23:54:59.445447
3705,kyc_started,2026-03-18 14:54:59.445447
3705,kyc_completed,2026-03-21 00:54:59.445447
3705,deposit_made,2026-03-22 23:54:59.445447
3705,transaction_made,2026-03-23 08:54:59.445447
3706,app_opened,2026-04-10 16:54:59.445469
3706,account_created,2026-04-10 15:54:59.445469
3707,app_opened,2026-04-02 20:54:59.445480
3707,account_created,2026-04-03 05:54:59.445480
3707,kyc_started,2026-04-05 14:54:59.445480
3708,app_opened,2026-04-08 05:54:59.445494
3708,account_created,2026-04-07 17:54:59.445494
3709,app_opened,2026-04-17 22:54:59.445507
3709,account_created,2026-04-19 01:54:59.445507
3710,app_opened,2026-03-06 20:54:59.445518
3711,app_opened,2026-03-13 10:54:59.445525
3711,account_created,2026-03-14 14:54:59.445525
3711,kyc_started,2026-03-14 18:54:59.445525
3711,kyc_completed,2026-03-18 15:54:59.445525
3711,deposit_made,2026-03-18 20:54:59.445525
3711,transaction_made,2026-03-19 06:54:59.445525
3711,credit_product_viewed,2026-03-24 06:54:59.445525
3711,credit_application_started,2026-03-26 04:54:59.445525
3711,credit_application_cancelled,2026-03-26 12:54:59.445525
3712,app_opened,2026-03-29 11:54:59.445558
3712,account_created,2026-03-29 17:54:59.445558
3713,app_opened,2026-03-16 12:54:59.445569
3714,app_opened,2026-04-01 18:54:59.445576
3714,account_created,2026-04-02 11:54:59.445576
3715,app_opened,2026-03-31 08:54:59.445589
3716,app_opened,2026-04-10 02:54:59.445596
3716,account_created,2026-04-09 14:54:59.445596
3716,kyc_started,2026-04-12 14:54:59.445596
3717,app_opened,2026-04-03 09:54:59.445609
3717,account_created,2026-04-04 07:54:59.445609
3717,kyc_started,2026-04-07 07:54:59.445609
3718,app_opened,2026-04-17 06:54:59.445623
3719,app_opened,2026-03-20 02:54:59.445630
3719,account_created,2026-03-19 16:54:59.445630
3719,kyc_started,2026-03-20 05:54:59.445630
3719,kyc_completed,2026-03-24 17:54:59.445630
3720,app_opened,2026-03-03 23:54:59.445647
3720,account_created,2026-03-04 00:54:59.445647
3721,app_opened,2026-03-24 04:54:59.445657
3721,account_created,2026-03-24 05:54:59.445657
3722,app_opened,2026-03-13 19:54:59.445667
3723,app_opened,2026-03-17 20:54:59.445674
3723,account_created,2026-03-18 04:54:59.445674
3723,kyc_started,2026-03-18 07:54:59.445674
3723,kyc_completed,2026-03-20 18:54:59.445674
3723,deposit_made,2026-03-22 18:54:59.445674
3723,transaction_made,2026-03-23 08:54:59.445674
3724,app_opened,2026-03-22 03:54:59.445701
3724,account_created,2026-03-23 05:54:59.445701
3724,kyc_started,2026-03-24 01:54:59.445701
3724,kyc_completed,2026-03-27 22:54:59.445701
3724,deposit_made,2026-03-28 23:54:59.445701
3724,transaction_made,2026-03-29 01:54:59.445701
3725,app_opened,2026-03-22 23:54:59.445724
3725,account_created,2026-03-23 13:54:59.445724
3726,app_opened,2026-03-25 23:54:59.445739
3727,app_opened,2026-04-12 21:54:59.445746
3727,account_created,2026-04-13 13:54:59.445746
3727,kyc_started,2026-04-14 18:54:59.445746
3727,kyc_completed,2026-04-18 17:54:59.445746
3727,deposit_made,2026-04-20 07:54:59.445746
3728,app_opened,2026-04-14 13:54:59.445767
3728,account_created,2026-04-16 01:54:59.445767
3728,kyc_started,2026-04-17 13:54:59.445767
3728,kyc_completed,2026-04-22 09:54:59.445767
3728,deposit_made,2026-04-24 01:54:59.445767
3728,transaction_made,2026-04-24 21:54:59.445767
3729,app_opened,2026-03-30 17:54:59.445790
3729,account_created,2026-03-31 16:54:59.445790
3730,app_opened,2026-04-06 19:54:59.445801
3730,account_created,2026-04-06 09:54:59.445801
3730,kyc_started,2026-04-07 09:54:59.445801
3730,kyc_completed,2026-04-09 03:54:59.445801
3731,app_opened,2026-04-06 15:54:59.445817
3731,account_created,2026-04-06 09:54:59.445817
3732,app_opened,2026-03-31 11:54:59.445834
3732,account_created,2026-03-31 17:54:59.445834
3732,kyc_started,2026-04-02 12:54:59.445834
3732,kyc_completed,2026-04-05 14:54:59.445834
3733,app_opened,2026-03-29 02:54:59.445861
3733,account_created,2026-03-29 14:54:59.445861
3733,kyc_started,2026-03-29 18:54:59.445861
3733,kyc_completed,2026-04-02 09:54:59.445861
3734,app_opened,2026-03-24 09:54:59.445878
3734,account_created,2026-03-24 19:54:59.445878
3734,kyc_started,2026-03-25 03:54:59.445878
3734,kyc_completed,2026-03-27 06:54:59.445878
3734,deposit_made,2026-03-27 16:54:59.445878
3734,transaction_made,2026-03-28 03:54:59.445878
3735,app_opened,2026-03-30 20:54:59.445904
3735,account_created,2026-03-30 23:54:59.445904
3736,app_opened,2026-03-29 05:54:59.445914
3736,account_created,2026-03-28 17:54:59.445914
3736,kyc_started,2026-03-29 22:54:59.445914
3736,kyc_completed,2026-03-31 00:54:59.445914
3737,app_opened,2026-04-10 04:54:59.445931
3737,account_created,2026-04-09 20:54:59.445931
3738,app_opened,2026-03-05 04:54:59.445941
3738,account_created,2026-03-05 13:54:59.445941
3738,kyc_started,2026-03-08 04:54:59.445941
3738,kyc_completed,2026-03-10 00:54:59.445941
3739,app_opened,2026-04-09 09:54:59.445958
3739,account_created,2026-04-10 11:54:59.445958
3739,kyc_started,2026-04-11 10:54:59.445958
3740,app_opened,2026-03-27 06:54:59.445971
3740,account_created,2026-03-26 20:54:59.445971
3741,app_opened,2026-03-25 04:54:59.445982
3741,account_created,2026-03-24 09:54:59.445982
3741,kyc_started,2026-03-25 02:54:59.445982
3742,app_opened,2026-04-15 15:54:59.445999
3742,account_created,2026-04-15 23:54:59.445999
3742,kyc_started,2026-04-18 16:54:59.445999
3742,kyc_completed,2026-04-22 12:54:59.445999
3743,app_opened,2026-03-26 09:54:59.446015
3743,account_created,2026-03-26 11:54:59.446015
3743,kyc_started,2026-03-26 18:54:59.446015
3743,kyc_completed,2026-03-29 00:54:59.446015
3744,app_opened,2026-04-04 20:54:59.446032
3744,account_created,2026-04-05 16:54:59.446032
3744,kyc_started,2026-04-06 03:54:59.446032
3745,app_opened,2026-04-17 10:54:59.446048
3745,account_created,2026-04-17 20:54:59.446048
3746,app_opened,2026-03-07 19:54:59.446058
3746,account_created,2026-03-08 09:54:59.446058
3746,kyc_started,2026-03-10 05:54:59.446058
3746,kyc_completed,2026-03-15 00:54:59.446058
3747,app_opened,2026-03-05 00:54:59.446075
3747,account_created,2026-03-06 08:54:59.446075
3747,kyc_started,2026-03-08 00:54:59.446075
3747,kyc_completed,2026-03-11 09:54:59.446075
3748,app_opened,2026-03-09 13:54:59.446092
3748,account_created,2026-03-10 03:54:59.446092
3749,app_opened,2026-03-27 08:54:59.446102
3749,account_created,2026-03-26 22:54:59.446102
3749,kyc_started,2026-03-28 04:54:59.446102
3749,kyc_completed,2026-03-31 05:54:59.446102
3750,app_opened,2026-03-19 23:54:59.446119
3751,app_opened,2026-03-14 11:54:59.446126
3751,account_created,2026-03-15 09:54:59.446126
3751,kyc_started,2026-03-16 22:54:59.446126
3752,app_opened,2026-03-20 09:54:59.446139
3752,account_created,2026-03-20 16:54:59.446139
3752,kyc_started,2026-03-22 14:54:59.446139
3752,kyc_completed,2026-03-26 20:54:59.446139
3753,app_opened,2026-04-11 11:54:59.446158
3753,account_created,2026-04-12 16:54:59.446158
3753,kyc_started,2026-04-14 22:54:59.446158
3754,app_opened,2026-03-27 10:54:59.446171
3754,account_created,2026-03-29 03:54:59.446171
3754,kyc_started,2026-03-31 09:54:59.446171
3754,kyc_completed,2026-04-01 12:54:59.446171
3755,app_opened,2026-04-08 02:54:59.446191
3755,account_created,2026-04-09 05:54:59.446191
3755,kyc_started,2026-04-11 19:54:59.446191
3755,kyc_completed,2026-04-14 23:54:59.446191
3756,app_opened,2026-03-09 10:54:59.446208
3756,account_created,2026-03-10 00:54:59.446208
3756,kyc_started,2026-03-10 15:54:59.446208
3756,kyc_completed,2026-03-14 23:54:59.446208
3757,app_opened,2026-03-20 09:54:59.446224
3757,account_created,2026-03-21 15:54:59.446224
3757,kyc_started,2026-03-22 18:54:59.446224
3757,kyc_completed,2026-03-24 11:54:59.446224
3757,deposit_made,2026-03-26 07:54:59.446224
3757,transaction_made,2026-03-27 01:54:59.446224
3758,app_opened,2026-04-08 11:54:59.446251
3759,app_opened,2026-03-25 05:54:59.446259
3759,account_created,2026-03-25 03:54:59.446259
3759,kyc_started,2026-03-27 03:54:59.446259
3759,kyc_completed,2026-03-30 18:54:59.446259
3759,deposit_made,2026-03-31 13:54:59.446259
3760,app_opened,2026-03-10 18:54:59.446281
3760,account_created,2026-03-10 11:54:59.446281
3760,kyc_started,2026-03-11 19:54:59.446281
3760,kyc_completed,2026-03-14 14:54:59.446281
3761,app_opened,2026-04-03 03:54:59.446298
3761,account_created,2026-04-03 21:54:59.446298
3762,app_opened,2026-04-08 16:54:59.446308
3762,account_created,2026-04-08 13:54:59.446308
3762,kyc_started,2026-04-09 23:54:59.446308
3762,kyc_completed,2026-04-14 03:54:59.446308
3763,app_opened,2026-03-16 21:54:59.446325
3763,account_created,2026-03-16 22:54:59.446325
3763,kyc_started,2026-03-19 12:54:59.446325
3764,app_opened,2026-03-15 07:54:59.446360
3764,account_created,2026-03-15 16:54:59.446360
3764,kyc_started,2026-03-16 18:54:59.446360
3765,app_opened,2026-03-17 22:54:59.446374
3765,account_created,2026-03-17 13:54:59.446374
3766,app_opened,2026-03-27 15:54:59.446384
3767,app_opened,2026-04-09 10:54:59.446390
3767,account_created,2026-04-10 02:54:59.446390
3767,kyc_started,2026-04-10 06:54:59.446390
3768,app_opened,2026-03-26 14:54:59.446404
3768,account_created,2026-03-27 10:54:59.446404
3768,kyc_started,2026-03-29 18:54:59.446404
3768,kyc_completed,2026-03-31 22:54:59.446404
3769,app_opened,2026-03-25 11:54:59.446421
3769,account_created,2026-03-26 16:54:59.446421
3769,kyc_started,2026-03-28 04:54:59.446421
3769,kyc_completed,2026-03-31 00:54:59.446421
3769,deposit_made,2026-03-31 16:54:59.446421
3769,transaction_made,2026-04-01 04:54:59.446421
3770,app_opened,2026-03-28 21:54:59.446445
3770,account_created,2026-03-29 11:54:59.446445
3770,kyc_started,2026-03-31 20:54:59.446445
3770,kyc_completed,2026-04-04 23:54:59.446445
3770,deposit_made,2026-04-05 10:54:59.446445
3770,transaction_made,2026-04-06 05:54:59.446445
3770,credit_product_viewed,2026-04-12 05:54:59.446445
3770,credit_application_started,2026-04-12 13:54:59.446445
3770,credit_application_completed,2026-04-13 03:54:59.446445
3771,app_opened,2026-03-08 13:54:59.446478
3771,account_created,2026-03-09 11:54:59.446478
3771,kyc_started,2026-03-11 17:54:59.446478
3771,kyc_completed,2026-03-15 13:54:59.446478
3772,app_opened,2026-04-10 13:54:59.446498
3772,account_created,2026-04-10 12:54:59.446498
3773,app_opened,2026-04-09 23:54:59.446508
3774,app_opened,2026-03-04 00:54:59.446515
3774,account_created,2026-03-03 23:54:59.446515
3775,app_opened,2026-03-04 09:54:59.446525
3775,account_created,2026-03-05 22:54:59.446525
3776,app_opened,2026-04-02 06:54:59.446535
3777,app_opened,2026-04-09 11:54:59.446542
3777,account_created,2026-04-09 16:54:59.446542
3777,kyc_started,2026-04-11 16:54:59.446542
3778,app_opened,2026-04-06 13:54:59.446556
3778,account_created,2026-04-07 03:54:59.446556
3779,app_opened,2026-03-20 02:54:59.446566
3780,app_opened,2026-03-05 07:54:59.446573
3780,account_created,2026-03-06 05:54:59.446573
3780,kyc_started,2026-03-08 02:54:59.446573
3781,app_opened,2026-03-12 23:54:59.446587
3782,app_opened,2026-04-09 20:54:59.446594
3782,account_created,2026-04-10 18:54:59.446594
3782,kyc_started,2026-04-11 01:54:59.446594
3782,kyc_completed,2026-04-13 03:54:59.446594
3782,deposit_made,2026-04-14 19:54:59.446594
3782,transaction_made,2026-04-14 22:54:59.446594
3782,credit_product_viewed,2026-04-23 22:54:59.446594
3782,credit_application_started,2026-04-25 18:54:59.446594
3782,credit_application_cancelled,2026-04-25 23:54:59.446594
3783,app_opened,2026-04-02 15:54:59.446629
3783,account_created,2026-04-04 07:54:59.446629
3784,app_opened,2026-03-04 10:54:59.446640
3785,app_opened,2026-03-05 07:54:59.446649
3785,account_created,2026-03-04 13:54:59.446649
3786,app_opened,2026-03-24 00:54:59.446660
3786,account_created,2026-03-25 07:54:59.446660
3786,kyc_started,2026-03-27 10:54:59.446660
3786,kyc_completed,2026-03-31 18:54:59.446660
3786,deposit_made,2026-04-01 03:54:59.446660
3787,app_opened,2026-03-15 22:54:59.446682
3787,account_created,2026-03-15 16:54:59.446682
3787,kyc_started,2026-03-16 10:54:59.446682
3788,app_opened,2026-04-08 09:54:59.446696
3788,account_created,2026-04-08 12:54:59.446696
3789,app_opened,2026-03-06 01:54:59.446706
3789,account_created,2026-03-06 02:54:59.446706
3789,kyc_started,2026-03-07 11:54:59.446706
3790,app_opened,2026-03-14 15:54:59.446720
3790,account_created,2026-03-14 22:54:59.446720
3790,kyc_started,2026-03-17 08:54:59.446720
3791,app_opened,2026-03-24 09:54:59.446733
3792,app_opened,2026-03-16 14:54:59.446740
3793,app_opened,2026-03-05 02:54:59.446747
3793,account_created,2026-03-05 16:54:59.446747
3794,app_opened,2026-03-08 11:54:59.446757
3794,account_created,2026-03-09 09:54:59.446757
3794,kyc_started,2026-03-11 04:54:59.446757
3795,app_opened,2026-04-02 04:54:59.446771
3796,app_opened,2026-03-22 04:54:59.446778
3796,account_created,2026-03-22 20:54:59.446778
3797,app_opened,2026-03-22 17:54:59.446788
3797,account_created,2026-03-22 12:54:59.446788
3797,kyc_started,2026-03-23 13:54:59.446788
3797,kyc_completed,2026-03-27 20:54:59.446788
3797,deposit_made,2026-03-28 02:54:59.446788
3798,app_opened,2026-04-04 20:54:59.446811
3798,account_created,2026-04-06 02:54:59.446811
3799,app_opened,2026-04-17 11:54:59.446822
3799,account_created,2026-04-18 06:54:59.446822
3799,kyc_started,2026-04-18 21:54:59.446822
3799,kyc_completed,2026-04-22 16:54:59.446822
3800,app_opened,2026-03-04 05:54:59.446876
3800,account_created,2026-03-03 12:54:59.446876
3800,kyc_started,2026-03-06 08:54:59.446876
3801,app_opened,2026-03-13 05:54:59.446890
3801,account_created,2026-03-14 08:54:59.446890
3801,kyc_started,2026-03-15 17:54:59.446890
3802,app_opened,2026-04-14 18:54:59.446904
3802,account_created,2026-04-15 00:54:59.446904
3802,kyc_started,2026-04-17 04:54:59.446904
3802,kyc_completed,2026-04-20 21:54:59.446904
3802,deposit_made,2026-04-22 17:54:59.446904
3802,transaction_made,2026-04-23 04:54:59.446904
3802,credit_product_viewed,2026-05-04 04:54:59.446904
3802,credit_application_started,2026-05-05 22:54:59.446904
3802,credit_application_completed,2026-05-06 15:54:59.446904
3803,app_opened,2026-03-07 15:54:59.446940
3803,account_created,2026-03-08 14:54:59.446940
3803,kyc_started,2026-03-11 07:54:59.446940
3803,kyc_completed,2026-03-12 12:54:59.446940
3804,app_opened,2026-04-17 12:54:59.446957
3805,app_opened,2026-03-15 19:54:59.446963
3805,account_created,2026-03-16 13:54:59.446963
3805,kyc_started,2026-03-18 23:54:59.446963
3805,kyc_completed,2026-03-20 03:54:59.446963
3805,deposit_made,2026-03-21 18:54:59.446963
3805,transaction_made,2026-03-22 09:54:59.446963
3806,app_opened,2026-03-06 12:54:59.446994
3806,account_created,2026-03-07 23:54:59.446994
3806,kyc_started,2026-03-10 23:54:59.446994
3807,app_opened,2026-04-05 00:54:59.447007
3807,account_created,2026-04-05 12:54:59.447007
3807,kyc_started,2026-04-07 11:54:59.447007
3807,kyc_completed,2026-04-10 12:54:59.447007
3807,deposit_made,2026-04-11 22:54:59.447007
3808,app_opened,2026-04-10 11:54:59.447027
3808,account_created,2026-04-11 15:54:59.447027
3809,app_opened,2026-03-24 23:54:59.447037
3809,account_created,2026-03-26 08:54:59.447037
3810,app_opened,2026-04-06 06:54:59.447048
3810,account_created,2026-04-06 11:54:59.447048
3810,kyc_started,2026-04-06 17:54:59.447048
3811,app_opened,2026-04-16 19:54:59.447061
3812,app_opened,2026-03-14 15:54:59.447068
3812,account_created,2026-03-15 01:54:59.447068
3812,kyc_started,2026-03-17 23:54:59.447068
3812,kyc_completed,2026-03-20 19:54:59.447068
3812,deposit_made,2026-03-22 00:54:59.447068
3812,transaction_made,2026-03-22 18:54:59.447068
3813,app_opened,2026-03-25 16:54:59.447092
3814,app_opened,2026-03-12 05:54:59.447101
3814,account_created,2026-03-12 17:54:59.447101
3814,kyc_started,2026-03-13 14:54:59.447101
3814,kyc_completed,2026-03-18 02:54:59.447101
3814,deposit_made,2026-03-19 08:54:59.447101
3815,app_opened,2026-03-05 00:54:59.447122
3815,account_created,2026-03-04 11:54:59.447122
3815,kyc_started,2026-03-06 06:54:59.447122
3815,kyc_completed,2026-03-08 16:54:59.447122
3816,app_opened,2026-03-22 02:54:59.447141
3816,account_created,2026-03-21 22:54:59.447141
3816,kyc_started,2026-03-23 00:54:59.447141
3816,kyc_completed,2026-03-26 17:54:59.447141
3816,deposit_made,2026-03-27 04:54:59.447141
3817,app_opened,2026-03-19 14:54:59.447162
3817,account_created,2026-03-20 09:54:59.447162
3817,kyc_started,2026-03-23 09:54:59.447162
3818,app_opened,2026-04-03 17:54:59.447175
3818,account_created,2026-04-05 01:54:59.447175
3818,kyc_started,2026-04-05 09:54:59.447175
3818,kyc_completed,2026-04-07 01:54:59.447175
3819,app_opened,2026-03-25 18:54:59.447192
3819,account_created,2026-03-26 00:54:59.447192
3819,kyc_started,2026-03-28 22:54:59.447192
3819,kyc_completed,2026-03-30 22:54:59.447192
3820,app_opened,2026-04-18 02:54:59.447209
3821,app_opened,2026-03-18 13:54:59.447216
3822,app_opened,2026-04-18 05:54:59.447223
3822,account_created,2026-04-17 23:54:59.447223
3822,kyc_started,2026-04-18 21:54:59.447223
3823,app_opened,2026-03-19 00:54:59.447240
3823,account_created,2026-03-20 08:54:59.447240
3824,app_opened,2026-04-10 12:54:59.447250
3825,app_opened,2026-03-16 18:54:59.447257
3825,account_created,2026-03-16 17:54:59.447257
3825,kyc_started,2026-03-19 07:54:59.447257
3826,app_opened,2026-03-24 15:54:59.447273
3826,account_created,2026-03-25 23:54:59.447273
3826,kyc_started,2026-03-28 08:54:59.447273
3827,app_opened,2026-04-08 11:54:59.447289
3827,account_created,2026-04-08 18:54:59.447289
3828,app_opened,2026-03-31 13:54:59.447300
3828,account_created,2026-04-02 04:54:59.447300
3828,kyc_started,2026-04-03 08:54:59.447300
3829,app_opened,2026-04-14 20:54:59.447313
3829,account_created,2026-04-15 15:54:59.447313
3830,app_opened,2026-03-05 06:54:59.447324
3830,account_created,2026-03-05 15:54:59.447324
3830,kyc_started,2026-03-07 22:54:59.447324
3831,app_opened,2026-03-06 03:54:59.448429
3831,account_created,2026-03-06 15:54:59.448429
3831,kyc_started,2026-03-08 14:54:59.448429
3832,app_opened,2026-03-21 20:54:59.448446
3832,account_created,2026-03-22 10:54:59.448446
3833,app_opened,2026-03-22 18:54:59.448455
3833,account_created,2026-03-24 00:54:59.448455
3834,app_opened,2026-03-25 01:54:59.448463
3835,app_opened,2026-04-05 18:54:59.448470
3835,account_created,2026-04-05 10:54:59.448470
3835,kyc_started,2026-04-07 09:54:59.448470
3835,kyc_completed,2026-04-09 21:54:59.448470
3836,app_opened,2026-03-05 21:54:59.448485
3836,account_created,2026-03-06 08:54:59.448485
3836,kyc_started,2026-03-08 19:54:59.448485
3837,app_opened,2026-03-04 14:54:59.448496
3837,account_created,2026-03-04 14:54:59.448496
3837,kyc_started,2026-03-06 00:54:59.448496
3837,kyc_completed,2026-03-10 07:54:59.448496
3838,app_opened,2026-03-19 09:54:59.448511
3838,account_created,2026-03-20 03:54:59.448511
3838,kyc_started,2026-03-21 11:54:59.448511
3838,kyc_completed,2026-03-23 01:54:59.448511
3838,deposit_made,2026-03-24 18:54:59.448511
3838,transaction_made,2026-03-24 21:54:59.448511
3839,app_opened,2026-03-27 10:54:59.448539
3839,account_created,2026-03-27 15:54:59.448539
3839,kyc_started,2026-03-29 18:54:59.448539
3840,app_opened,2026-04-08 22:54:59.448552
3840,account_created,2026-04-09 17:54:59.448552
3840,kyc_started,2026-04-11 21:54:59.448552
3840,kyc_completed,2026-04-15 22:54:59.448552
3841,app_opened,2026-03-06 17:54:59.448567
3841,account_created,2026-03-07 06:54:59.448567
3841,kyc_started,2026-03-10 06:54:59.448567
3842,app_opened,2026-04-04 16:54:59.448580
3842,account_created,2026-04-05 17:54:59.448580
3842,kyc_started,2026-04-06 20:54:59.448580
3842,kyc_completed,2026-04-08 07:54:59.448580
3843,app_opened,2026-04-11 18:54:59.448598
3843,account_created,2026-04-12 15:54:59.448598
3843,kyc_started,2026-04-14 00:54:59.448598
3843,kyc_completed,2026-04-18 18:54:59.448598
3844,app_opened,2026-03-23 05:54:59.448617
3844,account_created,2026-03-23 03:54:59.448617
3844,kyc_started,2026-03-24 10:54:59.448617
3845,app_opened,2026-04-16 15:54:59.448630
3845,account_created,2026-04-17 16:54:59.448630
3845,kyc_started,2026-04-19 21:54:59.448630
3845,kyc_completed,2026-04-21 15:54:59.448630
3846,app_opened,2026-04-08 18:54:59.448648
3846,account_created,2026-04-09 06:54:59.448648
3846,kyc_started,2026-04-10 04:54:59.448648
3847,app_opened,2026-03-18 06:54:59.448665
3847,account_created,2026-03-17 09:54:59.448665
3847,kyc_started,2026-03-17 14:54:59.448665
3848,app_opened,2026-03-06 06:54:59.448677
3848,account_created,2026-03-06 19:54:59.448677
3848,kyc_started,2026-03-07 02:54:59.448677
3848,kyc_completed,2026-03-11 15:54:59.448677
3849,app_opened,2026-04-16 19:54:59.448693
3849,account_created,2026-04-16 10:54:59.448693
3849,kyc_started,2026-04-18 06:54:59.448693
3849,kyc_completed,2026-04-20 00:54:59.448693
3849,deposit_made,2026-04-20 08:54:59.448693
3849,transaction_made,2026-04-21 05:54:59.448693
3849,credit_product_viewed,2026-04-22 05:54:59.448693
3849,credit_application_started,2026-04-23 23:54:59.448693
3849,credit_application_cancelled,2026-04-24 06:54:59.448693
3850,app_opened,2026-04-02 19:54:59.448724
3851,app_opened,2026-03-07 15:54:59.448730
3851,account_created,2026-03-09 06:54:59.448730
3852,app_opened,2026-04-05 09:54:59.448740
3852,account_created,2026-04-05 12:54:59.448740
3852,kyc_started,2026-04-05 17:54:59.448740
3852,kyc_completed,2026-04-09 12:54:59.448740
3853,app_opened,2026-03-11 16:54:59.448755
3853,account_created,2026-03-12 13:54:59.448755
3853,kyc_started,2026-03-12 14:54:59.448755
3854,app_opened,2026-03-30 02:54:59.448769
3855,app_opened,2026-04-07 01:54:59.448776
3855,account_created,2026-04-06 23:54:59.448776
3855,kyc_started,2026-04-08 11:54:59.448776
3855,kyc_completed,2026-04-12 08:54:59.448776
3856,app_opened,2026-03-10 14:54:59.448792
3856,account_created,2026-03-10 12:54:59.448792
3856,kyc_started,2026-03-11 18:54:59.448792
3856,kyc_completed,2026-03-14 03:54:59.448792
3857,app_opened,2026-03-08 23:54:59.448810
3857,account_created,2026-03-08 14:54:59.448810
3857,kyc_started,2026-03-10 20:54:59.448810
3857,kyc_completed,2026-03-14 16:54:59.448810
3858,app_opened,2026-04-17 01:54:59.448826
3858,account_created,2026-04-16 14:54:59.448826
3858,kyc_started,2026-04-17 08:54:59.448826
3859,app_opened,2026-03-22 01:54:59.448847
3859,account_created,2026-03-22 21:54:59.448847
3859,kyc_started,2026-03-25 08:54:59.448847
3860,app_opened,2026-04-01 23:54:59.448863
3860,account_created,2026-04-02 07:54:59.448863
3861,app_opened,2026-04-03 11:54:59.448872
3862,app_opened,2026-04-12 10:54:59.448878
3863,app_opened,2026-03-06 02:54:59.448885
3864,app_opened,2026-03-06 08:54:59.448891
3864,account_created,2026-03-07 00:54:59.448891
3864,kyc_started,2026-03-08 02:54:59.448891
3865,app_opened,2026-03-10 01:54:59.448904
3865,account_created,2026-03-09 17:54:59.448904
3865,kyc_started,2026-03-10 09:54:59.448904
3866,app_opened,2026-04-10 06:54:59.448919
3866,account_created,2026-04-09 23:54:59.448919
3866,kyc_started,2026-04-12 04:54:59.448919
3867,app_opened,2026-03-27 05:54:59.448932
3867,account_created,2026-03-28 07:54:59.448932
3867,kyc_started,2026-03-30 22:54:59.448932
3867,kyc_completed,2026-04-04 14:54:59.448932
3868,app_opened,2026-03-17 00:54:59.448947
3868,account_created,2026-03-16 17:54:59.448947
3868,kyc_started,2026-03-19 15:54:59.448947
3869,app_opened,2026-04-04 22:54:59.448963
3870,app_opened,2026-03-22 02:54:59.448969
3870,account_created,2026-03-23 03:54:59.448969
3870,kyc_started,2026-03-23 07:54:59.448969
3870,kyc_completed,2026-03-27 18:54:59.448969
3870,deposit_made,2026-03-29 11:54:59.448969
3870,transaction_made,2026-03-30 00:54:59.448969
3870,credit_product_viewed,2026-04-02 00:54:59.448969
3870,credit_application_started,2026-04-02 12:54:59.448969
3870,credit_application_cancelled,2026-04-03 02:54:59.448969
3871,app_opened,2026-03-21 01:54:59.449004
3871,account_created,2026-03-21 17:54:59.449004
3871,kyc_started,2026-03-22 18:54:59.449004
3871,kyc_completed,2026-03-25 20:54:59.449004
3871,deposit_made,2026-03-26 22:54:59.449004
3872,app_opened,2026-03-28 14:54:59.449024
3872,account_created,2026-03-30 02:54:59.449024
3872,kyc_started,2026-04-01 23:54:59.449024
3873,app_opened,2026-04-17 23:54:59.449037
3873,account_created,2026-04-18 22:54:59.449037
3873,kyc_started,2026-04-20 15:54:59.449037
3873,kyc_completed,2026-04-22 04:54:59.449037
3873,deposit_made,2026-04-23 02:54:59.449037
3873,transaction_made,2026-04-23 18:54:59.449037
3874,app_opened,2026-03-21 19:54:59.449059
3875,app_opened,2026-03-17 21:54:59.449065
3875,account_created,2026-03-18 20:54:59.449065
3876,app_opened,2026-03-13 20:54:59.449075
3877,app_opened,2026-03-14 09:54:59.449081
3877,account_created,2026-03-14 13:54:59.449081
3878,app_opened,2026-03-30 12:54:59.449095
3878,account_created,2026-03-30 15:54:59.449095
3879,app_opened,2026-03-24 19:54:59.449105
3879,account_created,2026-03-25 22:54:59.449105
3879,kyc_started,2026-03-26 07:54:59.449105
3880,app_opened,2026-04-10 03:54:59.449118
3881,app_opened,2026-03-26 21:54:59.449124
3881,account_created,2026-03-26 14:54:59.449124
3881,kyc_started,2026-03-28 23:54:59.449124
3881,kyc_completed,2026-03-30 13:54:59.449124
3882,app_opened,2026-03-30 01:54:59.449140
3882,account_created,2026-03-29 12:54:59.449140
3883,app_opened,2026-03-25 10:54:59.449149
3883,account_created,2026-03-26 23:54:59.449149
3883,kyc_started,2026-03-28 10:54:59.449149
3883,kyc_completed,2026-04-01 19:54:59.449149
3883,deposit_made,2026-04-03 00:54:59.449149
3883,transaction_made,2026-04-03 16:54:59.449149
3884,app_opened,2026-03-19 10:54:59.449171
3884,account_created,2026-03-21 02:54:59.449171
3884,kyc_started,2026-03-21 21:54:59.449171
3884,kyc_completed,2026-03-22 23:54:59.449171
3884,deposit_made,2026-03-24 22:54:59.449171
3885,app_opened,2026-03-28 05:54:59.449192
3885,account_created,2026-03-29 02:54:59.449192
3885,kyc_started,2026-03-29 07:54:59.449192
3885,kyc_completed,2026-03-31 04:54:59.449192
3886,app_opened,2026-04-16 21:54:59.449207
3886,account_created,2026-04-17 23:54:59.449207
3886,kyc_started,2026-04-18 23:54:59.449207
3886,kyc_completed,2026-04-20 23:54:59.449207
3886,deposit_made,2026-04-21 13:54:59.449207
3887,app_opened,2026-03-09 02:54:59.449229
3887,account_created,2026-03-08 19:54:59.449229
3888,app_opened,2026-04-18 00:54:59.449238
3888,account_created,2026-04-17 10:54:59.449238
3889,app_opened,2026-04-01 14:54:59.449248
3890,app_opened,2026-03-08 07:54:59.449254
3890,account_created,2026-03-08 01:54:59.449254
3891,app_opened,2026-03-12 23:54:59.449263
3891,account_created,2026-03-13 15:54:59.449263
3892,app_opened,2026-03-08 18:54:59.449273
3893,app_opened,2026-03-04 19:54:59.449279
3893,account_created,2026-03-06 05:54:59.449279
3893,kyc_started,2026-03-07 17:54:59.449279
3893,kyc_completed,2026-03-12 05:54:59.449279
3894,app_opened,2026-03-25 22:54:59.449295
3894,account_created,2026-03-26 16:54:59.449295
3894,kyc_started,2026-03-28 17:54:59.449295
3894,kyc_completed,2026-04-01 08:54:59.449295
3895,app_opened,2026-03-26 05:54:59.449311
3895,account_created,2026-03-26 08:54:59.449311
3895,kyc_started,2026-03-28 03:54:59.449311
3896,app_opened,2026-03-31 21:54:59.449321
3896,account_created,2026-04-01 20:54:59.449321
3897,app_opened,2026-03-06 22:54:59.449329
3897,account_created,2026-03-07 17:54:59.449329
3897,kyc_started,2026-03-09 04:54:59.449329
3897,kyc_completed,2026-03-11 17:54:59.449329
3898,app_opened,2026-04-04 06:54:59.449362
3899,app_opened,2026-03-27 05:54:59.449369
3899,account_created,2026-03-27 12:54:59.449369
3899,kyc_started,2026-03-29 18:54:59.449369
3900,app_opened,2026-04-04 22:54:59.449389
3901,app_opened,2026-03-30 01:54:59.449396
3901,account_created,2026-03-29 18:54:59.449396
3901,kyc_started,2026-04-01 05:54:59.449396
3901,kyc_completed,2026-04-05 00:54:59.449396
3901,deposit_made,2026-04-06 09:54:59.449396
3902,app_opened,2026-03-30 16:54:59.449417
3902,account_created,2026-04-01 02:54:59.449417
3902,kyc_started,2026-04-04 02:54:59.449417
3902,kyc_completed,2026-04-08 13:54:59.449417
3902,deposit_made,2026-04-09 05:54:59.449417
3903,app_opened,2026-03-22 04:54:59.449442
3903,account_created,2026-03-22 19:54:59.449442
3903,kyc_started,2026-03-22 23:54:59.449442
3904,app_opened,2026-03-29 19:54:59.449456
3904,account_created,2026-03-30 08:54:59.449456
3905,app_opened,2026-04-16 04:54:59.449466
3905,account_created,2026-04-16 02:54:59.449466
3905,kyc_started,2026-04-17 00:54:59.449466
3906,app_opened,2026-04-17 10:54:59.449480
3906,account_created,2026-04-18 02:54:59.449480
3906,kyc_started,2026-04-19 04:54:59.449480
3906,kyc_completed,2026-04-23 21:54:59.449480
3906,deposit_made,2026-04-24 12:54:59.449480
3907,app_opened,2026-03-17 13:54:59.449504
3907,account_created,2026-03-18 22:54:59.449504
3907,kyc_started,2026-03-20 19:54:59.449504
3908,app_opened,2026-03-05 09:54:59.449516
3908,account_created,2026-03-05 10:54:59.449516
3908,kyc_started,2026-03-06 04:54:59.449516
3908,kyc_completed,2026-03-09 00:54:59.449516
3908,deposit_made,2026-03-09 03:54:59.449516
3908,transaction_made,2026-03-10 02:54:59.449516
3909,app_opened,2026-04-17 18:54:59.449542
3910,app_opened,2026-04-17 06:54:59.449548
3910,account_created,2026-04-17 20:54:59.449548
3910,kyc_started,2026-04-18 23:54:59.449548
3910,kyc_completed,2026-04-20 07:54:59.449548
3910,deposit_made,2026-04-21 13:54:59.449548
3910,transaction_made,2026-04-22 11:54:59.449548
3911,app_opened,2026-03-05 16:54:59.449572
3911,account_created,2026-03-06 16:54:59.449572
3911,kyc_started,2026-03-08 11:54:59.449572
3911,kyc_completed,2026-03-13 07:54:59.449572
3912,app_opened,2026-04-11 12:54:59.449589
3912,account_created,2026-04-13 03:54:59.449589
3912,kyc_started,2026-04-13 07:54:59.449589
3912,kyc_completed,2026-04-15 04:54:59.449589
3912,deposit_made,2026-04-15 16:54:59.449589
3913,app_opened,2026-04-01 13:54:59.449611
3913,account_created,2026-04-03 04:54:59.449611
3913,kyc_started,2026-04-04 04:54:59.449611
3914,app_opened,2026-03-26 12:54:59.449624
3914,account_created,2026-03-27 18:54:59.449624
3914,kyc_started,2026-03-28 23:54:59.449624
3914,kyc_completed,2026-04-01 21:54:59.449624
3915,app_opened,2026-03-26 20:54:59.449641
3915,account_created,2026-03-26 14:54:59.449641
3915,kyc_started,2026-03-28 22:54:59.449641
3916,app_opened,2026-03-11 05:54:59.449654
3916,account_created,2026-03-10 23:54:59.449654
3916,kyc_started,2026-03-11 10:54:59.449654
3916,kyc_completed,2026-03-14 00:54:59.449654
3916,deposit_made,2026-03-14 23:54:59.449654
3916,transaction_made,2026-03-15 21:54:59.449654
3916,credit_product_viewed,2026-03-23 21:54:59.449654
3916,credit_application_started,2026-03-25 18:54:59.449654
3916,credit_application_completed,2026-03-26 08:54:59.449654
3917,app_opened,2026-04-10 00:54:59.449691
3917,account_created,2026-04-09 15:54:59.449691
3917,kyc_started,2026-04-10 17:54:59.449691
3917,kyc_completed,2026-04-13 01:54:59.449691
3917,deposit_made,2026-04-13 10:54:59.449691
3918,app_opened,2026-03-06 19:54:59.449711
3918,account_created,2026-03-07 08:54:59.449711
3919,app_opened,2026-04-07 22:54:59.449721
3919,account_created,2026-04-07 15:54:59.449721
3919,kyc_started,2026-04-09 22:54:59.449721
3919,kyc_completed,2026-04-12 06:54:59.449721
3920,app_opened,2026-03-17 05:54:59.449740
3920,account_created,2026-03-16 19:54:59.449740
3920,kyc_started,2026-03-17 03:54:59.449740
3920,kyc_completed,2026-03-19 08:54:59.449740
3920,deposit_made,2026-03-20 12:54:59.449740
3920,transaction_made,2026-03-20 20:54:59.449740
3921,app_opened,2026-03-10 19:54:59.449767
3922,app_opened,2026-03-22 08:54:59.449774
3922,account_created,2026-03-21 12:54:59.449774
3922,kyc_started,2026-03-21 17:54:59.449774
3923,app_opened,2026-03-10 03:54:59.449787
3923,account_created,2026-03-09 17:54:59.449787
3924,app_opened,2026-03-04 08:54:59.449798
3924,account_created,2026-03-03 23:54:59.449798
3924,kyc_started,2026-03-04 12:54:59.449798
3925,app_opened,2026-04-04 17:54:59.449811
3925,account_created,2026-04-05 18:54:59.449811
3926,app_opened,2026-03-15 10:54:59.449824
3926,account_created,2026-03-16 07:54:59.449824
3927,app_opened,2026-04-13 06:54:59.449835
3927,account_created,2026-04-12 18:54:59.449835
3927,kyc_started,2026-04-14 18:54:59.449835
3928,app_opened,2026-04-02 21:54:59.449854
3928,account_created,2026-04-02 11:54:59.449854
3929,app_opened,2026-04-09 02:54:59.449864
3929,account_created,2026-04-10 07:54:59.449864
3929,kyc_started,2026-04-11 15:54:59.449864
3929,kyc_completed,2026-04-15 03:54:59.449864
3929,deposit_made,2026-04-16 03:54:59.449864
3929,transaction_made,2026-04-16 18:54:59.449864
3929,credit_product_viewed,2026-04-26 18:54:59.449864
3929,credit_application_started,2026-04-26 23:54:59.449864
3929,credit_application_completed,2026-04-27 10:54:59.449864
3930,app_opened,2026-03-31 03:54:59.449897
3930,account_created,2026-03-31 03:54:59.449897
3930,kyc_started,2026-04-01 04:54:59.449897
3931,app_opened,2026-03-16 07:54:59.449910
3931,account_created,2026-03-16 04:54:59.449910
3931,kyc_started,2026-03-18 04:54:59.449910
3931,kyc_completed,2026-03-19 14:54:59.449910
3932,app_opened,2026-03-06 05:54:59.449927
3933,app_opened,2026-03-07 03:54:59.449934
3933,account_created,2026-03-06 16:54:59.449934
3933,kyc_started,2026-03-07 06:54:59.449934
3933,kyc_completed,2026-03-10 10:54:59.449934
3933,deposit_made,2026-03-12 00:54:59.449934
3933,transaction_made,2026-03-12 22:54:59.449934
3934,app_opened,2026-03-10 13:54:59.449958
3934,account_created,2026-03-11 06:54:59.449958
3935,app_opened,2026-03-20 15:54:59.449970
3936,app_opened,2026-03-16 12:54:59.449977
3936,account_created,2026-03-16 18:54:59.449977
3936,kyc_started,2026-03-17 05:54:59.449977
3937,app_opened,2026-03-17 00:54:59.449991
3937,account_created,2026-03-18 00:54:59.449991
3937,kyc_started,2026-03-18 13:54:59.449991
3937,kyc_completed,2026-03-20 20:54:59.449991
3937,deposit_made,2026-03-21 01:54:59.449991
3937,transaction_made,2026-03-21 16:54:59.449991
3937,credit_product_viewed,2026-03-29 16:54:59.449991
3937,credit_application_started,2026-03-30 20:54:59.449991
3937,credit_application_cancelled,2026-03-31 00:54:59.449991
3938,app_opened,2026-04-16 20:54:59.450023
3938,account_created,2026-04-17 17:54:59.450023
3938,kyc_started,2026-04-20 08:54:59.450023
3938,kyc_completed,2026-04-24 18:54:59.450023
3938,deposit_made,2026-04-26 09:54:59.450023
3938,transaction_made,2026-04-27 09:54:59.450023
3938,credit_product_viewed,2026-05-11 09:54:59.450023
3938,credit_application_started,2026-05-11 22:54:59.450023
3938,credit_application_completed,2026-05-12 07:54:59.450023
3939,app_opened,2026-03-28 10:54:59.450059
3939,account_created,2026-03-28 20:54:59.450059
3939,kyc_started,2026-03-30 21:54:59.450059
3940,app_opened,2026-03-15 16:54:59.450072
3940,account_created,2026-03-16 20:54:59.450072
3940,kyc_started,2026-03-18 00:54:59.450072
3941,app_opened,2026-03-30 05:54:59.450086
3941,account_created,2026-03-29 12:54:59.450086
3941,kyc_started,2026-03-31 05:54:59.450086
3941,kyc_completed,2026-04-03 14:54:59.450086
3942,app_opened,2026-04-14 16:54:59.450105
3942,account_created,2026-04-14 12:54:59.450105
3942,kyc_started,2026-04-15 15:54:59.450105
3942,kyc_completed,2026-04-20 06:54:59.450105
3943,app_opened,2026-03-05 20:54:59.450127
3943,account_created,2026-03-05 13:54:59.450127
3943,kyc_started,2026-03-06 08:54:59.450127
3943,kyc_completed,2026-03-09 14:54:59.450127
3944,app_opened,2026-04-11 10:54:59.450144
3944,account_created,2026-04-12 00:54:59.450144
3945,app_opened,2026-03-06 13:54:59.450154
3945,account_created,2026-03-06 13:54:59.450154
3945,kyc_started,2026-03-08 06:54:59.450154
3945,kyc_completed,2026-03-10 13:54:59.450154
3945,deposit_made,2026-03-10 17:54:59.450154
3945,transaction_made,2026-03-11 03:54:59.450154
3945,credit_product_viewed,2026-03-12 03:54:59.450154
3945,credit_application_started,2026-03-12 10:54:59.450154
3945,credit_application_completed,2026-03-13 08:54:59.450154
3946,app_opened,2026-03-13 14:54:59.450186
3946,account_created,2026-03-14 00:54:59.450186
3946,kyc_started,2026-03-16 23:54:59.450186
3947,app_opened,2026-03-06 08:54:59.450200
3947,account_created,2026-03-07 04:54:59.450200
3947,kyc_started,2026-03-07 20:54:59.450200
3948,app_opened,2026-03-08 22:54:59.450213
3948,account_created,2026-03-08 09:54:59.450213
3948,kyc_started,2026-03-08 21:54:59.450213
3949,app_opened,2026-03-05 00:54:59.450227
3950,app_opened,2026-03-25 04:54:59.450234
3950,account_created,2026-03-26 08:54:59.450234
3950,kyc_started,2026-03-28 00:54:59.450234
3951,app_opened,2026-03-22 00:54:59.450250
3951,account_created,2026-03-21 11:54:59.450250
3951,kyc_started,2026-03-22 04:54:59.450250
3951,kyc_completed,2026-03-26 21:54:59.450250
3952,app_opened,2026-04-15 00:54:59.450268
3953,app_opened,2026-03-19 12:54:59.450275
3953,account_created,2026-03-20 02:54:59.450275
3953,kyc_started,2026-03-20 06:54:59.450275
3954,app_opened,2026-03-07 02:54:59.450292
3954,account_created,2026-03-07 05:54:59.450292
3954,kyc_started,2026-03-08 09:54:59.450292
3954,kyc_completed,2026-03-12 04:54:59.450292
3954,deposit_made,2026-03-12 12:54:59.450292
3955,app_opened,2026-03-11 11:54:59.450313
3955,account_created,2026-03-13 02:54:59.450313
3955,kyc_started,2026-03-14 12:54:59.450313
3956,app_opened,2026-03-23 04:54:59.450327
3956,account_created,2026-03-24 00:54:59.450327
3956,kyc_started,2026-03-25 20:54:59.450327
3956,kyc_completed,2026-03-27 10:54:59.450327
3957,app_opened,2026-03-19 22:54:59.450351
3957,account_created,2026-03-20 00:54:59.450351
3957,kyc_started,2026-03-20 15:54:59.450351
3958,app_opened,2026-03-06 01:54:59.450378
3958,account_created,2026-03-05 18:54:59.450378
3959,app_opened,2026-04-03 03:54:59.450388
3959,account_created,2026-04-02 15:54:59.450388
3959,kyc_started,2026-04-04 19:54:59.450388
3960,app_opened,2026-03-24 23:54:59.450403
3960,account_created,2026-03-24 10:54:59.450403
3960,kyc_started,2026-03-27 02:54:59.450403
3960,kyc_completed,2026-03-28 14:54:59.450403
3960,deposit_made,2026-03-30 00:54:59.450403
3960,transaction_made,2026-03-30 10:54:59.450403
3961,app_opened,2026-04-15 14:54:59.450429
3961,account_created,2026-04-15 22:54:59.450429
3961,kyc_started,2026-04-17 11:54:59.450429
3962,app_opened,2026-04-13 18:54:59.450443
3962,account_created,2026-04-14 10:54:59.450443
3963,app_opened,2026-04-07 00:54:59.450453
3963,account_created,2026-04-08 07:54:59.450453
3963,kyc_started,2026-04-09 21:54:59.450453
3964,app_opened,2026-04-10 11:54:59.450466
3964,account_created,2026-04-11 11:54:59.450466
3965,app_opened,2026-03-05 18:54:59.450477
3965,account_created,2026-03-07 03:54:59.450477
3965,kyc_started,2026-03-08 03:54:59.450477
3965,kyc_completed,2026-03-10 08:54:59.450477
3965,deposit_made,2026-03-11 10:54:59.450477
3966,app_opened,2026-03-22 15:54:59.450497
3967,app_opened,2026-03-22 17:54:59.450503
3967,account_created,2026-03-23 01:54:59.450503
3967,kyc_started,2026-03-25 02:54:59.450503
3967,kyc_completed,2026-03-29 02:54:59.450503
3967,deposit_made,2026-03-30 11:54:59.450503
3968,app_opened,2026-04-16 15:54:59.450524
3968,account_created,2026-04-17 20:54:59.450524
3969,app_opened,2026-04-03 09:54:59.450534
3969,account_created,2026-04-04 19:54:59.450534
3969,kyc_started,2026-04-06 01:54:59.450534
3969,kyc_completed,2026-04-08 06:54:59.450534
3970,app_opened,2026-04-12 20:54:59.450554
3970,account_created,2026-04-12 20:54:59.450554
3971,app_opened,2026-04-09 07:54:59.450567
3972,app_opened,2026-03-10 12:54:59.450574
3972,account_created,2026-03-10 19:54:59.450574
3972,kyc_started,2026-03-11 03:54:59.450574
3972,kyc_completed,2026-03-15 07:54:59.450574
3972,deposit_made,2026-03-15 12:54:59.450574
3972,transaction_made,2026-03-15 21:54:59.450574
3972,credit_product_viewed,2026-03-27 21:54:59.450574
3972,credit_application_started,2026-03-29 17:54:59.450574
3972,credit_application_completed,2026-03-29 21:54:59.450574
3973,app_opened,2026-04-13 02:54:59.450606
3973,account_created,2026-04-12 17:54:59.450606
3973,kyc_started,2026-04-14 05:54:59.450606
3973,kyc_completed,2026-04-17 23:54:59.450606
3973,deposit_made,2026-04-18 05:54:59.450606
3973,transaction_made,2026-04-18 20:54:59.450606
3974,app_opened,2026-03-24 05:54:59.450630
3974,account_created,2026-03-24 15:54:59.450630
3974,kyc_started,2026-03-27 01:54:59.450630
3974,kyc_completed,2026-03-31 22:54:59.450630
3975,app_opened,2026-03-16 05:54:59.450647
3975,account_created,2026-03-16 21:54:59.450647
3975,kyc_started,2026-03-18 10:54:59.450647
3975,kyc_completed,2026-03-21 19:54:59.450647
3976,app_opened,2026-04-14 19:54:59.450666
3976,account_created,2026-04-14 17:54:59.450666
3976,kyc_started,2026-04-15 09:54:59.450666
3976,kyc_completed,2026-04-19 06:54:59.450666
3977,app_opened,2026-03-27 22:54:59.450683
3977,account_created,2026-03-29 08:54:59.450683
3977,kyc_started,2026-04-01 05:54:59.450683
3978,app_opened,2026-04-17 22:54:59.450699
3978,account_created,2026-04-17 22:54:59.450699
3978,kyc_started,2026-04-19 15:54:59.450699
3978,kyc_completed,2026-04-21 22:54:59.450699
3978,deposit_made,2026-04-23 01:54:59.450699
3978,transaction_made,2026-04-23 05:54:59.450699
3978,credit_product_viewed,2026-05-01 05:54:59.450699
3978,credit_application_started,2026-05-02 05:54:59.450699
3978,credit_application_cancelled,2026-05-02 20:54:59.450699
3979,app_opened,2026-04-07 08:54:59.450732
3980,app_opened,2026-03-22 12:54:59.450739
3980,account_created,2026-03-23 04:54:59.450739
3980,kyc_started,2026-03-24 08:54:59.450739
3980,kyc_completed,2026-03-28 07:54:59.450739
3981,app_opened,2026-04-13 03:54:59.450756
3981,account_created,2026-04-12 22:54:59.450756
3981,kyc_started,2026-04-13 05:54:59.450756
3981,kyc_completed,2026-04-15 02:54:59.450756
3982,app_opened,2026-04-10 15:54:59.450773
3982,account_created,2026-04-10 09:54:59.450773
3982,kyc_started,2026-04-12 16:54:59.450773
3983,app_opened,2026-03-26 15:54:59.450787
3983,account_created,2026-03-28 05:54:59.450787
3983,kyc_started,2026-03-30 07:54:59.450787
3983,kyc_completed,2026-04-03 23:54:59.450787
3983,deposit_made,2026-04-04 07:54:59.450787
3984,app_opened,2026-04-02 11:54:59.450807
3984,account_created,2026-04-03 18:54:59.450807
3984,kyc_started,2026-04-03 23:54:59.450807
3985,app_opened,2026-04-15 18:54:59.450820
3985,account_created,2026-04-15 12:54:59.450820
3985,kyc_started,2026-04-16 09:54:59.450820
3986,app_opened,2026-03-30 20:54:59.450837
3986,account_created,2026-03-31 06:54:59.450837
3986,kyc_started,2026-04-02 02:54:59.450837
3987,app_opened,2026-04-03 06:54:59.450857
3987,account_created,2026-04-03 22:54:59.450857
3987,kyc_started,2026-04-04 14:54:59.450857
3987,kyc_completed,2026-04-07 01:54:59.450857
3988,app_opened,2026-04-05 04:54:59.450874
3988,account_created,2026-04-04 18:54:59.450874
3989,app_opened,2026-03-27 12:54:59.450885
3989,account_created,2026-03-28 02:54:59.450885
3989,kyc_started,2026-03-29 02:54:59.450885
3989,kyc_completed,2026-03-30 10:54:59.450885
3990,app_opened,2026-04-02 00:54:59.450902
3991,app_opened,2026-04-06 12:54:59.450909
3991,account_created,2026-04-06 20:54:59.450909
3992,app_opened,2026-03-23 10:54:59.450922
3992,account_created,2026-03-24 19:54:59.450922
3992,kyc_started,2026-03-26 05:54:59.450922
3992,kyc_completed,2026-03-27 17:54:59.450922
3993,app_opened,2026-03-13 17:54:59.450939
3993,account_created,2026-03-13 15:54:59.450939
3993,kyc_started,2026-03-14 19:54:59.450939
3994,app_opened,2026-03-10 16:54:59.450955
3994,account_created,2026-03-11 15:54:59.450955
3994,kyc_started,2026-03-14 10:54:59.450955
3995,app_opened,2026-03-28 04:54:59.450969
3995,account_created,2026-03-28 22:54:59.450969
3995,kyc_started,2026-03-30 14:54:59.450969
3995,kyc_completed,2026-04-03 16:54:59.450969
3996,app_opened,2026-04-10 05:54:59.450986
3996,account_created,2026-04-11 07:54:59.450986
3996,kyc_started,2026-04-12 06:54:59.450986
3997,app_opened,2026-03-20 00:54:59.451002
3997,account_created,2026-03-19 21:54:59.451002
3997,kyc_started,2026-03-20 09:54:59.451002
3997,kyc_completed,2026-03-24 02:54:59.451002
3997,deposit_made,2026-03-24 16:54:59.451002
3997,transaction_made,2026-03-25 12:54:59.451002
3998,app_opened,2026-03-21 23:54:59.451026
3998,account_created,2026-03-23 05:54:59.451026
3998,kyc_started,2026-03-25 19:54:59.451026
3999,app_opened,2026-03-03 18:54:59.451040
4000,app_opened,2026-03-03 14:54:59.451083
4000,account_created,2026-03-05 02:54:59.451083
4000,kyc_started,2026-03-06 00:54:59.451083
4001,app_opened,2026-03-31 12:54:59.451097
4001,account_created,2026-04-01 18:54:59.451097
4002,app_opened,2026-04-03 10:54:59.451108
4002,account_created,2026-04-04 00:54:59.451108
4002,kyc_started,2026-04-05 07:54:59.451108
4002,kyc_completed,2026-04-07 22:54:59.451108
4003,app_opened,2026-04-12 02:54:59.451125
4003,account_created,2026-04-12 04:54:59.451125
4003,kyc_started,2026-04-13 02:54:59.451125
4003,kyc_completed,2026-04-17 00:54:59.451125
4004,app_opened,2026-03-31 13:54:59.451142
4004,account_created,2026-04-02 03:54:59.451142
4004,kyc_started,2026-04-03 15:54:59.451142
4004,kyc_completed,2026-04-08 15:54:59.451142
4004,deposit_made,2026-04-10 12:54:59.451142
4004,transaction_made,2026-04-11 03:54:59.451142
4005,app_opened,2026-03-04 11:54:59.451167
4005,account_created,2026-03-06 08:54:59.451167
4005,kyc_started,2026-03-06 17:54:59.451167
4006,app_opened,2026-03-22 17:54:59.451183
4006,account_created,2026-03-23 21:54:59.451183
4006,kyc_started,2026-03-25 13:54:59.451183
4006,kyc_completed,2026-03-27 13:54:59.451183
4007,app_opened,2026-03-10 07:54:59.451200
4007,account_created,2026-03-09 21:54:59.451200
4007,kyc_started,2026-03-11 14:54:59.451200
4007,kyc_completed,2026-03-15 23:54:59.451200
4007,deposit_made,2026-03-16 20:54:59.451200
4008,app_opened,2026-03-06 05:54:59.451220
4008,account_created,2026-03-06 17:54:59.451220
4009,app_opened,2026-04-06 21:54:59.451230
4010,app_opened,2026-03-06 11:54:59.451237
4010,account_created,2026-03-06 21:54:59.451237
4010,kyc_started,2026-03-08 14:54:59.451237
4011,app_opened,2026-04-07 08:54:59.451250
4011,account_created,2026-04-06 20:54:59.451250
4011,kyc_started,2026-04-07 19:54:59.451250
4011,kyc_completed,2026-04-10 19:54:59.451250
4012,app_opened,2026-03-22 03:54:59.451267
4012,account_created,2026-03-22 12:54:59.451267
4012,kyc_started,2026-03-23 10:54:59.451267
4012,kyc_completed,2026-03-25 15:54:59.451267
4012,deposit_made,2026-03-26 16:54:59.451267
4012,transaction_made,2026-03-27 01:54:59.451267
4012,credit_product_viewed,2026-03-29 01:54:59.451267
4012,credit_application_started,2026-03-30 18:54:59.451267
4012,credit_application_cancelled,2026-03-31 01:54:59.451267
4013,app_opened,2026-03-11 06:54:59.451302
4013,account_created,2026-03-12 00:54:59.451302
4014,app_opened,2026-03-29 13:54:59.451317
4014,account_created,2026-03-31 01:54:59.451317
4015,app_opened,2026-03-30 09:54:59.451327
4015,account_created,2026-04-01 04:54:59.451327
4015,kyc_started,2026-04-02 05:54:59.451327
4015,kyc_completed,2026-04-04 05:54:59.451327
4015,deposit_made,2026-04-05 01:54:59.451327
4015,transaction_made,2026-04-05 19:54:59.451327
4016,app_opened,2026-04-02 17:54:59.451370
4016,account_created,2026-04-03 08:54:59.451370
4016,kyc_started,2026-04-06 04:54:59.451370
4016,kyc_completed,2026-04-10 10:54:59.451370
4016,deposit_made,2026-04-10 13:54:59.451370
4016,transaction_made,2026-04-11 01:54:59.451370
4017,app_opened,2026-04-06 18:54:59.451389
4017,account_created,2026-04-07 20:54:59.451389
4017,kyc_started,2026-04-08 14:54:59.451389
4017,kyc_completed,2026-04-11 09:54:59.451389
4017,deposit_made,2026-04-12 03:54:59.451389
4017,transaction_made,2026-04-12 04:54:59.451389
4018,app_opened,2026-03-26 14:54:59.451409
4019,app_opened,2026-03-14 05:54:59.451415
4020,app_opened,2026-03-16 04:54:59.451424
4021,app_opened,2026-03-10 17:54:59.451431
4022,app_opened,2026-03-19 05:54:59.451437
4023,app_opened,2026-04-03 03:54:59.451444
4023,account_created,2026-04-03 23:54:59.451444
4024,app_opened,2026-03-21 18:54:59.451454
4024,account_created,2026-03-22 05:54:59.451454
4024,kyc_started,2026-03-24 18:54:59.451454
4024,kyc_completed,2026-03-25 23:54:59.451454
4024,deposit_made,2026-03-26 07:54:59.451454
4025,app_opened,2026-03-15 15:54:59.451478
4025,account_created,2026-03-16 22:54:59.451478
4026,app_opened,2026-03-27 17:54:59.451488
4026,account_created,2026-03-28 17:54:59.451488
4027,app_opened,2026-04-04 17:54:59.451498
4028,app_opened,2026-03-10 05:54:59.451505
4028,account_created,2026-03-10 09:54:59.451505
4028,kyc_started,2026-03-12 17:54:59.451505
4028,kyc_completed,2026-03-16 20:54:59.451505
4029,app_opened,2026-03-11 17:54:59.451522
4029,account_created,2026-03-12 11:54:59.451522
4030,app_opened,2026-03-20 07:54:59.451532
4031,app_opened,2026-03-07 09:54:59.451538
4032,app_opened,2026-03-22 03:54:59.451545
4032,account_created,2026-03-22 01:54:59.451545
4032,kyc_started,2026-03-22 12:54:59.451545
4032,kyc_completed,2026-03-24 15:54:59.451545
4033,app_opened,2026-04-02 07:54:59.451563
4034,app_opened,2026-03-20 12:54:59.451569
4034,account_created,2026-03-21 15:54:59.451569
4035,app_opened,2026-03-22 22:54:59.451580
4035,account_created,2026-03-22 09:54:59.451580
4035,kyc_started,2026-03-22 19:54:59.451580
4035,kyc_completed,2026-03-26 11:54:59.451580
4035,deposit_made,2026-03-26 13:54:59.451580
4035,transaction_made,2026-03-27 02:54:59.451580
4036,app_opened,2026-03-30 17:54:59.451606
4036,account_created,2026-04-01 07:54:59.451606
4036,kyc_started,2026-04-02 10:54:59.451606
4036,kyc_completed,2026-04-04 12:54:59.451606
4037,app_opened,2026-03-26 04:54:59.451628
4038,app_opened,2026-03-22 03:54:59.451636
4038,account_created,2026-03-21 10:54:59.451636
4039,app_opened,2026-03-31 19:54:59.451647
4039,account_created,2026-03-31 10:54:59.451647
4039,kyc_started,2026-04-02 15:54:59.451647
4039,kyc_completed,2026-04-07 09:54:59.451647
4040,app_opened,2026-04-04 00:54:59.451664
4040,account_created,2026-04-03 11:54:59.451664
4040,kyc_started,2026-04-04 21:54:59.451664
4041,app_opened,2026-03-13 22:54:59.451677
4041,account_created,2026-03-15 05:54:59.451677
4041,kyc_started,2026-03-16 03:54:59.451677
4042,app_opened,2026-03-20 12:54:59.451691
4042,account_created,2026-03-20 11:54:59.451691
4043,app_opened,2026-03-27 10:54:59.451701
4044,app_opened,2026-03-05 16:54:59.451708
4044,account_created,2026-03-07 06:54:59.451708
4045,app_opened,2026-03-22 08:54:59.451718
4045,account_created,2026-03-22 09:54:59.451718
4046,app_opened,2026-03-30 01:54:59.451728
4047,app_opened,2026-04-14 05:54:59.451735
4047,account_created,2026-04-14 00:54:59.451735
4047,kyc_started,2026-04-15 13:54:59.451735
4047,kyc_completed,2026-04-20 12:54:59.451735
4047,deposit_made,2026-04-22 00:54:59.451735
4048,app_opened,2026-03-06 21:54:59.451755
4048,account_created,2026-03-07 17:54:59.451755
4048,kyc_started,2026-03-07 20:54:59.451755
4049,app_opened,2026-04-12 09:54:59.451771
4049,account_created,2026-04-12 18:54:59.451771
4049,kyc_started,2026-04-14 19:54:59.451771
4050,app_opened,2026-04-13 04:54:59.451785
4050,account_created,2026-04-12 09:54:59.451785
4051,app_opened,2026-03-08 01:54:59.451797
4052,app_opened,2026-04-09 07:54:59.451804
4052,account_created,2026-04-09 07:54:59.451804
4052,kyc_started,2026-04-11 20:54:59.451804
4052,kyc_completed,2026-04-13 23:54:59.451804
4052,deposit_made,2026-04-15 02:54:59.451804
4052,transaction_made,2026-04-15 09:54:59.451804
4053,app_opened,2026-04-04 17:54:59.451828
4053,account_created,2026-04-05 03:54:59.451828
4053,kyc_started,2026-04-06 13:54:59.451828
4053,kyc_completed,2026-04-10 17:54:59.451828
4053,deposit_made,2026-04-12 17:54:59.451828
4053,transaction_made,2026-04-13 01:54:59.451828
4053,credit_product_viewed,2026-04-15 01:54:59.451828
4053,credit_application_started,2026-04-16 21:54:59.451828
4053,credit_application_cancelled,2026-04-17 04:54:59.451828
4054,app_opened,2026-04-03 20:54:59.451866
4054,account_created,2026-04-04 11:54:59.451866
4054,kyc_started,2026-04-04 18:54:59.451866
4054,kyc_completed,2026-04-06 22:54:59.451866
4055,app_opened,2026-03-20 18:54:59.451883
4055,account_created,2026-03-21 07:54:59.451883
4055,kyc_started,2026-03-23 14:54:59.451883
4055,kyc_completed,2026-03-26 18:54:59.451883
4056,app_opened,2026-03-24 16:54:59.451903
4057,app_opened,2026-03-21 02:54:59.451910
4057,account_created,2026-03-20 11:54:59.451910
4057,kyc_started,2026-03-23 10:54:59.451910
4058,app_opened,2026-03-11 00:54:59.451926
4058,account_created,2026-03-11 01:54:59.451926
4059,app_opened,2026-03-26 04:54:59.451938
4059,account_created,2026-03-26 03:54:59.451938
4059,kyc_started,2026-03-27 16:54:59.451938
4060,app_opened,2026-03-03 19:54:59.451954
4060,account_created,2026-03-04 07:54:59.451954
4061,app_opened,2026-03-21 08:54:59.451965
4061,account_created,2026-03-21 01:54:59.451965
4062,app_opened,2026-04-16 16:54:59.451975
4062,account_created,2026-04-17 14:54:59.451975
4062,kyc_started,2026-04-20 03:54:59.451975
4062,kyc_completed,2026-04-22 12:54:59.451975
4063,app_opened,2026-04-17 00:54:59.451992
4063,account_created,2026-04-17 07:54:59.451992
4063,kyc_started,2026-04-19 16:54:59.451992
4063,kyc_completed,2026-04-22 06:54:59.451992
4063,deposit_made,2026-04-23 03:54:59.451992
4063,transaction_made,2026-04-23 10:54:59.451992
4064,app_opened,2026-04-04 10:54:59.452015
4064,account_created,2026-04-04 12:54:59.452015
4065,app_opened,2026-03-08 07:54:59.452025
4065,account_created,2026-03-08 02:54:59.452025
4066,app_opened,2026-03-22 20:54:59.452036
4066,account_created,2026-03-24 07:54:59.452036
4066,kyc_started,2026-03-25 14:54:59.452036
4067,app_opened,2026-04-01 19:54:59.452049
4067,account_created,2026-04-02 06:54:59.452049
4067,kyc_started,2026-04-04 13:54:59.452049
4067,kyc_completed,2026-04-07 08:54:59.452049
4068,app_opened,2026-04-06 06:54:59.452066
4068,account_created,2026-04-06 11:54:59.452066
4068,kyc_started,2026-04-06 16:54:59.452066
4069,app_opened,2026-03-06 09:54:59.452080
4070,app_opened,2026-04-15 17:54:59.452087
4070,account_created,2026-04-16 21:54:59.452087
4071,app_opened,2026-04-13 10:54:59.452100
4071,account_created,2026-04-14 04:54:59.452100
4071,kyc_started,2026-04-16 03:54:59.452100
4072,app_opened,2026-04-13 11:54:59.452113
4072,account_created,2026-04-14 23:54:59.452113
4072,kyc_started,2026-04-17 03:54:59.452113
4073,app_opened,2026-04-12 11:54:59.452127
4073,account_created,2026-04-14 04:54:59.452127
4074,app_opened,2026-03-16 15:54:59.452137
4074,account_created,2026-03-17 13:54:59.452137
4075,app_opened,2026-03-31 21:54:59.452147
4075,account_created,2026-04-01 04:54:59.452147
4076,app_opened,2026-03-18 23:54:59.452157
4076,account_created,2026-03-18 14:54:59.452157
4076,kyc_started,2026-03-20 19:54:59.452157
4076,kyc_completed,2026-03-25 08:54:59.452157
4076,deposit_made,2026-03-27 07:54:59.452157
4076,transaction_made,2026-03-28 02:54:59.452157
4077,app_opened,2026-03-07 05:54:59.452645
4078,app_opened,2026-03-25 02:54:59.452656
4079,app_opened,2026-03-04 04:54:59.452664
4079,account_created,2026-03-04 08:54:59.452664
4080,app_opened,2026-03-25 21:54:59.452678
4080,account_created,2026-03-26 23:54:59.452678
4080,kyc_started,2026-03-27 02:54:59.452678
4080,kyc_completed,2026-03-31 09:54:59.452678
4080,deposit_made,2026-04-02 07:54:59.452678
4080,transaction_made,2026-04-02 15:54:59.452678
4081,app_opened,2026-04-18 08:54:59.452704
4081,account_created,2026-04-19 06:54:59.452704
4081,kyc_started,2026-04-21 13:54:59.452704
4082,app_opened,2026-04-16 19:54:59.452719
4082,account_created,2026-04-17 15:54:59.452719
4082,kyc_started,2026-04-20 12:54:59.452719
4082,kyc_completed,2026-04-22 07:54:59.452719
4082,deposit_made,2026-04-22 11:54:59.452719
4082,transaction_made,2026-04-22 18:54:59.452719
4083,app_opened,2026-03-14 21:54:59.452743
4083,account_created,2026-03-15 04:54:59.452743
4083,kyc_started,2026-03-17 14:54:59.452743
4084,app_opened,2026-04-05 02:54:59.452757
4084,account_created,2026-04-04 14:54:59.452757
4084,kyc_started,2026-04-07 07:54:59.452757
4084,kyc_completed,2026-04-09 16:54:59.452757
4084,deposit_made,2026-04-10 12:54:59.452757
4085,app_opened,2026-04-17 15:54:59.452778
4085,account_created,2026-04-18 01:54:59.452778
4085,kyc_started,2026-04-18 04:54:59.452778
4086,app_opened,2026-03-05 14:54:59.452791
4087,app_opened,2026-04-04 01:54:59.452798
4087,account_created,2026-04-03 23:54:59.452798
4088,app_opened,2026-04-13 02:54:59.452808
4089,app_opened,2026-03-06 07:54:59.452815
4089,account_created,2026-03-06 11:54:59.452815
4089,kyc_started,2026-03-09 03:54:59.452815
4089,kyc_completed,2026-03-10 15:54:59.452815
4089,deposit_made,2026-03-11 05:54:59.452815
4090,app_opened,2026-04-14 01:54:59.452835
4090,account_created,2026-04-13 09:54:59.452835
4090,kyc_started,2026-04-16 03:54:59.452835
4090,kyc_completed,2026-04-18 13:54:59.452835
4091,app_opened,2026-03-22 19:54:59.452860
4091,account_created,2026-03-22 14:54:59.452860
4091,kyc_started,2026-03-25 10:54:59.452860
4092,app_opened,2026-03-26 05:54:59.452882
4092,account_created,2026-03-25 16:54:59.452882
4092,kyc_started,2026-03-27 10:54:59.452882
4092,kyc_completed,2026-03-31 17:54:59.452882
4093,app_opened,2026-04-15 03:54:59.452899
4093,account_created,2026-04-16 06:54:59.452899
4094,app_opened,2026-04-13 14:54:59.452910
4095,app_opened,2026-03-13 21:54:59.452917
4095,account_created,2026-03-14 18:54:59.452917
4096,app_opened,2026-04-10 21:54:59.452927
4096,account_created,2026-04-12 00:54:59.452927
4096,kyc_started,2026-04-14 21:54:59.452927
4096,kyc_completed,2026-04-16 09:54:59.452927
4097,app_opened,2026-03-30 02:54:59.452944
4097,account_created,2026-03-30 21:54:59.452944
4097,kyc_started,2026-03-31 03:54:59.452944
4098,app_opened,2026-04-06 02:54:59.452958
4098,account_created,2026-04-06 01:54:59.452958
4099,app_opened,2026-04-05 17:54:59.452968
4099,account_created,2026-04-06 23:54:59.452968
4100,app_opened,2026-04-06 18:54:59.452978
4101,app_opened,2026-04-12 07:54:59.452985
4101,account_created,2026-04-12 08:54:59.452985
4101,kyc_started,2026-04-13 15:54:59.452985
4102,app_opened,2026-04-15 03:54:59.453001
4102,account_created,2026-04-14 15:54:59.453001
4102,kyc_started,2026-04-17 09:54:59.453001
4102,kyc_completed,2026-04-20 21:54:59.453001
4103,app_opened,2026-03-30 11:54:59.453018
4104,app_opened,2026-03-31 08:54:59.453025
4104,account_created,2026-03-30 21:54:59.453025
4104,kyc_started,2026-04-01 16:54:59.453025
4105,app_opened,2026-03-26 20:54:59.453040
4105,account_created,2026-03-26 12:54:59.453040
4106,app_opened,2026-03-28 16:54:59.453050
4106,account_created,2026-03-28 12:54:59.453050
4107,app_opened,2026-03-30 09:54:59.453060
4107,account_created,2026-03-31 19:54:59.453060
4107,kyc_started,2026-04-01 08:54:59.453060
4108,app_opened,2026-03-10 08:54:59.453077
4108,account_created,2026-03-11 00:54:59.453077
4108,kyc_started,2026-03-12 17:54:59.453077
4108,kyc_completed,2026-03-15 21:54:59.453077
4109,app_opened,2026-03-03 22:54:59.453094
4109,account_created,2026-03-04 04:54:59.453094
4109,kyc_started,2026-03-05 19:54:59.453094
4109,kyc_completed,2026-03-09 18:54:59.453094
4110,app_opened,2026-04-07 04:54:59.453111
4110,account_created,2026-04-06 18:54:59.453111
4110,kyc_started,2026-04-08 05:54:59.453111
4110,kyc_completed,2026-04-09 12:54:59.453111
4110,deposit_made,2026-04-11 08:54:59.453111
4110,transaction_made,2026-04-12 04:54:59.453111
4111,app_opened,2026-04-11 09:54:59.453134
4111,account_created,2026-04-11 15:54:59.453134
4112,app_opened,2026-03-25 05:54:59.453145
4112,account_created,2026-03-26 00:54:59.453145
4112,kyc_started,2026-03-26 08:54:59.453145
4113,app_opened,2026-03-05 08:54:59.453158
4113,account_created,2026-03-04 17:54:59.453158
4113,kyc_started,2026-03-06 02:54:59.453158
4113,kyc_completed,2026-03-11 00:54:59.453158
4113,deposit_made,2026-03-12 11:54:59.453158
4113,transaction_made,2026-03-13 04:54:59.453158
4114,app_opened,2026-04-09 06:54:59.453186
4114,account_created,2026-04-09 16:54:59.453186
4114,kyc_started,2026-04-11 20:54:59.453186
4114,kyc_completed,2026-04-14 20:54:59.453186
4115,app_opened,2026-03-12 21:54:59.453203
4116,app_opened,2026-04-17 01:54:59.453209
4116,account_created,2026-04-17 02:54:59.453209
4116,kyc_started,2026-04-17 14:54:59.453209
4117,app_opened,2026-04-17 20:54:59.453223
4117,account_created,2026-04-17 17:54:59.453223
4117,kyc_started,2026-04-19 15:54:59.453223
4117,kyc_completed,2026-04-21 07:54:59.453223
4118,app_opened,2026-03-19 10:54:59.453241
4118,account_created,2026-03-19 19:54:59.453241
4118,kyc_started,2026-03-20 01:54:59.453241
4119,app_opened,2026-03-06 23:54:59.453253
4120,app_opened,2026-04-01 02:54:59.453260
4120,account_created,2026-04-01 16:54:59.453260
4121,app_opened,2026-04-01 15:54:59.453270
4121,account_created,2026-04-01 16:54:59.453270
4121,kyc_started,2026-04-03 13:54:59.453270
4121,kyc_completed,2026-04-06 07:54:59.453270
4121,deposit_made,2026-04-08 05:54:59.453270
4122,app_opened,2026-03-28 06:54:59.453293
4123,app_opened,2026-03-07 09:54:59.453300
4123,account_created,2026-03-07 18:54:59.453300
4124,app_opened,2026-03-15 21:54:59.453310
4124,account_created,2026-03-16 09:54:59.453310
4124,kyc_started,2026-03-19 08:54:59.453310
4124,kyc_completed,2026-03-21 07:54:59.453310
4124,deposit_made,2026-03-22 10:54:59.453310
4124,transaction_made,2026-03-22 20:54:59.453310
4125,app_opened,2026-04-01 23:54:59.453344
4126,app_opened,2026-03-24 07:54:59.453350
4127,app_opened,2026-03-27 10:54:59.453355
4127,account_created,2026-03-27 10:54:59.453355
4127,kyc_started,2026-03-27 21:54:59.453355
4128,app_opened,2026-03-12 01:54:59.453365
4128,account_created,2026-03-12 10:54:59.453365
4129,app_opened,2026-04-01 15:54:59.453373
4129,account_created,2026-04-02 09:54:59.453373
4129,kyc_started,2026-04-04 07:54:59.453373
4129,kyc_completed,2026-04-06 00:54:59.453373
4129,deposit_made,2026-04-07 12:54:59.453373
4129,transaction_made,2026-04-08 05:54:59.453373
4130,app_opened,2026-03-21 08:54:59.453391
4131,app_opened,2026-03-26 22:54:59.453396
4131,account_created,2026-03-28 00:54:59.453396
4131,kyc_started,2026-03-29 07:54:59.453396
4131,kyc_completed,2026-04-01 08:54:59.453396
4132,app_opened,2026-04-14 22:54:59.453410
4132,account_created,2026-04-14 17:54:59.453410
4133,app_opened,2026-04-16 11:54:59.453419
4134,app_opened,2026-04-06 02:54:59.453426
4134,account_created,2026-04-06 02:54:59.453426
4134,kyc_started,2026-04-07 14:54:59.453426
4135,app_opened,2026-03-20 11:54:59.453439
4135,account_created,2026-03-22 00:54:59.453439
4135,kyc_started,2026-03-24 18:54:59.453439
4135,kyc_completed,2026-03-27 12:54:59.453439
4135,deposit_made,2026-03-29 11:54:59.453439
4135,transaction_made,2026-03-30 04:54:59.453439
4136,app_opened,2026-03-29 08:54:59.453465
4136,account_created,2026-03-28 19:54:59.453465
4137,app_opened,2026-03-12 18:54:59.453474
4137,account_created,2026-03-13 22:54:59.453474
4138,app_opened,2026-04-10 17:54:59.453483
4138,account_created,2026-04-11 21:54:59.453483
4139,app_opened,2026-03-25 16:54:59.453492
4139,account_created,2026-03-25 17:54:59.453492
4139,kyc_started,2026-03-27 15:54:59.453492
4140,app_opened,2026-03-23 00:54:59.453505
4140,account_created,2026-03-22 12:54:59.453505
4141,app_opened,2026-03-28 08:54:59.453515
4141,account_created,2026-03-29 03:54:59.453515
4142,app_opened,2026-03-17 09:54:59.453524
4142,account_created,2026-03-18 01:54:59.453524
4143,app_opened,2026-03-15 21:54:59.453533
4143,account_created,2026-03-16 18:54:59.453533
4144,app_opened,2026-03-22 19:54:59.453543
4144,account_created,2026-03-24 03:54:59.453543
4144,kyc_started,2026-03-25 01:54:59.453543
4144,kyc_completed,2026-03-29 13:54:59.453543
4145,app_opened,2026-03-15 06:54:59.453558
4145,account_created,2026-03-14 19:54:59.453558
4145,kyc_started,2026-03-15 17:54:59.453558
4146,app_opened,2026-04-17 12:54:59.453570
4146,account_created,2026-04-17 18:54:59.453570
4146,kyc_started,2026-04-18 21:54:59.453570
4146,kyc_completed,2026-04-22 14:54:59.453570
4147,app_opened,2026-03-22 02:54:59.453589
4147,account_created,2026-03-23 04:54:59.453589
4148,app_opened,2026-03-22 00:54:59.453598
4149,app_opened,2026-03-09 00:54:59.453607
4149,account_created,2026-03-10 00:54:59.453607
4150,app_opened,2026-03-31 19:54:59.453617
4150,account_created,2026-03-31 23:54:59.453617
4150,kyc_started,2026-04-02 10:54:59.453617
4151,app_opened,2026-03-12 19:54:59.453630
4151,account_created,2026-03-13 15:54:59.453630
4151,kyc_started,2026-03-14 02:54:59.453630
4151,kyc_completed,2026-03-18 11:54:59.453630
4151,deposit_made,2026-03-19 18:54:59.453630
4151,transaction_made,2026-03-20 06:54:59.453630
4152,app_opened,2026-03-03 19:54:59.453651
4152,account_created,2026-03-03 19:54:59.453651
4153,app_opened,2026-03-05 04:54:59.453660
4153,account_created,2026-03-05 19:54:59.453660
4154,app_opened,2026-03-31 11:54:59.453669
4155,app_opened,2026-04-14 07:54:59.453675
4155,account_created,2026-04-14 18:54:59.453675
4155,kyc_started,2026-04-15 15:54:59.453675
4155,kyc_completed,2026-04-18 08:54:59.453675
4156,app_opened,2026-03-07 12:54:59.453691
4156,account_created,2026-03-09 00:54:59.453691
4156,kyc_started,2026-03-10 09:54:59.453691
4156,kyc_completed,2026-03-12 19:54:59.453691
4157,app_opened,2026-03-26 19:54:59.453706
4157,account_created,2026-03-27 07:54:59.453706
4158,app_opened,2026-03-21 18:54:59.453716
4159,app_opened,2026-03-09 21:54:59.453722
4159,account_created,2026-03-10 23:54:59.453722
4159,kyc_started,2026-03-11 01:54:59.453722
4160,app_opened,2026-04-15 03:54:59.453734
4161,app_opened,2026-03-27 08:54:59.453740
4161,account_created,2026-03-26 20:54:59.453740
4161,kyc_started,2026-03-27 11:54:59.453740
4161,kyc_completed,2026-03-29 11:54:59.453740
4162,app_opened,2026-04-13 08:54:59.453759
4162,account_created,2026-04-13 15:54:59.453759
4162,kyc_started,2026-04-14 11:54:59.453759
4162,kyc_completed,2026-04-16 22:54:59.453759
4162,deposit_made,2026-04-18 08:54:59.453759
4162,transaction_made,2026-04-19 02:54:59.453759
4163,app_opened,2026-04-04 18:54:59.453781
4163,account_created,2026-04-05 23:54:59.453781
4163,kyc_started,2026-04-08 00:54:59.453781
4163,kyc_completed,2026-04-09 06:54:59.453781
4164,app_opened,2026-03-15 17:54:59.453796
4164,account_created,2026-03-17 05:54:59.453796
4164,kyc_started,2026-03-17 16:54:59.453796
4165,app_opened,2026-03-16 10:54:59.453808
4165,account_created,2026-03-16 22:54:59.453808
4165,kyc_started,2026-03-18 13:54:59.453808
4165,kyc_completed,2026-03-19 22:54:59.453808
4166,app_opened,2026-03-27 16:54:59.453827
4166,account_created,2026-03-28 00:54:59.453827
4166,kyc_started,2026-03-30 20:54:59.453827
4166,kyc_completed,2026-04-04 19:54:59.453827
4166,deposit_made,2026-04-05 18:54:59.453827
4166,transaction_made,2026-04-06 03:54:59.453827
4167,app_opened,2026-04-16 20:54:59.453861
4167,account_created,2026-04-16 18:54:59.453861
4168,app_opened,2026-04-16 04:54:59.453870
4169,app_opened,2026-03-17 17:54:59.453877
4170,app_opened,2026-03-24 05:54:59.453883
4170,account_created,2026-03-24 16:54:59.453883
4170,kyc_started,2026-03-26 11:54:59.453883
4171,app_opened,2026-03-24 07:54:59.453900
4172,app_opened,2026-03-30 04:54:59.453907
4172,account_created,2026-03-29 15:54:59.453907
4172,kyc_started,2026-03-30 11:54:59.453907
4173,app_opened,2026-03-26 22:54:59.453919
4173,account_created,2026-03-28 01:54:59.453919
4174,app_opened,2026-04-09 01:54:59.453929
4174,account_created,2026-04-08 11:54:59.453929
4174,kyc_started,2026-04-08 22:54:59.453929
4175,app_opened,2026-03-26 19:54:59.453941
4175,account_created,2026-03-28 02:54:59.453941
4176,app_opened,2026-04-05 02:54:59.453950
4176,account_created,2026-04-04 10:54:59.453950
4176,kyc_started,2026-04-06 21:54:59.453950
4176,kyc_completed,2026-04-09 13:54:59.453950
4177,app_opened,2026-04-12 14:54:59.453966
4177,account_created,2026-04-13 11:54:59.453966
4177,kyc_started,2026-04-15 11:54:59.453966
4177,kyc_completed,2026-04-19 21:54:59.453966
4178,app_opened,2026-03-31 08:54:59.453981
4178,account_created,2026-03-31 13:54:59.453981
4178,kyc_started,2026-03-31 16:54:59.453981
4179,app_opened,2026-03-27 11:54:59.453994
4179,account_created,2026-03-28 21:54:59.453994
4179,kyc_started,2026-03-29 10:54:59.453994
4180,app_opened,2026-04-13 23:54:59.454006
4180,account_created,2026-04-14 08:54:59.454006
4180,kyc_started,2026-04-15 20:54:59.454006
4180,kyc_completed,2026-04-18 11:54:59.454006
4181,app_opened,2026-04-07 19:54:59.454023
4181,account_created,2026-04-07 15:54:59.454023
4181,kyc_started,2026-04-09 03:54:59.454023
4182,app_opened,2026-04-07 01:54:59.454040
4182,account_created,2026-04-07 00:54:59.454040
4182,kyc_started,2026-04-08 20:54:59.454040
4183,app_opened,2026-03-18 17:54:59.454052
4183,account_created,2026-03-19 12:54:59.454052
4183,kyc_started,2026-03-21 05:54:59.454052
4183,kyc_completed,2026-03-22 09:54:59.454052
4183,deposit_made,2026-03-23 09:54:59.454052
4183,transaction_made,2026-03-24 09:54:59.454052
4184,app_opened,2026-03-08 07:54:59.454073
4184,account_created,2026-03-08 04:54:59.454073
4184,kyc_started,2026-03-10 12:54:59.454073
4184,kyc_completed,2026-03-15 00:54:59.454073
4184,deposit_made,2026-03-15 22:54:59.454073
4185,app_opened,2026-03-12 14:54:59.454092
4186,app_opened,2026-04-18 03:54:59.454099
4186,account_created,2026-04-19 00:54:59.454099
4187,app_opened,2026-04-15 00:54:59.454108
4187,account_created,2026-04-16 05:54:59.454108
4187,kyc_started,2026-04-16 20:54:59.454108
4187,kyc_completed,2026-04-19 18:54:59.454108
4188,app_opened,2026-03-19 12:54:59.454124
4189,app_opened,2026-03-06 10:54:59.454130
4189,account_created,2026-03-07 06:54:59.454130
4189,kyc_started,2026-03-09 18:54:59.454130
4189,kyc_completed,2026-03-11 23:54:59.454130
4190,app_opened,2026-03-09 17:54:59.454148
4190,account_created,2026-03-09 13:54:59.454148
4191,app_opened,2026-03-06 17:54:59.454158
4191,account_created,2026-03-07 15:54:59.454158
4191,kyc_started,2026-03-09 13:54:59.454158
4192,app_opened,2026-03-20 01:54:59.454172
4192,account_created,2026-03-20 01:54:59.454172
4192,kyc_started,2026-03-21 21:54:59.454172
4192,kyc_completed,2026-03-26 18:54:59.454172
4193,app_opened,2026-03-29 12:54:59.454188
4193,account_created,2026-03-30 06:54:59.454188
4194,app_opened,2026-03-25 23:54:59.454197
4194,account_created,2026-03-27 03:54:59.454197
4194,kyc_started,2026-03-28 10:54:59.454197
4195,app_opened,2026-03-14 20:54:59.454213
4196,app_opened,2026-03-27 02:54:59.454220
4196,account_created,2026-03-28 04:54:59.454220
4197,app_opened,2026-03-27 00:54:59.454230
4197,account_created,2026-03-27 04:54:59.454230
4198,app_opened,2026-03-26 01:54:59.454239
4198,account_created,2026-03-26 11:54:59.454239
4198,kyc_started,2026-03-27 07:54:59.454239
4199,app_opened,2026-03-15 17:54:59.454251
4199,account_created,2026-03-15 16:54:59.454251
4200,app_opened,2026-03-22 14:54:59.454261
4200,account_created,2026-03-24 08:54:59.454261
4201,app_opened,2026-03-08 18:54:59.454270
4201,account_created,2026-03-09 04:54:59.454270
4201,kyc_started,2026-03-09 18:54:59.454270
4201,kyc_completed,2026-03-13 21:54:59.454270
4202,app_opened,2026-03-21 05:54:59.454289
4202,account_created,2026-03-21 01:54:59.454289
4203,app_opened,2026-03-18 06:54:59.454299
4203,account_created,2026-03-19 07:54:59.454299
4204,app_opened,2026-03-04 16:54:59.454308
4205,app_opened,2026-04-11 02:54:59.454315
4205,account_created,2026-04-11 05:54:59.454315
4205,kyc_started,2026-04-11 11:54:59.454315
4205,kyc_completed,2026-04-13 14:54:59.454315
4205,deposit_made,2026-04-14 09:54:59.454315
4205,transaction_made,2026-04-14 22:54:59.454315
4205,credit_product_viewed,2026-04-22 22:54:59.454315
4205,credit_application_started,2026-04-23 00:54:59.454315
4205,credit_application_completed,2026-04-23 13:54:59.454315
4206,app_opened,2026-04-11 09:54:59.454369
4206,account_created,2026-04-12 07:54:59.454369
4206,kyc_started,2026-04-12 11:54:59.454369
4207,app_opened,2026-04-15 12:54:59.454385
4207,account_created,2026-04-15 11:54:59.454385
4208,app_opened,2026-03-20 03:54:59.454395
4208,account_created,2026-03-20 02:54:59.454395
4208,kyc_started,2026-03-22 17:54:59.454395
4208,kyc_completed,2026-03-27 10:54:59.454395
4209,app_opened,2026-03-15 19:54:59.454409
4209,account_created,2026-03-15 15:54:59.454409
4209,kyc_started,2026-03-16 11:54:59.454409
4209,kyc_completed,2026-03-19 09:54:59.454409
4210,app_opened,2026-04-03 06:54:59.454425
4210,account_created,2026-04-03 22:54:59.454425
4210,kyc_started,2026-04-06 02:54:59.454425
4211,app_opened,2026-03-26 15:54:59.454438
4211,account_created,2026-03-27 16:54:59.454438
4212,app_opened,2026-03-26 06:54:59.454450
4212,account_created,2026-03-27 06:54:59.454450
4212,kyc_started,2026-03-29 11:54:59.454450
4212,kyc_completed,2026-03-30 18:54:59.454450
4212,deposit_made,2026-03-31 03:54:59.454450
4212,transaction_made,2026-03-31 10:54:59.454450
4212,credit_product_viewed,2026-04-02 10:54:59.454450
4212,credit_application_started,2026-04-03 00:54:59.454450
4212,credit_application_completed,2026-04-03 12:54:59.454450
4213,app_opened,2026-04-11 15:54:59.454482
4213,account_created,2026-04-11 13:54:59.454482
4213,kyc_started,2026-04-11 20:54:59.454482
4214,app_opened,2026-03-29 14:54:59.454494
4214,account_created,2026-03-30 04:54:59.454494
4215,app_opened,2026-04-03 22:54:59.454504
4215,account_created,2026-04-05 04:54:59.454504
4216,app_opened,2026-03-29 00:54:59.454513
4216,account_created,2026-03-30 07:54:59.454513
4216,kyc_started,2026-04-01 16:54:59.454513
4217,app_opened,2026-04-14 07:54:59.454526
4217,account_created,2026-04-13 10:54:59.454526
4217,kyc_started,2026-04-13 12:54:59.454526
4218,app_opened,2026-03-20 06:54:59.454538
4218,account_created,2026-03-20 08:54:59.454538
4219,app_opened,2026-03-21 20:54:59.454548
4219,account_created,2026-03-21 18:54:59.454548
4219,kyc_started,2026-03-21 22:54:59.454548
4219,kyc_completed,2026-03-24 17:54:59.454548
4219,deposit_made,2026-03-26 12:54:59.454548
4219,transaction_made,2026-03-27 12:54:59.454548
4220,app_opened,2026-03-11 17:54:59.454569
4220,account_created,2026-03-11 13:54:59.454569
4220,kyc_started,2026-03-14 06:54:59.454569
4221,app_opened,2026-03-15 21:54:59.454582
4221,account_created,2026-03-16 22:54:59.454582
4221,kyc_started,2026-03-17 15:54:59.454582
4222,app_opened,2026-04-05 14:54:59.454597
4222,account_created,2026-04-07 01:54:59.454597
4222,kyc_started,2026-04-08 19:54:59.454597
4223,app_opened,2026-03-24 11:54:59.454612
4224,app_opened,2026-03-12 00:54:59.454618
4224,account_created,2026-03-12 19:54:59.454618
4224,kyc_started,2026-03-13 14:54:59.454618
4225,app_opened,2026-03-09 18:54:59.454631
4225,account_created,2026-03-10 05:54:59.454631
4225,kyc_started,2026-03-11 15:54:59.454631
4226,app_opened,2026-03-31 21:54:59.454644
4227,app_opened,2026-03-04 15:54:59.454651
4227,account_created,2026-03-06 04:54:59.454651
4228,app_opened,2026-03-31 18:54:59.454661
4229,app_opened,2026-04-11 01:54:59.454667
4229,account_created,2026-04-12 05:54:59.454667
4229,kyc_started,2026-04-14 01:54:59.454667
4229,kyc_completed,2026-04-17 01:54:59.454667
4230,app_opened,2026-04-06 01:54:59.454683
4231,app_opened,2026-03-05 19:54:59.454690
4231,account_created,2026-03-05 22:54:59.454690
4231,kyc_started,2026-03-08 20:54:59.454690
4231,kyc_completed,2026-03-12 23:54:59.454690
4231,deposit_made,2026-03-14 22:54:59.454690
4231,transaction_made,2026-03-15 08:54:59.454690
4232,app_opened,2026-03-14 17:54:59.454710
4233,app_opened,2026-04-12 17:54:59.454717
4233,account_created,2026-04-12 17:54:59.454717
4233,kyc_started,2026-04-13 03:54:59.454717
4233,kyc_completed,2026-04-16 21:54:59.454717
4233,deposit_made,2026-04-17 13:54:59.454717
4233,transaction_made,2026-04-17 15:54:59.454717
4234,app_opened,2026-04-10 14:54:59.454741
4234,account_created,2026-04-11 19:54:59.454741
4234,kyc_started,2026-04-13 21:54:59.454741
4234,kyc_completed,2026-04-14 21:54:59.454741
4235,app_opened,2026-03-23 18:54:59.454759
4235,account_created,2026-03-24 15:54:59.454759
4235,kyc_started,2026-03-24 17:54:59.454759
4236,app_opened,2026-03-07 06:54:59.454771
4236,account_created,2026-03-06 15:54:59.454771
4237,app_opened,2026-04-02 23:54:59.454781
4237,account_created,2026-04-04 08:54:59.454781
4237,kyc_started,2026-04-04 09:54:59.454781
4237,kyc_completed,2026-04-08 20:54:59.454781
4237,deposit_made,2026-04-09 01:54:59.454781
4237,transaction_made,2026-04-09 07:54:59.454781
4238,app_opened,2026-03-17 13:54:59.454802
4238,account_created,2026-03-18 19:54:59.454802
4238,kyc_started,2026-03-21 14:54:59.454802
4238,kyc_completed,2026-03-22 20:54:59.454802
4239,app_opened,2026-04-12 01:54:59.454818
4239,account_created,2026-04-12 21:54:59.454818
4239,kyc_started,2026-04-14 02:54:59.454818
4240,app_opened,2026-03-06 14:54:59.454830
4240,account_created,2026-03-07 04:54:59.454830
4240,kyc_started,2026-03-09 08:54:59.454830
4240,kyc_completed,2026-03-12 14:54:59.454830
4240,deposit_made,2026-03-12 21:54:59.454830
4240,transaction_made,2026-03-13 00:54:59.454830
4241,app_opened,2026-03-29 07:54:59.454859
4242,app_opened,2026-04-04 04:54:59.454866
4242,account_created,2026-04-04 09:54:59.454866
4243,app_opened,2026-04-02 03:54:59.454876
4243,account_created,2026-04-02 21:54:59.454876
4244,app_opened,2026-03-18 05:54:59.454888
4244,account_created,2026-03-18 04:54:59.454888
4244,kyc_started,2026-03-18 19:54:59.454888
4245,app_opened,2026-03-10 23:54:59.454902
4245,account_created,2026-03-10 16:54:59.454902
4245,kyc_started,2026-03-12 16:54:59.454902
4245,kyc_completed,2026-03-14 04:54:59.454902
4245,deposit_made,2026-03-15 15:54:59.454902
4245,transaction_made,2026-03-16 04:54:59.454902
4246,app_opened,2026-04-17 23:54:59.454923
4246,account_created,2026-04-17 16:54:59.454923
4247,app_opened,2026-04-02 11:54:59.454933
4247,account_created,2026-04-04 01:54:59.454933
4248,app_opened,2026-04-09 19:54:59.454942
4249,app_opened,2026-03-23 09:54:59.454949
4249,account_created,2026-03-23 16:54:59.454949
4249,kyc_started,2026-03-23 20:54:59.454949
4249,kyc_completed,2026-03-27 13:54:59.454949
4249,deposit_made,2026-03-28 07:54:59.454949
4249,transaction_made,2026-03-28 12:54:59.454949
4250,app_opened,2026-03-10 16:54:59.454973
4250,account_created,2026-03-11 08:54:59.454973
4250,kyc_started,2026-03-14 01:54:59.454973
4251,app_opened,2026-04-06 06:54:59.454986
4251,account_created,2026-04-07 01:54:59.454986
4251,kyc_started,2026-04-09 06:54:59.454986
4251,kyc_completed,2026-04-11 12:54:59.454986
4252,app_opened,2026-03-28 11:54:59.455006
4252,account_created,2026-03-29 06:54:59.455006
4253,app_opened,2026-03-25 03:54:59.455016
4253,account_created,2026-03-26 05:54:59.455016
4254,app_opened,2026-04-10 09:54:59.455028
4255,app_opened,2026-04-12 18:54:59.455035
4255,account_created,2026-04-12 14:54:59.455035
4255,kyc_started,2026-04-15 12:54:59.455035
4255,kyc_completed,2026-04-16 23:54:59.455035
4256,app_opened,2026-03-26 01:54:59.455051
4257,app_opened,2026-03-12 07:54:59.455057
4257,account_created,2026-03-12 22:54:59.455057
4257,kyc_started,2026-03-14 03:54:59.455057
4257,kyc_completed,2026-03-18 08:54:59.455057
4257,deposit_made,2026-03-19 16:54:59.455057
4258,app_opened,2026-04-13 00:54:59.455076
4258,account_created,2026-04-12 21:54:59.455076
4258,kyc_started,2026-04-15 02:54:59.455076
4258,kyc_completed,2026-04-16 09:54:59.455076
4259,app_opened,2026-03-29 11:54:59.455091
4259,account_created,2026-03-31 05:54:59.455091
4259,kyc_started,2026-04-02 00:54:59.455091
4259,kyc_completed,2026-04-05 02:54:59.455091
4259,deposit_made,2026-04-05 17:54:59.455091
4259,transaction_made,2026-04-06 14:54:59.455091
4260,app_opened,2026-03-28 15:54:59.455113
4260,account_created,2026-03-29 09:54:59.455113
4260,kyc_started,2026-03-30 00:54:59.455113
4261,app_opened,2026-03-19 21:54:59.455125
4261,account_created,2026-03-21 03:54:59.455125
4261,kyc_started,2026-03-21 11:54:59.455125
4261,kyc_completed,2026-03-23 22:54:59.455125
4261,deposit_made,2026-03-24 19:54:59.455125
4262,app_opened,2026-03-08 07:54:59.455142
4263,app_opened,2026-03-03 23:54:59.455148
4263,account_created,2026-03-05 03:54:59.455148
4264,app_opened,2026-04-13 05:54:59.455160
4264,account_created,2026-04-13 00:54:59.455160
4264,kyc_started,2026-04-14 05:54:59.455160
4264,kyc_completed,2026-04-18 07:54:59.455160
4265,app_opened,2026-03-20 19:54:59.455175
4266,app_opened,2026-03-17 17:54:59.455182
4267,app_opened,2026-03-27 12:54:59.455188
4267,account_created,2026-03-28 04:54:59.455188
4267,kyc_started,2026-03-31 01:54:59.455188
4268,app_opened,2026-03-11 18:54:59.455201
4268,account_created,2026-03-12 13:54:59.455201
4269,app_opened,2026-04-04 12:54:59.455210
4269,account_created,2026-04-05 07:54:59.455210
4269,kyc_started,2026-04-07 03:54:59.455210
4270,app_opened,2026-04-08 00:54:59.455222
4270,account_created,2026-04-08 23:54:59.455222
4271,app_opened,2026-03-11 20:54:59.455232
4271,account_created,2026-03-13 06:54:59.455232
4272,app_opened,2026-03-18 22:54:59.455242
4272,account_created,2026-03-18 15:54:59.455242
4272,kyc_started,2026-03-21 05:54:59.455242
4273,app_opened,2026-03-13 00:54:59.455254
4273,account_created,2026-03-13 13:54:59.455254
4273,kyc_started,2026-03-15 10:54:59.455254
4273,kyc_completed,2026-03-18 21:54:59.455254
4273,deposit_made,2026-03-20 10:54:59.455254
4273,transaction_made,2026-03-20 15:54:59.455254
4273,credit_product_viewed,2026-03-31 15:54:59.455254
4273,credit_application_started,2026-04-02 04:54:59.455254
4273,credit_application_completed,2026-04-02 21:54:59.455254
4274,app_opened,2026-03-27 17:54:59.455287
4275,app_opened,2026-03-05 09:54:59.455294
4275,account_created,2026-03-06 22:54:59.455294
4275,kyc_started,2026-03-09 15:54:59.455294
4275,kyc_completed,2026-03-14 06:54:59.455294
4275,deposit_made,2026-03-15 05:54:59.455294
4275,transaction_made,2026-03-15 06:54:59.455294
4276,app_opened,2026-03-25 08:54:59.455318
4276,account_created,2026-03-25 23:54:59.455318
4276,kyc_started,2026-03-28 04:54:59.455318
4276,kyc_completed,2026-03-31 22:54:59.455318
4276,deposit_made,2026-04-02 01:54:59.455318
4276,transaction_made,2026-04-02 17:54:59.455318
4276,credit_product_viewed,2026-04-15 17:54:59.455318
4276,credit_application_started,2026-04-16 22:54:59.455318
4276,credit_application_cancelled,2026-04-17 13:54:59.455318
4277,app_opened,2026-03-21 04:54:59.455366
4277,account_created,2026-03-20 11:54:59.455366
4278,app_opened,2026-04-05 03:54:59.455376
4278,account_created,2026-04-05 11:54:59.455376
4278,kyc_started,2026-04-06 16:54:59.455376
4278,kyc_completed,2026-04-10 19:54:59.455376
4278,deposit_made,2026-04-12 19:54:59.455376
4279,app_opened,2026-03-20 11:54:59.455396
4279,account_created,2026-03-20 14:54:59.455396
4279,kyc_started,2026-03-22 23:54:59.455396
4280,app_opened,2026-03-26 12:54:59.455410
4280,account_created,2026-03-27 23:54:59.455410
4280,kyc_started,2026-03-28 23:54:59.455410
4281,app_opened,2026-04-15 22:54:59.455423
4281,account_created,2026-04-17 02:54:59.455423
4282,app_opened,2026-03-30 15:54:59.455433
4282,account_created,2026-03-30 21:54:59.455433
4282,kyc_started,2026-04-01 04:54:59.455433
4282,kyc_completed,2026-04-02 22:54:59.455433
4282,deposit_made,2026-04-04 12:54:59.455433
4283,app_opened,2026-04-01 17:54:59.455456
4283,account_created,2026-04-02 10:54:59.455456
4284,app_opened,2026-04-16 21:54:59.455465
4284,account_created,2026-04-17 01:54:59.455465
4285,app_opened,2026-03-05 09:54:59.455475
4285,account_created,2026-03-06 07:54:59.455475
4285,kyc_started,2026-03-07 08:54:59.455475
4285,kyc_completed,2026-03-11 04:54:59.455475
4286,app_opened,2026-03-28 13:54:59.455492
4286,account_created,2026-03-28 14:54:59.455492
4286,kyc_started,2026-03-30 10:54:59.455492
4286,kyc_completed,2026-04-04 05:54:59.455492
4287,app_opened,2026-04-15 21:54:59.455509
4288,app_opened,2026-04-01 17:54:59.455516
4288,account_created,2026-04-02 20:54:59.455516
4288,kyc_started,2026-04-05 17:54:59.455516
4288,kyc_completed,2026-04-08 12:54:59.455516
4288,deposit_made,2026-04-08 20:54:59.455516
4289,app_opened,2026-03-09 01:54:59.455536
4289,account_created,2026-03-09 01:54:59.455536
4289,kyc_started,2026-03-10 22:54:59.455536
4290,app_opened,2026-04-09 01:54:59.455550
4290,account_created,2026-04-09 05:54:59.455550
4290,kyc_started,2026-04-11 14:54:59.455550
4290,kyc_completed,2026-04-14 04:54:59.455550
4291,app_opened,2026-03-25 19:54:59.455569
4291,account_created,2026-03-26 15:54:59.455569
4291,kyc_started,2026-03-28 22:54:59.455569
4291,kyc_completed,2026-04-02 07:54:59.455569
4292,app_opened,2026-03-14 21:54:59.455592
4292,account_created,2026-03-14 20:54:59.455592
4292,kyc_started,2026-03-15 13:54:59.455592
4292,kyc_completed,2026-03-17 20:54:59.455592
4293,app_opened,2026-03-18 10:54:59.455609
4294,app_opened,2026-04-13 04:54:59.455616
4295,app_opened,2026-03-29 02:54:59.455623
4295,account_created,2026-03-29 11:54:59.455623
4296,app_opened,2026-03-12 03:54:59.455633
4296,account_created,2026-03-12 19:54:59.455633
4297,app_opened,2026-03-13 01:54:59.455644
4297,account_created,2026-03-12 19:54:59.455644
4298,app_opened,2026-03-16 00:54:59.455653
4298,account_created,2026-03-17 05:54:59.455653
4298,kyc_started,2026-03-18 02:54:59.455653
4299,app_opened,2026-03-12 20:54:59.455666
4299,account_created,2026-03-12 20:54:59.455666
4299,kyc_started,2026-03-13 11:54:59.455666
4299,kyc_completed,2026-03-18 00:54:59.455666
4300,app_opened,2026-03-29 18:54:59.455683
4300,account_created,2026-03-29 09:54:59.455683
4300,kyc_started,2026-03-30 09:54:59.455683
4300,kyc_completed,2026-04-03 01:54:59.455683
4300,deposit_made,2026-04-03 02:54:59.455683
4300,transaction_made,2026-04-03 05:54:59.455683
4301,app_opened,2026-04-07 01:54:59.455707
4301,account_created,2026-04-07 06:54:59.455707
4301,kyc_started,2026-04-08 02:54:59.455707
4302,app_opened,2026-04-09 06:54:59.455720
4302,account_created,2026-04-10 06:54:59.455720
4302,kyc_started,2026-04-10 07:54:59.455720
4302,kyc_completed,2026-04-13 21:54:59.455720
4302,deposit_made,2026-04-14 21:54:59.455720
4303,app_opened,2026-04-13 21:54:59.455745
4303,account_created,2026-04-14 16:54:59.455745
4303,kyc_started,2026-04-15 01:54:59.455745
4303,kyc_completed,2026-04-17 11:54:59.455745
4303,deposit_made,2026-04-17 20:54:59.455745
4304,app_opened,2026-03-29 05:54:59.455765
4304,account_created,2026-03-28 15:54:59.455765
4304,kyc_started,2026-03-30 19:54:59.455765
4305,app_opened,2026-03-12 23:54:59.455779
4305,account_created,2026-03-12 19:54:59.455779
4306,app_opened,2026-04-04 08:54:59.455789
4306,account_created,2026-04-04 15:54:59.455789
4306,kyc_started,2026-04-06 11:54:59.455789
4306,kyc_completed,2026-04-10 08:54:59.455789
4307,app_opened,2026-04-05 15:54:59.455806
4307,account_created,2026-04-06 08:54:59.455806
4307,kyc_started,2026-04-09 00:54:59.455806
4307,kyc_completed,2026-04-11 06:54:59.455806
4308,app_opened,2026-04-04 21:54:59.455823
4308,account_created,2026-04-06 02:54:59.455823
4308,kyc_started,2026-04-06 09:54:59.455823
4309,app_opened,2026-04-01 19:54:59.455848
4309,account_created,2026-04-02 23:54:59.455848
4309,kyc_started,2026-04-03 17:54:59.455848
4309,kyc_completed,2026-04-05 02:54:59.455848
4309,deposit_made,2026-04-06 21:54:59.455848
4309,transaction_made,2026-04-07 14:54:59.455848
4310,app_opened,2026-03-10 05:54:59.455874
4310,account_created,2026-03-09 15:54:59.455874
4310,kyc_started,2026-03-10 05:54:59.455874
4310,kyc_completed,2026-03-13 20:54:59.455874
4311,app_opened,2026-03-19 06:54:59.455894
4311,account_created,2026-03-20 00:54:59.455894
4311,kyc_started,2026-03-20 10:54:59.455894
4311,kyc_completed,2026-03-21 15:54:59.455894
4311,deposit_made,2026-03-23 03:54:59.455894
4311,transaction_made,2026-03-24 03:54:59.455894
4312,app_opened,2026-04-09 16:54:59.455917
4312,account_created,2026-04-09 18:54:59.455917
4313,app_opened,2026-03-20 09:54:59.455927
4313,account_created,2026-03-21 21:54:59.455927
4313,kyc_started,2026-03-22 23:54:59.455927
4314,app_opened,2026-03-11 19:54:59.455941
4314,account_created,2026-03-12 22:54:59.455941
4315,app_opened,2026-03-28 02:54:59.455951
4316,app_opened,2026-03-08 20:54:59.455958
4317,app_opened,2026-04-10 11:54:59.455965
4317,account_created,2026-04-10 22:54:59.455965
4318,app_opened,2026-03-07 23:54:59.455975
4318,account_created,2026-03-08 23:54:59.455975
4318,kyc_started,2026-03-09 02:54:59.455975
4319,app_opened,2026-03-19 19:54:59.455988
4319,account_created,2026-03-20 14:54:59.455988
4319,kyc_started,2026-03-21 05:54:59.455988
4320,app_opened,2026-03-29 14:54:59.456002
4320,account_created,2026-03-30 14:54:59.456002
4321,app_opened,2026-03-11 22:54:59.456012
4321,account_created,2026-03-11 17:54:59.456012
4321,kyc_started,2026-03-12 04:54:59.456012
4321,kyc_completed,2026-03-16 01:54:59.456012
4321,deposit_made,2026-03-16 06:54:59.456012
4321,transaction_made,2026-03-17 03:54:59.456012
4322,app_opened,2026-03-19 08:54:59.456036
4322,account_created,2026-03-20 02:54:59.456036
4322,kyc_started,2026-03-22 14:54:59.456036
4322,kyc_completed,2026-03-27 14:54:59.456036
4322,deposit_made,2026-03-28 03:54:59.456036
4322,transaction_made,2026-03-28 10:54:59.456036
4323,app_opened,2026-03-27 18:54:59.456062
4323,account_created,2026-03-28 14:54:59.456062
4323,kyc_started,2026-03-29 12:54:59.456062
4324,app_opened,2026-03-24 20:54:59.456076
4324,account_created,2026-03-25 06:54:59.456076
4325,app_opened,2026-03-03 18:54:59.456086
4325,account_created,2026-03-04 18:54:59.456086
4326,app_opened,2026-03-07 10:54:59.456096
4326,account_created,2026-03-09 00:54:59.456096
4327,app_opened,2026-04-14 16:54:59.456107
4327,account_created,2026-04-15 19:54:59.456107
4327,kyc_started,2026-04-17 09:54:59.456107
4327,kyc_completed,2026-04-20 21:54:59.456107
4328,app_opened,2026-03-22 10:54:59.456124
4328,account_created,2026-03-24 07:54:59.456124
4328,kyc_started,2026-03-25 20:54:59.456124
4328,kyc_completed,2026-03-27 04:54:59.456124
4328,deposit_made,2026-03-28 03:54:59.456124
4328,transaction_made,2026-03-28 19:54:59.456124
4329,app_opened,2026-03-30 14:54:59.456151
4329,account_created,2026-04-01 05:54:59.456151
4330,app_opened,2026-03-04 13:54:59.456161
4330,account_created,2026-03-05 01:54:59.456161
4330,kyc_started,2026-03-05 06:54:59.456161
4330,kyc_completed,2026-03-09 10:54:59.456161
4330,deposit_made,2026-03-11 01:54:59.456161
4330,transaction_made,2026-03-12 00:54:59.456161
4331,app_opened,2026-03-08 10:54:59.456192
4332,app_opened,2026-03-05 19:54:59.456199
4332,account_created,2026-03-06 00:54:59.456199
4332,kyc_started,2026-03-06 15:54:59.456199
4333,app_opened,2026-04-06 14:54:59.456213
4333,account_created,2026-04-06 13:54:59.456213
4333,kyc_started,2026-04-08 08:54:59.456213
4333,kyc_completed,2026-04-09 09:54:59.456213
4334,app_opened,2026-03-08 11:54:59.456230
4334,account_created,2026-03-08 17:54:59.456230
4335,app_opened,2026-04-03 15:54:59.456243
4336,app_opened,2026-03-10 01:54:59.456250
4337,app_opened,2026-03-31 23:54:59.456256
4337,account_created,2026-03-31 19:54:59.456256
4337,kyc_started,2026-04-03 16:54:59.456256
4338,app_opened,2026-03-07 19:54:59.456270
4338,account_created,2026-03-09 04:54:59.456270
4338,kyc_started,2026-03-11 18:54:59.456270
4339,app_opened,2026-04-12 20:54:59.456284
4339,account_created,2026-04-13 23:54:59.456284
4339,kyc_started,2026-04-14 21:54:59.456284
4339,kyc_completed,2026-04-16 17:54:59.456284
4340,app_opened,2026-03-20 08:54:59.456301
4340,account_created,2026-03-20 10:54:59.456301
4340,kyc_started,2026-03-20 16:54:59.456301
4341,app_opened,2026-04-09 04:54:59.456314
4341,account_created,2026-04-09 21:54:59.456314
4341,kyc_started,2026-04-10 05:54:59.456314
4341,kyc_completed,2026-04-13 15:54:59.456314
4341,deposit_made,2026-04-15 09:54:59.456314
4341,transaction_made,2026-04-15 14:54:59.456314
4342,app_opened,2026-03-17 16:54:59.456358
4342,account_created,2026-03-19 06:54:59.456358
4342,kyc_started,2026-03-20 16:54:59.456358
4343,app_opened,2026-04-15 07:54:59.456372
4344,app_opened,2026-04-07 05:54:59.456379
4344,account_created,2026-04-07 10:54:59.456379
4344,kyc_started,2026-04-08 05:54:59.456379
4345,app_opened,2026-04-15 08:54:59.456393
4345,account_created,2026-04-15 08:54:59.456393
4346,app_opened,2026-04-01 03:54:59.456403
4346,account_created,2026-03-31 21:54:59.456403
4346,kyc_started,2026-04-02 03:54:59.456403
4347,app_opened,2026-03-24 03:54:59.456417
4347,account_created,2026-03-24 05:54:59.456417
4348,app_opened,2026-03-07 03:54:59.456427
4349,app_opened,2026-03-04 20:54:59.456434
4349,account_created,2026-03-05 15:54:59.456434
4349,kyc_started,2026-03-06 20:54:59.456434
4349,kyc_completed,2026-03-08 21:54:59.456434
4349,deposit_made,2026-03-10 06:54:59.456434
4349,transaction_made,2026-03-10 14:54:59.456434
4349,credit_product_viewed,2026-03-18 14:54:59.456434
4349,credit_application_started,2026-03-19 05:54:59.456434
4349,credit_application_completed,2026-03-19 13:54:59.456434
4350,app_opened,2026-03-09 06:54:59.456467
4350,account_created,2026-03-08 20:54:59.456467
4351,app_opened,2026-03-21 18:54:59.456477
4351,account_created,2026-03-21 20:54:59.456477
4351,kyc_started,2026-03-24 09:54:59.456477
4352,app_opened,2026-04-17 05:54:59.456494
4352,account_created,2026-04-17 08:54:59.456494
4352,kyc_started,2026-04-19 19:54:59.456494
4352,kyc_completed,2026-04-22 01:54:59.456494
4352,deposit_made,2026-04-22 04:54:59.456494
4352,transaction_made,2026-04-22 07:54:59.456494
4353,app_opened,2026-04-09 16:54:59.456520
4353,account_created,2026-04-10 05:54:59.456520
4353,kyc_started,2026-04-10 09:54:59.456520
4353,kyc_completed,2026-04-11 20:54:59.456520
4353,deposit_made,2026-04-12 19:54:59.456520
4353,transaction_made,2026-04-13 11:54:59.456520
4353,credit_product_viewed,2026-04-23 11:54:59.456520
4353,credit_application_started,2026-04-24 05:54:59.456520
4353,credit_application_cancelled,2026-04-25 04:54:59.456520
4354,app_opened,2026-04-14 17:54:59.456555
4354,account_created,2026-04-16 02:54:59.456555
4355,app_opened,2026-03-05 18:54:59.456565
4356,app_opened,2026-03-23 18:54:59.456572
4356,account_created,2026-03-24 22:54:59.456572
4356,kyc_started,2026-03-26 22:54:59.456572
4357,app_opened,2026-04-12 13:54:59.456586
4357,account_created,2026-04-13 17:54:59.456586
4358,app_opened,2026-04-16 00:54:59.456595
4358,account_created,2026-04-15 13:54:59.456595
4358,kyc_started,2026-04-16 21:54:59.456595
4359,app_opened,2026-03-26 09:54:59.456609
4359,account_created,2026-03-28 08:54:59.456609
4359,kyc_started,2026-03-30 00:54:59.456609
4360,app_opened,2026-04-01 11:54:59.456623
4360,account_created,2026-04-02 15:54:59.456623
4360,kyc_started,2026-04-05 07:54:59.456623
4361,app_opened,2026-03-28 20:54:59.456637
4361,account_created,2026-03-28 16:54:59.456637
4362,app_opened,2026-03-23 22:54:59.456647
4362,account_created,2026-03-23 20:54:59.456647
4363,app_opened,2026-03-09 05:54:59.456660
4363,account_created,2026-03-09 02:54:59.456660
4363,kyc_started,2026-03-09 05:54:59.456660
4364,app_opened,2026-03-21 12:54:59.456674
4364,account_created,2026-03-21 17:54:59.456674
4365,app_opened,2026-04-14 06:54:59.456684
4365,account_created,2026-04-14 19:54:59.456684
4365,kyc_started,2026-04-17 03:54:59.456684
4365,kyc_completed,2026-04-18 19:54:59.456684
4365,deposit_made,2026-04-18 20:54:59.456684
4365,transaction_made,2026-04-18 23:54:59.456684
4366,app_opened,2026-03-30 13:54:59.456708
4366,account_created,2026-03-31 23:54:59.456708
4366,kyc_started,2026-04-03 01:54:59.456708
4366,kyc_completed,2026-04-05 22:54:59.456708
4367,app_opened,2026-03-23 04:54:59.456725
4367,account_created,2026-03-22 13:54:59.456725
4367,kyc_started,2026-03-23 17:54:59.456725
4368,app_opened,2026-03-21 09:54:59.456738
4369,app_opened,2026-03-16 10:54:59.456745
4369,account_created,2026-03-17 22:54:59.456745
4369,kyc_started,2026-03-18 04:54:59.456745
4369,kyc_completed,2026-03-20 16:54:59.456745
4370,app_opened,2026-03-23 08:54:59.456762
4370,account_created,2026-03-22 12:54:59.456762
4371,app_opened,2026-03-10 13:54:59.456772
4371,account_created,2026-03-11 17:54:59.456772
4371,kyc_started,2026-03-14 17:54:59.456772
4371,kyc_completed,2026-03-18 21:54:59.456772
4371,deposit_made,2026-03-19 15:54:59.456772
4371,transaction_made,2026-03-20 04:54:59.456772
4372,app_opened,2026-03-24 16:54:59.456800
4372,account_created,2026-03-24 16:54:59.456800
4372,kyc_started,2026-03-27 10:54:59.456800
4372,kyc_completed,2026-03-31 06:54:59.456800
4373,app_opened,2026-04-13 01:54:59.456817
4373,account_created,2026-04-13 07:54:59.456817
4374,app_opened,2026-03-10 10:54:59.456827
4375,app_opened,2026-03-08 10:54:59.456834
4375,account_created,2026-03-09 09:54:59.456834
4375,kyc_started,2026-03-11 13:54:59.456834
4376,app_opened,2026-03-14 14:54:59.456853
4376,account_created,2026-03-14 20:54:59.456853
4376,kyc_started,2026-03-14 22:54:59.456853
4376,kyc_completed,2026-03-16 17:54:59.456853
4377,app_opened,2026-04-07 09:54:59.456870
4377,account_created,2026-04-08 20:54:59.456870
4377,kyc_started,2026-04-10 10:54:59.456870
4377,kyc_completed,2026-04-14 18:54:59.456870
4377,deposit_made,2026-04-15 08:54:59.456870
4377,transaction_made,2026-04-15 18:54:59.456870
4377,credit_product_viewed,2026-04-24 18:54:59.456870
4377,credit_application_started,2026-04-25 09:54:59.456870
4377,credit_application_cancelled,2026-04-26 08:54:59.456870
4378,app_opened,2026-04-17 02:54:59.456903
4378,account_created,2026-04-17 10:54:59.456903
4378,kyc_started,2026-04-20 05:54:59.456903
4379,app_opened,2026-03-12 05:54:59.456917
4380,app_opened,2026-03-25 12:54:59.456925
4380,account_created,2026-03-26 07:54:59.456925
4381,app_opened,2026-03-11 02:54:59.456935
4381,account_created,2026-03-11 14:54:59.456935
4382,app_opened,2026-04-01 21:54:59.456950
4382,account_created,2026-04-02 21:54:59.456950
4382,kyc_started,2026-04-05 05:54:59.456950
4382,kyc_completed,2026-04-08 22:54:59.456950
4383,app_opened,2026-03-20 20:54:59.456966
4383,account_created,2026-03-21 20:54:59.456966
4383,kyc_started,2026-03-24 11:54:59.456966
4384,app_opened,2026-04-12 22:54:59.456979
4384,account_created,2026-04-13 12:54:59.456979
4384,kyc_started,2026-04-15 11:54:59.456979
4385,app_opened,2026-04-04 18:54:59.456993
4385,account_created,2026-04-04 14:54:59.456993
4385,kyc_started,2026-04-06 23:54:59.456993
4385,kyc_completed,2026-04-08 17:54:59.456993
4385,deposit_made,2026-04-08 20:54:59.456993
4385,transaction_made,2026-04-09 13:54:59.456993
4386,app_opened,2026-03-26 22:54:59.457017
4386,account_created,2026-03-26 22:54:59.457017
4386,kyc_started,2026-03-29 11:54:59.457017
4387,app_opened,2026-03-18 16:54:59.457030
4387,account_created,2026-03-18 21:54:59.457030
4387,kyc_started,2026-03-21 13:54:59.457030
4388,app_opened,2026-03-18 12:54:59.457044
4388,account_created,2026-03-18 19:54:59.457044
4389,app_opened,2026-04-11 20:54:59.457054
4389,account_created,2026-04-12 15:54:59.457054
4389,kyc_started,2026-04-12 17:54:59.457054
4390,app_opened,2026-04-08 17:54:59.457067
4390,account_created,2026-04-08 17:54:59.457067
4391,app_opened,2026-03-30 19:54:59.457080
4391,account_created,2026-04-01 03:54:59.457080
4391,kyc_started,2026-04-02 23:54:59.457080
4391,kyc_completed,2026-04-04 03:54:59.457080
4392,app_opened,2026-04-16 06:54:59.457100
4392,account_created,2026-04-16 20:54:59.457100
4393,app_opened,2026-03-13 00:54:59.457110
4393,account_created,2026-03-13 14:54:59.457110
4393,kyc_started,2026-03-16 08:54:59.457110
4393,kyc_completed,2026-03-18 23:54:59.457110
4393,deposit_made,2026-03-20 01:54:59.457110
4393,transaction_made,2026-03-20 08:54:59.457110
4394,app_opened,2026-03-30 16:54:59.457134
4394,account_created,2026-04-01 03:54:59.457134
4394,kyc_started,2026-04-01 07:54:59.457134
4394,kyc_completed,2026-04-03 20:54:59.457134
4394,deposit_made,2026-04-04 07:54:59.457134
4394,transaction_made,2026-04-05 03:54:59.457134
4395,app_opened,2026-04-17 00:54:59.457157
4395,account_created,2026-04-18 06:54:59.457157
4395,kyc_started,2026-04-20 15:54:59.457157
4396,app_opened,2026-03-13 05:54:59.457171
4396,account_created,2026-03-13 02:54:59.457171
4396,kyc_started,2026-03-15 04:54:59.457171
4396,kyc_completed,2026-03-19 11:54:59.457171
4396,deposit_made,2026-03-20 00:54:59.457171
4396,transaction_made,2026-03-20 17:54:59.457171
4397,app_opened,2026-03-24 14:54:59.457194
4397,account_created,2026-03-24 18:54:59.457194
4397,kyc_started,2026-03-26 12:54:59.457194
4398,app_opened,2026-04-14 09:54:59.457208
4398,account_created,2026-04-15 00:54:59.457208
4398,kyc_started,2026-04-16 05:54:59.457208
4399,app_opened,2026-03-30 10:54:59.457221
4399,account_created,2026-04-01 08:54:59.457221
4399,kyc_started,2026-04-01 22:54:59.457221
4399,kyc_completed,2026-04-03 08:54:59.457221
4400,app_opened,2026-03-16 03:54:59.457248
4400,account_created,2026-03-16 01:54:59.457248
4400,kyc_started,2026-03-18 20:54:59.457248
4401,app_opened,2026-04-08 01:54:59.457262
4402,app_opened,2026-04-17 19:54:59.457269
4402,account_created,2026-04-18 10:54:59.457269
4402,kyc_started,2026-04-21 08:54:59.457269
4403,app_opened,2026-04-06 15:54:59.457282
4403,account_created,2026-04-07 16:54:59.457282
4403,kyc_started,2026-04-09 06:54:59.457282
4404,app_opened,2026-03-18 05:54:59.457296
4404,account_created,2026-03-18 22:54:59.457296
4404,kyc_started,2026-03-19 23:54:59.457296
4404,kyc_completed,2026-03-22 16:54:59.457296
4404,deposit_made,2026-03-23 18:54:59.457296
4404,transaction_made,2026-03-24 12:54:59.457296
4405,app_opened,2026-03-30 18:54:59.457319
4405,account_created,2026-03-30 09:54:59.457319
4405,kyc_started,2026-03-31 19:54:59.457319
4406,app_opened,2026-04-08 17:54:59.457342
4406,account_created,2026-04-09 10:54:59.457342
4406,kyc_started,2026-04-09 20:54:59.457342
4406,kyc_completed,2026-04-13 07:54:59.457342
4406,deposit_made,2026-04-13 12:54:59.457342
4406,transaction_made,2026-04-13 14:54:59.457342
4406,credit_product_viewed,2026-04-15 14:54:59.457342
4406,credit_application_started,2026-04-15 22:54:59.457342
4406,credit_application_cancelled,2026-04-16 00:54:59.457342
4407,app_opened,2026-03-04 13:54:59.457389
4407,account_created,2026-03-05 09:54:59.457389
4407,kyc_started,2026-03-06 01:54:59.457389
4408,app_opened,2026-04-11 04:54:59.457401
4408,account_created,2026-04-12 03:54:59.457401
4408,kyc_started,2026-04-12 04:54:59.457401
4408,kyc_completed,2026-04-13 07:54:59.457401
4408,deposit_made,2026-04-13 13:54:59.457401
4409,app_opened,2026-03-13 08:54:59.457418
4409,account_created,2026-03-12 15:54:59.457418
4410,app_opened,2026-03-09 13:54:59.457426
4410,account_created,2026-03-10 09:54:59.457426
4411,app_opened,2026-03-06 04:54:59.457434
4411,account_created,2026-03-06 04:54:59.457434
4412,app_opened,2026-03-23 02:54:59.457443
4412,account_created,2026-03-22 22:54:59.457443
4412,kyc_started,2026-03-23 04:54:59.457443
4412,kyc_completed,2026-03-24 14:54:59.457443
4412,deposit_made,2026-03-25 03:54:59.457443
4412,transaction_made,2026-03-25 20:54:59.457443
4412,credit_product_viewed,2026-04-08 20:54:59.457443
4412,credit_application_started,2026-04-10 08:54:59.457443
4412,credit_application_cancelled,2026-04-10 18:54:59.457443
4413,app_opened,2026-04-17 19:54:59.457471
4414,app_opened,2026-03-05 07:54:59.457478
4414,account_created,2026-03-05 05:54:59.457478
4414,kyc_started,2026-03-07 14:54:59.457478
4415,app_opened,2026-03-06 09:54:59.457490
4415,account_created,2026-03-07 13:54:59.457490
4415,kyc_started,2026-03-09 12:54:59.457490
4415,kyc_completed,2026-03-13 13:54:59.457490
4416,app_opened,2026-04-14 21:54:59.457505
4416,account_created,2026-04-15 03:54:59.457505
4416,kyc_started,2026-04-17 20:54:59.457505
4416,kyc_completed,2026-04-19 23:54:59.457505
4416,deposit_made,2026-04-20 12:54:59.457505
4416,transaction_made,2026-04-21 00:54:59.457505
4417,app_opened,2026-03-24 17:54:59.457529
4417,account_created,2026-03-24 17:54:59.457529
4418,app_opened,2026-04-08 23:54:59.457539
4418,account_created,2026-04-09 15:54:59.457539
4418,kyc_started,2026-04-09 22:54:59.457539
4418,kyc_completed,2026-04-12 08:54:59.457539
4418,deposit_made,2026-04-12 22:54:59.457539
4419,app_opened,2026-03-20 17:54:59.457558
4419,account_created,2026-03-22 01:54:59.457558
4419,kyc_started,2026-03-24 21:54:59.457558
4419,kyc_completed,2026-03-29 02:54:59.457558
4420,app_opened,2026-04-03 04:54:59.457573
4420,account_created,2026-04-02 23:54:59.457573
4420,kyc_started,2026-04-04 12:54:59.457573
4420,kyc_completed,2026-04-08 20:54:59.457573
4420,deposit_made,2026-04-09 16:54:59.457573
4420,transaction_made,2026-04-10 05:54:59.457573
4420,credit_product_viewed,2026-04-13 05:54:59.457573
4420,credit_application_started,2026-04-14 09:54:59.457573
4420,credit_application_cancelled,2026-04-15 00:54:59.457573
4421,app_opened,2026-03-26 16:54:59.457617
4422,app_opened,2026-03-05 05:54:59.457625
4422,account_created,2026-03-05 07:54:59.457625
4422,kyc_started,2026-03-07 10:54:59.457625
4422,kyc_completed,2026-03-12 01:54:59.457625
4423,app_opened,2026-04-12 09:54:59.457642
4424,app_opened,2026-03-10 21:54:59.457652
4424,account_created,2026-03-11 03:54:59.457652
4424,kyc_started,2026-03-11 16:54:59.457652
4424,kyc_completed,2026-03-13 20:54:59.457652
4424,deposit_made,2026-03-14 21:54:59.457652
4425,app_opened,2026-04-16 10:54:59.457677
4425,account_created,2026-04-17 03:54:59.457677
4426,app_opened,2026-03-23 23:54:59.457685
4426,account_created,2026-03-24 20:54:59.457685
4426,kyc_started,2026-03-27 15:54:59.457685
4426,kyc_completed,2026-03-31 08:54:59.457685
4426,deposit_made,2026-03-31 13:54:59.457685
4426,transaction_made,2026-04-01 10:54:59.457685
4426,credit_product_viewed,2026-04-14 10:54:59.457685
4426,credit_application_started,2026-04-14 17:54:59.457685
4426,credit_application_completed,2026-04-14 19:54:59.457685
4427,app_opened,2026-03-19 23:54:59.457716
4427,account_created,2026-03-19 13:54:59.457716
4427,kyc_started,2026-03-20 18:54:59.457716
4428,app_opened,2026-03-29 03:54:59.457727
4429,app_opened,2026-03-10 15:54:59.457732
4429,account_created,2026-03-10 11:54:59.457732
4429,kyc_started,2026-03-11 01:54:59.457732
4429,kyc_completed,2026-03-12 10:54:59.457732
4429,deposit_made,2026-03-13 23:54:59.457732
4429,transaction_made,2026-03-14 13:54:59.457732
4430,app_opened,2026-04-15 17:54:59.457750
4430,account_created,2026-04-15 19:54:59.457750
4431,app_opened,2026-03-31 18:54:59.457758
4431,account_created,2026-04-01 07:54:59.457758
4431,kyc_started,2026-04-03 14:54:59.457758
4431,kyc_completed,2026-04-05 19:54:59.457758
4431,deposit_made,2026-04-07 14:54:59.457758
4431,transaction_made,2026-04-08 00:54:59.457758
4432,app_opened,2026-03-23 07:54:59.457780
4433,app_opened,2026-03-25 14:54:59.457786
4433,account_created,2026-03-25 15:54:59.457786
4433,kyc_started,2026-03-25 19:54:59.457786
4434,app_opened,2026-04-03 20:54:59.457797
4434,account_created,2026-04-03 09:54:59.457797
4435,app_opened,2026-04-14 18:54:59.457805
4435,account_created,2026-04-15 22:54:59.457805
4435,kyc_started,2026-04-18 00:54:59.457805
4436,app_opened,2026-03-26 15:54:59.457815
4436,account_created,2026-03-28 06:54:59.457815
4436,kyc_started,2026-03-30 20:54:59.457815
4437,app_opened,2026-03-19 16:54:59.457826
4437,account_created,2026-03-20 14:54:59.457826
4437,kyc_started,2026-03-22 05:54:59.457826
4438,app_opened,2026-03-04 13:54:59.457837
4438,account_created,2026-03-05 16:54:59.457837
4439,app_opened,2026-04-08 15:54:59.457854
4439,account_created,2026-04-09 20:54:59.457854
4440,app_opened,2026-03-15 21:54:59.457863
4441,app_opened,2026-03-06 16:54:59.457870
4441,account_created,2026-03-06 18:54:59.457870
4442,app_opened,2026-03-06 21:54:59.457879
4442,account_created,2026-03-08 03:54:59.457879
4442,kyc_started,2026-03-08 14:54:59.457879
4443,app_opened,2026-04-02 17:54:59.457891
4443,account_created,2026-04-02 16:54:59.457891
4444,app_opened,2026-03-19 04:54:59.457901
4444,account_created,2026-03-18 11:54:59.457901
4444,kyc_started,2026-03-20 10:54:59.457901
4444,kyc_completed,2026-03-24 20:54:59.457901
4444,deposit_made,2026-03-25 11:54:59.457901
4445,app_opened,2026-03-20 04:54:59.457926
4445,account_created,2026-03-21 06:54:59.457926
4445,kyc_started,2026-03-22 00:54:59.457926
4445,kyc_completed,2026-03-25 02:54:59.457926
4446,app_opened,2026-03-12 02:54:59.457942
4446,account_created,2026-03-12 08:54:59.457942
4447,app_opened,2026-03-23 18:54:59.457952
4447,account_created,2026-03-24 22:54:59.457952
4447,kyc_started,2026-03-27 08:54:59.457952
4447,kyc_completed,2026-03-29 21:54:59.457952
4448,app_opened,2026-03-09 05:54:59.457967
4448,account_created,2026-03-09 16:54:59.457967
4448,kyc_started,2026-03-10 22:54:59.457967
4448,kyc_completed,2026-03-13 04:54:59.457967
4448,deposit_made,2026-03-13 13:54:59.457967
4448,transaction_made,2026-03-13 17:54:59.457967
4449,app_opened,2026-03-23 21:54:59.457989
4450,app_opened,2026-03-11 13:54:59.457996
4450,account_created,2026-03-11 17:54:59.457996
4450,kyc_started,2026-03-12 01:54:59.457996
4450,kyc_completed,2026-03-16 08:54:59.457996
4451,app_opened,2026-03-24 10:54:59.458012
4451,account_created,2026-03-26 03:54:59.458012
4451,kyc_started,2026-03-26 18:54:59.458012
4452,app_opened,2026-04-14 11:54:59.458025
4452,account_created,2026-04-15 12:54:59.458025
4452,kyc_started,2026-04-15 22:54:59.458025
4453,app_opened,2026-03-19 15:54:59.458038
4453,account_created,2026-03-20 01:54:59.458038
4454,app_opened,2026-03-10 05:54:59.458047
4454,account_created,2026-03-09 17:54:59.458047
4455,app_opened,2026-04-03 09:54:59.458060
4455,account_created,2026-04-05 08:54:59.458060
4455,kyc_started,2026-04-06 02:54:59.458060
4456,app_opened,2026-04-06 01:54:59.458075
4457,app_opened,2026-03-06 21:54:59.458082
4457,account_created,2026-03-08 00:54:59.458082
4457,kyc_started,2026-03-11 00:54:59.458082
4458,app_opened,2026-03-18 13:54:59.458094
4458,account_created,2026-03-18 22:54:59.458094
4458,kyc_started,2026-03-20 08:54:59.458094
4459,app_opened,2026-03-15 12:54:59.458107
4459,account_created,2026-03-16 14:54:59.458107
4460,app_opened,2026-04-03 05:54:59.458117
4461,app_opened,2026-03-25 19:54:59.458124
4461,account_created,2026-03-25 13:54:59.458124
4461,kyc_started,2026-03-26 06:54:59.458124
4462,app_opened,2026-03-16 02:54:59.458137
4462,account_created,2026-03-15 17:54:59.458137
4462,kyc_started,2026-03-16 21:54:59.458137
4463,app_opened,2026-03-16 08:54:59.458154
4464,app_opened,2026-03-30 12:54:59.458160
4464,account_created,2026-03-30 13:54:59.458160
4464,kyc_started,2026-03-31 18:54:59.458160
4465,app_opened,2026-04-08 15:54:59.458174
4465,account_created,2026-04-08 16:54:59.458174
4465,kyc_started,2026-04-11 00:54:59.458174
4466,app_opened,2026-03-22 01:54:59.458187
4466,account_created,2026-03-23 01:54:59.458187
4466,kyc_started,2026-03-23 10:54:59.458187
4466,kyc_completed,2026-03-26 21:54:59.458187
4466,deposit_made,2026-03-26 22:54:59.458187
4467,app_opened,2026-04-08 16:54:59.458210
4467,account_created,2026-04-10 03:54:59.458210
4467,kyc_started,2026-04-11 09:54:59.458210
4468,app_opened,2026-03-27 13:54:59.458228
4468,account_created,2026-03-28 19:54:59.458228
4468,kyc_started,2026-03-30 23:54:59.458228
4469,app_opened,2026-04-11 14:54:59.458242
4469,account_created,2026-04-12 23:54:59.458242
4469,kyc_started,2026-04-14 09:54:59.458242
4470,app_opened,2026-03-10 03:54:59.458253
4470,account_created,2026-03-09 19:54:59.458253
4471,app_opened,2026-03-28 14:54:59.458263
4472,app_opened,2026-03-22 17:54:59.458270
4472,account_created,2026-03-24 04:54:59.458270
4472,kyc_started,2026-03-25 12:54:59.458270
4473,app_opened,2026-03-08 22:54:59.458283
4473,account_created,2026-03-10 07:54:59.458283
4473,kyc_started,2026-03-13 00:54:59.458283
4473,kyc_completed,2026-03-14 14:54:59.458283
4473,deposit_made,2026-03-15 05:54:59.458283
4473,transaction_made,2026-03-15 19:54:59.458283
4473,credit_product_viewed,2026-03-25 19:54:59.458283
4473,credit_application_started,2026-03-27 17:54:59.458283
4473,credit_application_cancelled,2026-03-28 04:54:59.458283
4474,app_opened,2026-03-14 00:54:59.458314
4474,account_created,2026-03-14 06:54:59.458314
4474,kyc_started,2026-03-16 03:54:59.458314
4474,kyc_completed,2026-03-20 15:54:59.458314
4475,app_opened,2026-04-15 05:54:59.458343
4476,app_opened,2026-03-04 14:54:59.458350
4476,account_created,2026-03-05 18:54:59.458350
4476,kyc_started,2026-03-06 01:54:59.458350
4476,kyc_completed,2026-03-08 22:54:59.458350
4477,app_opened,2026-03-04 13:54:59.458368
4477,account_created,2026-03-06 07:54:59.458368
4477,kyc_started,2026-03-08 09:54:59.458368
4478,app_opened,2026-03-19 14:54:59.458381
4478,account_created,2026-03-19 20:54:59.458381
4479,app_opened,2026-03-23 21:54:59.458393
4479,account_created,2026-03-23 22:54:59.458393
4479,kyc_started,2026-03-25 16:54:59.458393
4479,kyc_completed,2026-03-27 01:54:59.458393
4480,app_opened,2026-04-17 14:54:59.458410
4480,account_created,2026-04-18 07:54:59.458410
4480,kyc_started,2026-04-20 22:54:59.458410
4480,kyc_completed,2026-04-23 03:54:59.458410
4481,app_opened,2026-03-12 15:54:59.458427
4481,account_created,2026-03-13 07:54:59.458427
4482,app_opened,2026-03-11 19:54:59.458437
4482,account_created,2026-03-11 13:54:59.458437
4482,kyc_started,2026-03-12 08:54:59.458437
4482,kyc_completed,2026-03-15 17:54:59.458437
4482,deposit_made,2026-03-15 23:54:59.458437
4482,transaction_made,2026-03-16 15:54:59.458437
4483,app_opened,2026-03-23 23:54:59.458461
4483,account_created,2026-03-25 06:54:59.458461
4483,kyc_started,2026-03-26 01:54:59.458461
4484,app_opened,2026-03-24 05:54:59.458477
4484,account_created,2026-03-24 12:54:59.458477
4484,kyc_started,2026-03-25 09:54:59.458477
4484,kyc_completed,2026-03-29 08:54:59.458477
4484,deposit_made,2026-03-29 19:54:59.458477
4484,transaction_made,2026-03-29 20:54:59.458477
4485,app_opened,2026-03-14 10:54:59.458504
4485,account_created,2026-03-15 00:54:59.458504
4485,kyc_started,2026-03-17 18:54:59.458504
4486,app_opened,2026-03-12 14:54:59.458520
4486,account_created,2026-03-14 01:54:59.458520
4486,kyc_started,2026-03-16 19:54:59.458520
4486,kyc_completed,2026-03-18 16:54:59.458520
4487,app_opened,2026-04-16 00:54:59.458537
4487,account_created,2026-04-16 18:54:59.458537
4487,kyc_started,2026-04-17 05:54:59.458537
4487,kyc_completed,2026-04-20 13:54:59.458537
4487,deposit_made,2026-04-21 17:54:59.458537
4488,app_opened,2026-03-31 02:54:59.458556
4488,account_created,2026-03-30 20:54:59.458556
4488,kyc_started,2026-03-31 14:54:59.458556
4488,kyc_completed,2026-04-04 20:54:59.458556
4488,deposit_made,2026-04-04 22:54:59.458556
4488,transaction_made,2026-04-05 03:54:59.458556
4489,app_opened,2026-04-02 06:54:59.458580
4489,account_created,2026-04-03 04:54:59.458580
4490,app_opened,2026-03-18 04:54:59.458590
4490,account_created,2026-03-17 22:54:59.458590
4490,kyc_started,2026-03-19 16:54:59.458590
4490,kyc_completed,2026-03-23 23:54:59.458590
4491,app_opened,2026-03-28 20:54:59.458607
4491,account_created,2026-03-30 04:54:59.458607
4492,app_opened,2026-04-16 20:54:59.458617
4493,app_opened,2026-04-16 01:54:59.458624
4493,account_created,2026-04-16 04:54:59.458624
4493,kyc_started,2026-04-17 13:54:59.458624
4494,app_opened,2026-04-09 22:54:59.458637
4495,app_opened,2026-04-05 07:54:59.458644
4495,account_created,2026-04-04 22:54:59.458644
4495,kyc_started,2026-04-07 08:54:59.458644
4495,kyc_completed,2026-04-09 14:54:59.458644
4495,deposit_made,2026-04-10 00:54:59.458644
4495,transaction_made,2026-04-10 17:54:59.458644
4495,credit_product_viewed,2026-04-22 17:54:59.458644
4495,credit_application_started,2026-04-23 06:54:59.458644
4495,credit_application_cancelled,2026-04-24 04:54:59.458644
4496,app_opened,2026-04-09 05:54:59.458680
4496,account_created,2026-04-09 14:54:59.458680
4496,kyc_started,2026-04-10 17:54:59.458680
4496,kyc_completed,2026-04-14 00:54:59.458680
4497,app_opened,2026-04-09 02:54:59.458697
4497,account_created,2026-04-09 23:54:59.458697
4497,kyc_started,2026-04-12 05:54:59.458697
4498,app_opened,2026-04-03 12:54:59.458710
4498,account_created,2026-04-04 12:54:59.458710
4498,kyc_started,2026-04-07 12:54:59.458710
4498,kyc_completed,2026-04-12 02:54:59.458710
4498,deposit_made,2026-04-12 18:54:59.458710
4498,transaction_made,2026-04-12 19:54:59.458710
4498,credit_product_viewed,2026-04-17 19:54:59.458710
4498,credit_application_started,2026-04-18 12:54:59.458710
4498,credit_application_completed,2026-04-18 13:54:59.458710
4499,app_opened,2026-03-24 12:54:59.458742
4499,account_created,2026-03-25 01:54:59.458742
4499,kyc_started,2026-03-25 02:54:59.458742
4499,kyc_completed,2026-03-28 23:54:59.458742
4499,deposit_made,2026-03-30 23:54:59.458742
4499,transaction_made,2026-03-31 00:54:59.458742
4499,credit_product_viewed,2026-04-12 00:54:59.458742
4499,credit_application_started,2026-04-13 18:54:59.458742
4499,credit_application_completed,2026-04-14 08:54:59.458742
4500,app_opened,2026-03-29 13:54:59.458783
4500,account_created,2026-03-30 11:54:59.458783
4501,app_opened,2026-04-08 01:54:59.458793
4501,account_created,2026-04-07 17:54:59.458793
4501,kyc_started,2026-04-08 09:54:59.458793
4501,kyc_completed,2026-04-11 01:54:59.458793
4502,app_opened,2026-03-08 04:54:59.458810
4503,app_opened,2026-03-23 04:54:59.458817
4503,account_created,2026-03-24 06:54:59.458817
4503,kyc_started,2026-03-25 07:54:59.458817
4503,kyc_completed,2026-03-27 03:54:59.458817
4504,app_opened,2026-03-25 14:54:59.458834
4504,account_created,2026-03-27 05:54:59.458834
4504,kyc_started,2026-03-30 04:54:59.458834
4505,app_opened,2026-03-29 01:54:59.458858
4505,account_created,2026-03-28 21:54:59.458858
4506,app_opened,2026-03-07 23:54:59.458869
4506,account_created,2026-03-08 00:54:59.458869
4506,kyc_started,2026-03-09 11:54:59.458869
4507,app_opened,2026-03-05 07:54:59.458882
4507,account_created,2026-03-05 10:54:59.458882
4507,kyc_started,2026-03-07 06:54:59.458882
4508,app_opened,2026-03-05 15:54:59.458896
4508,account_created,2026-03-05 11:54:59.458896
4509,app_opened,2026-04-12 12:54:59.458906
4510,app_opened,2026-04-07 19:54:59.458913
4510,account_created,2026-04-09 04:54:59.458913
4510,kyc_started,2026-04-10 04:54:59.458913
4510,kyc_completed,2026-04-14 22:54:59.458913
4511,app_opened,2026-03-14 14:54:59.458930
4511,account_created,2026-03-14 23:54:59.458930
4511,kyc_started,2026-03-17 08:54:59.458930
4511,kyc_completed,2026-03-21 11:54:59.458930
4511,deposit_made,2026-03-22 03:54:59.458930
4511,transaction_made,2026-03-22 15:54:59.458930
4512,app_opened,2026-03-15 01:54:59.458959
4512,account_created,2026-03-15 22:54:59.458959
4512,kyc_started,2026-03-18 20:54:59.458959
4512,kyc_completed,2026-03-21 11:54:59.458959
4513,app_opened,2026-04-09 14:54:59.458976
4513,account_created,2026-04-09 23:54:59.458976
4513,kyc_started,2026-04-11 18:54:59.458976
4514,app_opened,2026-03-31 06:54:59.458990
4514,account_created,2026-03-31 23:54:59.458990
4515,app_opened,2026-04-15 19:54:59.459000
4515,account_created,2026-04-16 07:54:59.459000
4515,kyc_started,2026-04-18 16:54:59.459000
4515,kyc_completed,2026-04-22 07:54:59.459000
4516,app_opened,2026-04-12 12:54:59.459017
4516,account_created,2026-04-13 13:54:59.459017
4517,app_opened,2026-03-13 16:54:59.459027
4517,account_created,2026-03-14 04:54:59.459027
4518,app_opened,2026-03-19 22:54:59.459037
4519,app_opened,2026-03-20 17:54:59.459044
4519,account_created,2026-03-22 04:54:59.459044
4519,kyc_started,2026-03-24 06:54:59.459044
4519,kyc_completed,2026-03-28 06:54:59.459044
4520,app_opened,2026-03-27 01:54:59.459061
4520,account_created,2026-03-26 11:54:59.459061
4521,app_opened,2026-04-11 20:54:59.459071
4521,account_created,2026-04-11 19:54:59.459071
4521,kyc_started,2026-04-12 22:54:59.459071
4521,kyc_completed,2026-04-17 16:54:59.459071
4522,app_opened,2026-03-24 10:54:59.459093
4522,account_created,2026-03-25 17:54:59.459093
4522,kyc_started,2026-03-28 04:54:59.459093
4522,kyc_completed,2026-04-02 03:54:59.459093
4522,deposit_made,2026-04-03 22:54:59.459093
4522,transaction_made,2026-04-04 17:54:59.459093
4523,app_opened,2026-03-12 04:54:59.459117
4523,account_created,2026-03-11 09:54:59.459117
4523,kyc_started,2026-03-14 01:54:59.459117
4523,kyc_completed,2026-03-15 14:54:59.459117
4524,app_opened,2026-04-03 08:54:59.459134
4524,account_created,2026-04-03 23:54:59.459134
4525,app_opened,2026-03-19 03:54:59.459148
4526,app_opened,2026-03-10 13:54:59.459155
4526,account_created,2026-03-12 01:54:59.459155
4527,app_opened,2026-03-28 07:54:59.459167
4527,account_created,2026-03-27 12:54:59.459167
4528,app_opened,2026-04-03 15:54:59.459177
4528,account_created,2026-04-04 16:54:59.459177
4529,app_opened,2026-03-16 06:54:59.459205
4529,account_created,2026-03-15 18:54:59.459205
4529,kyc_started,2026-03-18 18:54:59.459205
4530,app_opened,2026-03-16 21:54:59.459219
4530,account_created,2026-03-16 15:54:59.459219
4530,kyc_started,2026-03-18 01:54:59.459219
4531,app_opened,2026-03-12 23:54:59.459232
4531,account_created,2026-03-13 00:54:59.459232
4531,kyc_started,2026-03-13 02:54:59.459232
4532,app_opened,2026-03-18 16:54:59.459246
4532,account_created,2026-03-19 03:54:59.459246
4532,kyc_started,2026-03-20 18:54:59.459246
4533,app_opened,2026-03-28 23:54:59.459260
4533,account_created,2026-03-30 02:54:59.459260
4533,kyc_started,2026-03-31 18:54:59.459260
4533,kyc_completed,2026-04-01 23:54:59.459260
4533,deposit_made,2026-04-03 13:54:59.459260
4534,app_opened,2026-04-08 08:54:59.459285
4534,account_created,2026-04-08 09:54:59.459285
4534,kyc_started,2026-04-10 05:54:59.459285
4534,kyc_completed,2026-04-12 10:54:59.459285
4534,deposit_made,2026-04-13 15:54:59.459285
4535,app_opened,2026-03-12 12:54:59.459305
4535,account_created,2026-03-12 10:54:59.459305
4536,app_opened,2026-04-01 16:54:59.459315
4536,account_created,2026-04-03 02:54:59.459315
4537,app_opened,2026-04-05 04:54:59.459325
4537,account_created,2026-04-06 01:54:59.459325
4537,kyc_started,2026-04-06 08:54:59.459325
4537,kyc_completed,2026-04-10 13:54:59.459325
4538,app_opened,2026-03-12 22:54:59.459352
4538,account_created,2026-03-13 05:54:59.459352
4538,kyc_started,2026-03-14 10:54:59.459352
4539,app_opened,2026-03-17 19:54:59.459366
4539,account_created,2026-03-18 20:54:59.459366
4539,kyc_started,2026-03-21 10:54:59.459366
4539,kyc_completed,2026-03-23 13:54:59.459366
4540,app_opened,2026-03-05 10:54:59.459383
4540,account_created,2026-03-07 05:54:59.459383
4540,kyc_started,2026-03-09 14:54:59.459383
4541,app_opened,2026-04-12 06:54:59.459396
4541,account_created,2026-04-12 14:54:59.459396
4542,app_opened,2026-04-12 06:54:59.459406
4542,account_created,2026-04-11 21:54:59.459406
4542,kyc_started,2026-04-12 01:54:59.459406
4543,app_opened,2026-04-18 00:54:59.459428
4543,account_created,2026-04-17 22:54:59.459428
4543,kyc_started,2026-04-18 19:54:59.459428
4543,kyc_completed,2026-04-20 20:54:59.459428
4544,app_opened,2026-03-16 19:54:59.459445
4544,account_created,2026-03-17 00:54:59.459445
4545,app_opened,2026-03-23 03:54:59.459455
4545,account_created,2026-03-23 06:54:59.459455
4545,kyc_started,2026-03-26 05:54:59.459455
4545,kyc_completed,2026-03-27 10:54:59.459455
4546,app_opened,2026-04-03 11:54:59.459472
4546,account_created,2026-04-03 17:54:59.459472
4547,app_opened,2026-03-05 21:54:59.459482
4547,account_created,2026-03-05 19:54:59.459482
4547,kyc_started,2026-03-07 12:54:59.459482
4548,app_opened,2026-03-03 19:54:59.459495
4548,account_created,2026-03-04 03:54:59.459495
4548,kyc_started,2026-03-04 23:54:59.459495
4548,kyc_completed,2026-03-09 15:54:59.459495
4548,deposit_made,2026-03-10 00:54:59.459495
4549,app_opened,2026-04-02 17:54:59.459514
4549,account_created,2026-04-02 13:54:59.459514
4549,kyc_started,2026-04-04 08:54:59.459514
4550,app_opened,2026-03-11 16:54:59.459528
4550,account_created,2026-03-12 05:54:59.459528
4550,kyc_started,2026-03-14 15:54:59.459528
4551,app_opened,2026-04-15 13:54:59.459541
4551,account_created,2026-04-16 11:54:59.459541
4551,kyc_started,2026-04-17 20:54:59.459541
4551,kyc_completed,2026-04-21 01:54:59.459541
4552,app_opened,2026-04-01 20:54:59.459565
4552,account_created,2026-04-02 15:54:59.459565
4553,app_opened,2026-04-10 14:54:59.459578
4553,account_created,2026-04-11 21:54:59.459578
4553,kyc_started,2026-04-12 09:54:59.459578
4554,app_opened,2026-04-09 00:54:59.459591
4554,account_created,2026-04-08 09:54:59.459591
4555,app_opened,2026-03-28 09:54:59.459602
4555,account_created,2026-03-29 10:54:59.459602
4555,kyc_started,2026-03-30 06:54:59.459602
4555,kyc_completed,2026-04-01 01:54:59.459602
4556,app_opened,2026-03-15 05:54:59.459619
4556,account_created,2026-03-16 06:54:59.459619
4556,kyc_started,2026-03-18 05:54:59.459619
4556,kyc_completed,2026-03-20 17:54:59.459619
4556,deposit_made,2026-03-22 14:54:59.459619
4556,transaction_made,2026-03-23 12:54:59.459619
4556,credit_product_viewed,2026-03-28 12:54:59.459619
4556,credit_application_started,2026-03-29 12:54:59.459619
4556,credit_application_completed,2026-03-29 23:54:59.459619
4557,app_opened,2026-03-11 19:54:59.459651
4557,account_created,2026-03-12 11:54:59.459651
4557,kyc_started,2026-03-14 06:54:59.459651
4557,kyc_completed,2026-03-17 21:54:59.459651
4557,deposit_made,2026-03-19 08:54:59.459651
4557,transaction_made,2026-03-20 06:54:59.459651
4558,app_opened,2026-04-04 16:54:59.459677
4558,account_created,2026-04-05 16:54:59.459677
4558,kyc_started,2026-04-06 17:54:59.459677
4558,kyc_completed,2026-04-10 21:54:59.459677
4558,deposit_made,2026-04-12 17:54:59.459677
4559,app_opened,2026-04-15 09:54:59.459696
4559,account_created,2026-04-17 05:54:59.459696
4560,app_opened,2026-04-02 21:54:59.459711
4560,account_created,2026-04-04 07:54:59.459711
4560,kyc_started,2026-04-05 02:54:59.459711
4561,app_opened,2026-03-22 03:54:59.459725
4561,account_created,2026-03-23 04:54:59.459725
4561,kyc_started,2026-03-23 12:54:59.459725
4561,kyc_completed,2026-03-26 11:54:59.459725
4562,app_opened,2026-03-05 09:54:59.459742
4562,account_created,2026-03-06 14:54:59.459742
4563,app_opened,2026-04-15 22:54:59.459752
4563,account_created,2026-04-16 14:54:59.459752
4563,kyc_started,2026-04-16 23:54:59.459752
4564,app_opened,2026-03-05 12:54:59.459766
4564,account_created,2026-03-05 12:54:59.459766
4564,kyc_started,2026-03-06 15:54:59.459766
4564,kyc_completed,2026-03-10 21:54:59.459766
4564,deposit_made,2026-03-12 01:54:59.459766
4564,transaction_made,2026-03-12 07:54:59.459766
4565,app_opened,2026-03-24 14:54:59.459789
4565,account_created,2026-03-25 20:54:59.459789
4565,kyc_started,2026-03-27 03:54:59.459789
4566,app_opened,2026-04-04 03:54:59.459802
4566,account_created,2026-04-03 13:54:59.459802
4567,app_opened,2026-04-08 03:54:59.459813
4568,app_opened,2026-03-08 04:54:59.459820
4568,account_created,2026-03-07 09:54:59.459820
4569,app_opened,2026-04-03 09:54:59.459830
4569,account_created,2026-04-03 19:54:59.459830
4569,kyc_started,2026-04-06 01:54:59.459830
4569,kyc_completed,2026-04-07 08:54:59.459830
4570,app_opened,2026-04-09 13:54:59.459853
4570,account_created,2026-04-11 02:54:59.459853
4570,kyc_started,2026-04-12 14:54:59.459853
4570,kyc_completed,2026-04-13 20:54:59.459853
4570,deposit_made,2026-04-15 12:54:59.459853
4570,transaction_made,2026-04-16 04:54:59.459853
4571,app_opened,2026-03-14 23:54:59.459879
4571,account_created,2026-03-15 20:54:59.459879
4572,app_opened,2026-04-14 21:54:59.459889
4572,account_created,2026-04-14 19:54:59.459889
4572,kyc_started,2026-04-17 14:54:59.459889
4573,app_opened,2026-04-16 11:54:59.459902
4574,app_opened,2026-04-07 22:54:59.459909
4575,app_opened,2026-03-13 10:54:59.459916
4576,app_opened,2026-04-01 22:54:59.459923
4576,account_created,2026-04-02 08:54:59.459923
4576,kyc_started,2026-04-04 02:54:59.459923
4576,kyc_completed,2026-04-06 12:54:59.459923
4576,deposit_made,2026-04-06 13:54:59.459923
4577,app_opened,2026-03-23 07:54:59.459945
4577,account_created,2026-03-24 02:54:59.459945
4577,kyc_started,2026-03-25 12:54:59.459945
4577,kyc_completed,2026-03-30 04:54:59.459945
4578,app_opened,2026-03-27 14:54:59.459962
4578,account_created,2026-03-27 22:54:59.459962
4578,kyc_started,2026-03-30 10:54:59.459962
4579,app_opened,2026-03-19 00:54:59.459976
4579,account_created,2026-03-19 19:54:59.459976
4579,kyc_started,2026-03-22 04:54:59.459976
4579,kyc_completed,2026-03-26 21:54:59.459976
4580,app_opened,2026-03-31 22:54:59.459992
4580,account_created,2026-04-01 14:54:59.459992
4580,kyc_started,2026-04-01 21:54:59.459992
4581,app_opened,2026-04-12 13:54:59.460008
4582,app_opened,2026-03-17 01:54:59.460018
4582,account_created,2026-03-16 18:54:59.460018
4582,kyc_started,2026-03-17 14:54:59.460018
4582,kyc_completed,2026-03-18 21:54:59.460018
4583,app_opened,2026-04-10 01:54:59.460035
4583,account_created,2026-04-09 18:54:59.460035
4584,app_opened,2026-03-06 08:54:59.460045
4584,account_created,2026-03-07 02:54:59.460045
4585,app_opened,2026-04-01 12:54:59.460055
4585,account_created,2026-04-01 09:54:59.460055
4585,kyc_started,2026-04-04 01:54:59.460055
4585,kyc_completed,2026-04-07 19:54:59.460055
4586,app_opened,2026-04-15 19:54:59.460071
4586,account_created,2026-04-17 06:54:59.460071
4586,kyc_started,2026-04-20 00:54:59.460071
4586,kyc_completed,2026-04-22 01:54:59.460071
4586,deposit_made,2026-04-23 19:54:59.460071
4586,transaction_made,2026-04-24 05:54:59.460071
4587,app_opened,2026-03-12 20:54:59.460097
4587,account_created,2026-03-12 18:54:59.460097
4587,kyc_started,2026-03-15 14:54:59.460097
4587,kyc_completed,2026-03-17 05:54:59.460097
4588,app_opened,2026-04-01 13:54:59.460114
4588,account_created,2026-04-02 08:54:59.460114
4588,kyc_started,2026-04-04 08:54:59.460114
4589,app_opened,2026-03-31 11:54:59.460128
4589,account_created,2026-03-31 10:54:59.460128
4589,kyc_started,2026-03-31 21:54:59.460128
4590,app_opened,2026-03-14 06:54:59.460144
4590,account_created,2026-03-13 10:54:59.460144
4590,kyc_started,2026-03-13 11:54:59.460144
4591,app_opened,2026-04-11 00:54:59.460158
4591,account_created,2026-04-11 17:54:59.460158
4592,app_opened,2026-03-05 21:54:59.460170
4592,account_created,2026-03-05 15:54:59.460170
4592,kyc_started,2026-03-05 21:54:59.460170
4592,kyc_completed,2026-03-10 08:54:59.460170
4592,deposit_made,2026-03-10 12:54:59.460170
4592,transaction_made,2026-03-10 22:54:59.460170
4592,credit_product_viewed,2026-03-14 22:54:59.460170
4592,credit_application_started,2026-03-15 13:54:59.460170
4592,credit_application_cancelled,2026-03-16 07:54:59.460170
4593,app_opened,2026-03-11 20:54:59.460203
4593,account_created,2026-03-12 23:54:59.460203
4593,kyc_started,2026-03-13 19:54:59.460203
4594,app_opened,2026-03-30 22:54:59.460216
4594,account_created,2026-03-30 12:54:59.460216
4594,kyc_started,2026-03-30 21:54:59.460216
4594,kyc_completed,2026-04-03 22:54:59.460216
4595,app_opened,2026-04-15 06:54:59.460233
4595,account_created,2026-04-14 15:54:59.460233
4595,kyc_started,2026-04-16 14:54:59.460233
4595,kyc_completed,2026-04-18 12:54:59.460233
4595,deposit_made,2026-04-18 16:54:59.460233
4595,transaction_made,2026-04-19 14:54:59.460233
4595,credit_product_viewed,2026-04-27 14:54:59.460233
4595,credit_application_started,2026-04-28 01:54:59.460233
4595,credit_application_cancelled,2026-04-28 22:54:59.460233
4596,app_opened,2026-04-04 07:54:59.460265
4596,account_created,2026-04-03 20:54:59.460265
4596,kyc_started,2026-04-03 22:54:59.460265
4597,app_opened,2026-04-07 04:54:59.460279
4598,app_opened,2026-03-18 20:54:59.460285
4599,app_opened,2026-03-11 00:54:59.460297
4599,account_created,2026-03-11 14:54:59.460297
4599,kyc_started,2026-03-13 09:54:59.460297
4600,app_opened,2026-03-10 22:54:59.460311
4600,account_created,2026-03-12 08:54:59.460311
4601,app_opened,2026-03-29 17:54:59.460321
4601,account_created,2026-03-29 19:54:59.460321
4601,kyc_started,2026-03-31 21:54:59.460321
4602,app_opened,2026-03-06 04:54:59.460354
4602,account_created,2026-03-06 01:54:59.460354
4602,kyc_started,2026-03-06 23:54:59.460354
4602,kyc_completed,2026-03-08 09:54:59.460354
4602,deposit_made,2026-03-08 17:54:59.460354
4602,transaction_made,2026-03-09 17:54:59.460354
4602,credit_product_viewed,2026-03-14 17:54:59.460354
4602,credit_application_started,2026-03-14 20:54:59.460354
4602,credit_application_cancelled,2026-03-15 18:54:59.460354
4603,app_opened,2026-03-25 11:54:59.460380
4604,app_opened,2026-04-05 16:54:59.460387
4604,account_created,2026-04-07 00:54:59.460387
4605,app_opened,2026-03-20 22:54:59.460396
4605,account_created,2026-03-21 10:54:59.460396
4606,app_opened,2026-03-06 04:54:59.460406
4606,account_created,2026-03-06 19:54:59.460406
4606,kyc_started,2026-03-08 20:54:59.460406
4607,app_opened,2026-04-18 01:54:59.460419
4607,account_created,2026-04-18 16:54:59.460419
4608,app_opened,2026-03-19 18:54:59.460428
4608,account_created,2026-03-19 11:54:59.460428
4609,app_opened,2026-03-15 18:54:59.460438
4609,account_created,2026-03-16 10:54:59.460438
4609,kyc_started,2026-03-16 21:54:59.460438
4609,kyc_completed,2026-03-21 00:54:59.460438
4610,app_opened,2026-03-16 10:54:59.460458
4610,account_created,2026-03-17 06:54:59.460458
4610,kyc_started,2026-03-18 04:54:59.460458
4610,kyc_completed,2026-03-19 09:54:59.460458
4611,app_opened,2026-03-20 17:54:59.460478
4611,account_created,2026-03-20 10:54:59.460478
4611,kyc_started,2026-03-23 10:54:59.460478
4611,kyc_completed,2026-03-25 09:54:59.460478
4611,deposit_made,2026-03-26 01:54:59.460478
4611,transaction_made,2026-03-26 16:54:59.460478
4612,app_opened,2026-04-11 12:54:59.460500
4613,app_opened,2026-04-13 07:54:59.460507
4614,app_opened,2026-03-05 01:54:59.460513
4614,account_created,2026-03-06 05:54:59.460513
4615,app_opened,2026-03-14 17:54:59.460523
4615,account_created,2026-03-15 12:54:59.460523
4616,app_opened,2026-03-10 02:54:59.460532
4616,account_created,2026-03-11 07:54:59.460532
4616,kyc_started,2026-03-12 12:54:59.460532
4617,app_opened,2026-04-13 16:54:59.460545
4617,account_created,2026-04-14 21:54:59.460545
4617,kyc_started,2026-04-17 14:54:59.460545
4618,app_opened,2026-04-15 06:54:59.460558
4618,account_created,2026-04-16 05:54:59.460558
4618,kyc_started,2026-04-17 17:54:59.460558
4619,app_opened,2026-03-14 09:54:59.460570
4620,app_opened,2026-04-15 13:54:59.460577
4620,account_created,2026-04-16 11:54:59.460577
4620,kyc_started,2026-04-18 08:54:59.460577
4621,app_opened,2026-03-18 06:54:59.460589
4622,app_opened,2026-04-17 19:54:59.460596
4623,app_opened,2026-03-31 02:54:59.460608
4623,account_created,2026-03-31 21:54:59.460608
4623,kyc_started,2026-04-03 11:54:59.460608
4624,app_opened,2026-03-13 12:54:59.460622
4624,account_created,2026-03-13 18:54:59.460622
4625,app_opened,2026-03-31 00:54:59.460631
4626,app_opened,2026-04-02 04:54:59.460638
4626,account_created,2026-04-02 02:54:59.460638
4626,kyc_started,2026-04-04 04:54:59.460638
4626,kyc_completed,2026-04-06 02:54:59.460638
4627,app_opened,2026-03-19 12:54:59.460654
4627,account_created,2026-03-20 20:54:59.460654
4628,app_opened,2026-03-06 00:54:59.460663
4629,app_opened,2026-04-06 11:54:59.460670
4629,account_created,2026-04-06 14:54:59.460670
4629,kyc_started,2026-04-09 06:54:59.460670
4629,kyc_completed,2026-04-10 12:54:59.460670
4630,app_opened,2026-03-26 13:54:59.460685
4630,account_created,2026-03-26 20:54:59.460685
4630,kyc_started,2026-03-29 03:54:59.460685
4631,app_opened,2026-03-17 01:54:59.460698
4631,account_created,2026-03-17 14:54:59.460698
4631,kyc_started,2026-03-20 12:54:59.460698
4631,kyc_completed,2026-03-24 00:54:59.460698
4631,deposit_made,2026-03-24 18:54:59.460698
4631,transaction_made,2026-03-25 03:54:59.460698
4632,app_opened,2026-03-30 11:54:59.460721
4632,account_created,2026-03-30 09:54:59.460721
4632,kyc_started,2026-03-31 03:54:59.460721
4633,app_opened,2026-03-12 07:54:59.460735
4634,app_opened,2026-03-22 09:54:59.460741
4634,account_created,2026-03-23 23:54:59.460741
4634,kyc_started,2026-03-26 10:54:59.460741
4634,kyc_completed,2026-03-27 18:54:59.460741
4635,app_opened,2026-03-11 15:54:59.460760
4635,account_created,2026-03-12 00:54:59.460760
4635,kyc_started,2026-03-12 04:54:59.460760
4635,kyc_completed,2026-03-14 15:54:59.460760
4636,app_opened,2026-03-15 18:54:59.460776
4636,account_created,2026-03-16 15:54:59.460776
4636,kyc_started,2026-03-18 22:54:59.460776
4637,app_opened,2026-03-06 20:54:59.460789
4637,account_created,2026-03-06 13:54:59.460789
4638,app_opened,2026-03-23 02:54:59.460799
4638,account_created,2026-03-22 17:54:59.460799
4639,app_opened,2026-03-04 16:54:59.460808
4640,app_opened,2026-04-14 23:54:59.460815
4640,account_created,2026-04-15 11:54:59.460815
4640,kyc_started,2026-04-16 20:54:59.460815
4640,kyc_completed,2026-04-19 12:54:59.460815
4641,app_opened,2026-04-11 21:54:59.460831
4641,account_created,2026-04-13 06:54:59.460831
4641,kyc_started,2026-04-14 21:54:59.460831
4641,kyc_completed,2026-04-16 03:54:59.460831
4641,deposit_made,2026-04-17 08:54:59.460831
4642,app_opened,2026-04-07 05:54:59.460857
4642,account_created,2026-04-07 16:54:59.460857
4642,kyc_started,2026-04-09 21:54:59.460857
4643,app_opened,2026-04-07 18:54:59.460873
4643,account_created,2026-04-08 07:54:59.460873
4643,kyc_started,2026-04-08 16:54:59.460873
4644,app_opened,2026-04-11 13:54:59.460887
4644,account_created,2026-04-11 22:54:59.460887
4644,kyc_started,2026-04-12 00:54:59.460887
4644,kyc_completed,2026-04-13 23:54:59.460887
4645,app_opened,2026-03-18 02:54:59.460907
4645,account_created,2026-03-17 12:54:59.460907
4646,app_opened,2026-03-22 11:54:59.460917
4646,account_created,2026-03-23 04:54:59.460917
4646,kyc_started,2026-03-25 22:54:59.460917
4646,kyc_completed,2026-03-29 01:54:59.460917
4646,deposit_made,2026-03-30 00:54:59.460917
4646,transaction_made,2026-03-30 23:54:59.460917
4647,app_opened,2026-04-13 01:54:59.460939
4648,app_opened,2026-04-08 05:54:59.460945
4649,app_opened,2026-03-06 01:54:59.460951
4649,account_created,2026-03-05 17:54:59.460951
4649,kyc_started,2026-03-06 15:54:59.460951
4650,app_opened,2026-03-16 07:54:59.460964
4650,account_created,2026-03-16 12:54:59.460964
4650,kyc_started,2026-03-18 05:54:59.460964
4651,app_opened,2026-03-09 17:54:59.460977
4651,account_created,2026-03-11 06:54:59.460977
4651,kyc_started,2026-03-12 22:54:59.460977
4651,kyc_completed,2026-03-16 14:54:59.460977
4652,app_opened,2026-03-05 02:54:59.460992
4653,app_opened,2026-03-20 10:54:59.460999
4653,account_created,2026-03-20 11:54:59.460999
4653,kyc_started,2026-03-21 16:54:59.460999
4654,app_opened,2026-04-08 04:54:59.461012
4654,account_created,2026-04-08 14:54:59.461012
4654,kyc_started,2026-04-09 12:54:59.461012
4654,kyc_completed,2026-04-11 08:54:59.461012
4655,app_opened,2026-04-04 22:54:59.461028
4656,app_opened,2026-03-15 22:54:59.461035
4657,app_opened,2026-04-09 23:54:59.461044
4658,app_opened,2026-03-19 02:54:59.461051
4658,account_created,2026-03-19 12:54:59.461051
4659,app_opened,2026-03-05 06:54:59.461060
4659,account_created,2026-03-04 20:54:59.461060
4659,kyc_started,2026-03-07 16:54:59.461060
4659,kyc_completed,2026-03-10 16:54:59.461060
4660,app_opened,2026-04-02 13:54:59.461076
4660,account_created,2026-04-03 15:54:59.461076
4660,kyc_started,2026-04-04 20:54:59.461076
4661,app_opened,2026-03-20 11:54:59.461089
4662,app_opened,2026-04-17 22:54:59.461095
4662,account_created,2026-04-18 19:54:59.461095
4662,kyc_started,2026-04-20 00:54:59.461095
4662,kyc_completed,2026-04-24 09:54:59.461095
4662,deposit_made,2026-04-26 02:54:59.461095
4662,transaction_made,2026-04-26 18:54:59.461095
4662,credit_product_viewed,2026-05-03 18:54:59.461095
4662,credit_application_started,2026-05-04 06:54:59.461095
4662,credit_application_completed,2026-05-05 03:54:59.461095
4663,app_opened,2026-04-09 23:54:59.461126
4663,account_created,2026-04-11 06:54:59.461126
4664,app_opened,2026-04-14 17:54:59.461136
4664,account_created,2026-04-15 06:54:59.461136
4664,kyc_started,2026-04-17 19:54:59.461136
4664,kyc_completed,2026-04-19 11:54:59.461136
4665,app_opened,2026-04-04 08:54:59.461151
4665,account_created,2026-04-03 17:54:59.461151
4665,kyc_started,2026-04-05 14:54:59.461151
4666,app_opened,2026-03-20 09:54:59.461164
4666,account_created,2026-03-20 19:54:59.461164
4667,app_opened,2026-04-16 08:54:59.461174
4668,app_opened,2026-03-27 19:54:59.461186
4668,account_created,2026-03-28 11:54:59.461186
4668,kyc_started,2026-03-29 16:54:59.461186
4669,app_opened,2026-03-20 23:54:59.461198
4669,account_created,2026-03-21 03:54:59.461198
4669,kyc_started,2026-03-23 09:54:59.461198
4669,kyc_completed,2026-03-27 08:54:59.461198
4670,app_opened,2026-04-13 20:54:59.461214
4670,account_created,2026-04-14 11:54:59.461214
4670,kyc_started,2026-04-16 00:54:59.461214
4670,kyc_completed,2026-04-20 10:54:59.461214
4670,deposit_made,2026-04-21 20:54:59.461214
4670,transaction_made,2026-04-22 07:54:59.461214
4671,app_opened,2026-04-17 18:54:59.461236
4672,app_opened,2026-04-01 01:54:59.461246
4672,account_created,2026-04-01 01:54:59.461246
4673,app_opened,2026-03-22 00:54:59.461255
4673,account_created,2026-03-21 22:54:59.461255
4673,kyc_started,2026-03-22 21:54:59.461255
4674,app_opened,2026-04-14 07:54:59.461268
4674,account_created,2026-04-14 19:54:59.461268
4674,kyc_started,2026-04-16 17:54:59.461268
4674,kyc_completed,2026-04-21 09:54:59.461268
4674,deposit_made,2026-04-21 10:54:59.461268
4674,transaction_made,2026-04-22 00:54:59.461268
4675,app_opened,2026-04-03 06:54:59.461290
4675,account_created,2026-04-03 05:54:59.461290
4675,kyc_started,2026-04-04 17:54:59.461290
4676,app_opened,2026-03-22 17:54:59.461303
4676,account_created,2026-03-23 11:54:59.461303
4676,kyc_started,2026-03-26 11:54:59.461303
4676,kyc_completed,2026-03-28 13:54:59.461303
4676,deposit_made,2026-03-28 22:54:59.461303
4677,app_opened,2026-04-14 16:54:59.461324
4678,app_opened,2026-04-03 03:54:59.461341
4678,account_created,2026-04-04 05:54:59.461341
4678,kyc_started,2026-04-06 22:54:59.461341
4678,kyc_completed,2026-04-09 22:54:59.461341
4678,deposit_made,2026-04-10 13:54:59.461341
4678,transaction_made,2026-04-11 03:54:59.461341
4679,app_opened,2026-04-14 19:54:59.461365
4680,app_opened,2026-03-13 11:54:59.461371
4680,account_created,2026-03-15 04:54:59.461371
4680,kyc_started,2026-03-15 19:54:59.461371
4680,kyc_completed,2026-03-17 22:54:59.461371
4680,deposit_made,2026-03-18 16:54:59.461371
4681,app_opened,2026-04-05 19:54:59.461390
4681,account_created,2026-04-05 10:54:59.461390
4681,kyc_started,2026-04-07 20:54:59.461390
4681,kyc_completed,2026-04-11 13:54:59.461390
4682,app_opened,2026-04-13 19:54:59.461407
4683,app_opened,2026-03-26 04:54:59.461414
4683,account_created,2026-03-27 00:54:59.461414
4683,kyc_started,2026-03-28 14:54:59.461414
4683,kyc_completed,2026-04-01 05:54:59.461414
4683,deposit_made,2026-04-02 03:54:59.461414
4683,transaction_made,2026-04-02 15:54:59.461414
4684,app_opened,2026-04-16 19:54:59.461439
4684,account_created,2026-04-18 02:54:59.461439
4684,kyc_started,2026-04-20 04:54:59.461439
4684,kyc_completed,2026-04-24 22:54:59.461439
4685,app_opened,2026-03-20 12:54:59.461456
4685,account_created,2026-03-21 08:54:59.461456
4686,app_opened,2026-03-30 11:54:59.461469
4686,account_created,2026-04-01 00:54:59.461469
4686,kyc_started,2026-04-01 21:54:59.461469
4687,app_opened,2026-04-10 08:54:59.461484
4688,app_opened,2026-03-25 13:54:59.461491
4688,account_created,2026-03-25 12:54:59.461491
4689,app_opened,2026-03-07 01:54:59.461502
4689,account_created,2026-03-07 17:54:59.461502
4689,kyc_started,2026-03-08 03:54:59.461502
4689,kyc_completed,2026-03-10 19:54:59.461502
4689,deposit_made,2026-03-11 00:54:59.461502
4689,transaction_made,2026-03-11 23:54:59.461502
4689,credit_product_viewed,2026-03-16 23:54:59.461502
4689,credit_application_started,2026-03-17 23:54:59.461502
4689,credit_application_cancelled,2026-03-18 22:54:59.461502
4690,app_opened,2026-03-30 19:54:59.461534
4690,account_created,2026-03-30 22:54:59.461534
4690,kyc_started,2026-03-31 16:54:59.461534
4690,kyc_completed,2026-04-03 17:54:59.461534
4691,app_opened,2026-04-01 23:54:59.461551
4691,account_created,2026-04-02 17:54:59.461551
4692,app_opened,2026-03-13 13:54:59.461561
4692,account_created,2026-03-13 12:54:59.461561
4692,kyc_started,2026-03-15 11:54:59.461561
4693,app_opened,2026-04-02 14:54:59.461575
4693,account_created,2026-04-02 14:54:59.461575
4694,app_opened,2026-03-30 18:54:59.461585
4694,account_created,2026-04-01 05:54:59.461585
4694,kyc_started,2026-04-02 07:54:59.461585
4695,app_opened,2026-03-21 16:54:59.461599
4695,account_created,2026-03-21 10:54:59.461599
4695,kyc_started,2026-03-21 22:54:59.461599
4695,kyc_completed,2026-03-26 17:54:59.461599
4695,deposit_made,2026-03-28 05:54:59.461599
4696,app_opened,2026-03-26 07:54:59.461624
4696,account_created,2026-03-25 19:54:59.461624
4696,kyc_started,2026-03-27 12:54:59.461624
4696,kyc_completed,2026-03-28 19:54:59.461624
4697,app_opened,2026-03-31 00:54:59.461643
4697,account_created,2026-03-31 01:54:59.461643
4697,kyc_started,2026-04-01 08:54:59.461643
4698,app_opened,2026-03-28 18:54:59.461657
4698,account_created,2026-03-28 14:54:59.461657
4698,kyc_started,2026-03-29 02:54:59.461657
4699,app_opened,2026-04-10 15:54:59.461671
4699,account_created,2026-04-12 08:54:59.461671
4700,app_opened,2026-04-03 17:54:59.461681
4700,account_created,2026-04-05 06:54:59.461681
4700,kyc_started,2026-04-05 15:54:59.461681
4700,kyc_completed,2026-04-09 19:54:59.461681
4701,app_opened,2026-03-09 22:54:59.461698
4701,account_created,2026-03-10 14:54:59.461698
4701,kyc_started,2026-03-12 20:54:59.461698
4701,kyc_completed,2026-03-16 11:54:59.461698
4701,deposit_made,2026-03-16 20:54:59.461698
4701,transaction_made,2026-03-17 00:54:59.461698
4701,credit_product_viewed,2026-03-30 00:54:59.461698
4701,credit_application_started,2026-03-30 11:54:59.461698
4701,credit_application_cancelled,2026-03-31 10:54:59.461698
4702,app_opened,2026-03-03 15:54:59.461730
4702,account_created,2026-03-03 23:54:59.461730
4702,kyc_started,2026-03-05 13:54:59.461730
4702,kyc_completed,2026-03-08 04:54:59.461730
4703,app_opened,2026-04-08 04:54:59.461747
4703,account_created,2026-04-08 23:54:59.461747
4703,kyc_started,2026-04-11 21:54:59.461747
4704,app_opened,2026-03-03 11:54:59.461766
4704,account_created,2026-03-05 04:54:59.461766
4704,kyc_started,2026-03-07 03:54:59.461766
4704,kyc_completed,2026-03-08 17:54:59.461766
4705,app_opened,2026-04-12 06:54:59.461783
4705,account_created,2026-04-12 22:54:59.461783
4705,kyc_started,2026-04-13 18:54:59.461783
4705,kyc_completed,2026-04-15 21:54:59.461783
4705,deposit_made,2026-04-16 23:54:59.461783
4706,app_opened,2026-03-04 15:54:59.461803
4706,account_created,2026-03-04 18:54:59.461803
4706,kyc_started,2026-03-07 02:54:59.461803
4707,app_opened,2026-03-08 21:54:59.461816
4707,account_created,2026-03-09 04:54:59.461816
4708,app_opened,2026-03-04 07:54:59.461826
4709,app_opened,2026-03-18 11:54:59.461833
4709,account_created,2026-03-20 02:54:59.461833
4709,kyc_started,2026-03-23 01:54:59.461833
4710,app_opened,2026-04-13 04:54:59.461853
4710,account_created,2026-04-13 17:54:59.461853
4711,app_opened,2026-03-18 18:54:59.461864
4711,account_created,2026-03-18 10:54:59.461864
4711,kyc_started,2026-03-19 13:54:59.461864
4712,app_opened,2026-04-16 16:54:59.461877
4712,account_created,2026-04-17 01:54:59.461877
4712,kyc_started,2026-04-19 09:54:59.461877
4712,kyc_completed,2026-04-23 00:54:59.461877
4712,deposit_made,2026-04-24 10:54:59.461877
4712,transaction_made,2026-04-24 23:54:59.461877
4713,app_opened,2026-03-04 00:54:59.461901
4713,account_created,2026-03-05 06:54:59.461901
4713,kyc_started,2026-03-07 17:54:59.461901
4713,kyc_completed,2026-03-09 02:54:59.461901
4714,app_opened,2026-04-04 12:54:59.461921
4714,account_created,2026-04-04 21:54:59.461921
4714,kyc_started,2026-04-07 14:54:59.461921
4715,app_opened,2026-04-13 05:54:59.461935
4716,app_opened,2026-03-07 08:54:59.461942
4717,app_opened,2026-04-14 19:54:59.461949
4717,account_created,2026-04-16 05:54:59.461949
4718,app_opened,2026-04-16 15:54:59.461961
4718,account_created,2026-04-17 21:54:59.461961
4718,kyc_started,2026-04-19 00:54:59.461961
4718,kyc_completed,2026-04-22 03:54:59.461961
4719,app_opened,2026-04-16 09:54:59.461979
4719,account_created,2026-04-17 23:54:59.461979
4719,kyc_started,2026-04-20 02:54:59.461979
4719,kyc_completed,2026-04-24 07:54:59.461979
4719,deposit_made,2026-04-26 05:54:59.461979
4719,transaction_made,2026-04-26 13:54:59.461979
4719,credit_product_viewed,2026-05-04 13:54:59.461979
4719,credit_application_started,2026-05-04 17:54:59.461979
4719,credit_application_completed,2026-05-04 21:54:59.461979
4720,app_opened,2026-03-05 19:54:59.462011
4720,account_created,2026-03-05 09:54:59.462011
4721,app_opened,2026-03-12 00:54:59.462022
4722,app_opened,2026-04-13 17:54:59.462036
4722,account_created,2026-04-14 20:54:59.462036
4722,kyc_started,2026-04-16 04:54:59.462036
4722,kyc_completed,2026-04-18 18:54:59.462036
4722,deposit_made,2026-04-18 20:54:59.462036
4722,transaction_made,2026-04-19 09:54:59.462036
4723,app_opened,2026-03-15 00:54:59.462065
4723,account_created,2026-03-16 05:54:59.462065
4723,kyc_started,2026-03-19 01:54:59.462065
4723,kyc_completed,2026-03-23 08:54:59.462065
4724,app_opened,2026-04-07 16:54:59.462085
4724,account_created,2026-04-08 23:54:59.462085
4725,app_opened,2026-03-13 00:54:59.462095
4725,account_created,2026-03-13 18:54:59.462095
4726,app_opened,2026-03-29 02:54:59.462105
4726,account_created,2026-03-28 18:54:59.462105
4726,kyc_started,2026-03-31 17:54:59.462105
4727,app_opened,2026-03-31 20:54:59.462119
4727,account_created,2026-03-31 16:54:59.462119
4727,kyc_started,2026-04-01 07:54:59.462119
4728,app_opened,2026-03-22 09:54:59.462132
4729,app_opened,2026-03-30 01:54:59.462139
4730,app_opened,2026-04-02 22:54:59.462146
4730,account_created,2026-04-03 20:54:59.462146
4731,app_opened,2026-03-14 07:54:59.462156
4731,account_created,2026-03-14 10:54:59.462156
4732,app_opened,2026-03-08 15:54:59.462167
4732,account_created,2026-03-09 00:54:59.462167
4732,kyc_started,2026-03-09 05:54:59.462167
4732,kyc_completed,2026-03-11 11:54:59.462167
4732,deposit_made,2026-03-12 16:54:59.462167
4732,transaction_made,2026-03-13 02:54:59.462167
4733,app_opened,2026-04-01 01:54:59.462190
4733,account_created,2026-04-01 15:54:59.462190
4734,app_opened,2026-03-31 12:54:59.462201
4734,account_created,2026-04-01 16:54:59.462201
4735,app_opened,2026-04-09 10:54:59.462212
4735,account_created,2026-04-09 15:54:59.462212
4735,kyc_started,2026-04-11 12:54:59.462212
4736,app_opened,2026-03-12 23:54:59.462228
4736,account_created,2026-03-12 11:54:59.462228
4736,kyc_started,2026-03-14 09:54:59.462228
4736,kyc_completed,2026-03-15 09:54:59.462228
4737,app_opened,2026-04-11 08:54:59.462245
4737,account_created,2026-04-11 01:54:59.462245
4738,app_opened,2026-03-25 23:54:59.462255
4738,account_created,2026-03-25 16:54:59.462255
4739,app_opened,2026-03-03 15:54:59.462265
4739,account_created,2026-03-03 13:54:59.462265
4739,kyc_started,2026-03-06 10:54:59.462265
4739,kyc_completed,2026-03-07 23:54:59.462265
4739,deposit_made,2026-03-08 01:54:59.462265
4740,app_opened,2026-03-24 11:54:59.462285
4740,account_created,2026-03-25 23:54:59.462285
4740,kyc_started,2026-03-26 02:54:59.462285
4741,app_opened,2026-03-27 19:54:59.462299
4741,account_created,2026-03-28 02:54:59.462299
4741,kyc_started,2026-03-29 23:54:59.462299
4742,app_opened,2026-04-07 08:54:59.462312
4742,account_created,2026-04-07 00:54:59.462312
4742,kyc_started,2026-04-08 09:54:59.462312
4743,app_opened,2026-04-04 00:54:59.462326
4743,account_created,2026-04-04 02:54:59.462326
4744,app_opened,2026-04-05 18:54:59.462378
4745,app_opened,2026-03-05 17:54:59.462385
4745,account_created,2026-03-06 05:54:59.462385
4745,kyc_started,2026-03-08 01:54:59.462385
4746,app_opened,2026-03-27 06:54:59.462399
4746,account_created,2026-03-27 12:54:59.462399
4746,kyc_started,2026-03-28 18:54:59.462399
4747,app_opened,2026-04-12 11:54:59.462418
4747,account_created,2026-04-13 11:54:59.462418
4747,kyc_started,2026-04-14 05:54:59.462418
4747,kyc_completed,2026-04-16 00:54:59.462418
4748,app_opened,2026-03-15 21:54:59.462435
4748,account_created,2026-03-16 15:54:59.462435
4749,app_opened,2026-03-05 13:54:59.462445
4749,account_created,2026-03-07 02:54:59.462445
4750,app_opened,2026-03-21 08:54:59.462455
4751,app_opened,2026-04-04 21:54:59.462462
4751,account_created,2026-04-04 23:54:59.462462
4751,kyc_started,2026-04-05 07:54:59.462462
4752,app_opened,2026-03-29 06:54:59.462476
4752,account_created,2026-03-28 10:54:59.462476
4753,app_opened,2026-03-11 15:54:59.462488
4753,account_created,2026-03-13 06:54:59.462488
4753,kyc_started,2026-03-13 17:54:59.462488
4753,kyc_completed,2026-03-16 15:54:59.462488
4753,deposit_made,2026-03-16 23:54:59.462488
4753,transaction_made,2026-03-17 13:54:59.462488
4754,app_opened,2026-04-01 09:54:59.462512
4754,account_created,2026-04-02 18:54:59.462512
4754,kyc_started,2026-04-05 18:54:59.462512
4754,kyc_completed,2026-04-10 17:54:59.462512
4755,app_opened,2026-03-19 10:54:59.462529
4755,account_created,2026-03-20 11:54:59.462529
4755,kyc_started,2026-03-23 02:54:59.462529
4756,app_opened,2026-03-28 07:54:59.462543
4756,account_created,2026-03-28 06:54:59.462543
4757,app_opened,2026-04-10 18:54:59.462553
4757,account_created,2026-04-11 23:54:59.462553
4758,app_opened,2026-04-01 18:54:59.462566
4758,account_created,2026-04-02 09:54:59.462566
4758,kyc_started,2026-04-04 04:54:59.462566
4758,kyc_completed,2026-04-05 14:54:59.462566
4759,app_opened,2026-03-05 00:54:59.462583
4759,account_created,2026-03-06 05:54:59.462583
4760,app_opened,2026-03-21 13:54:59.462592
4760,account_created,2026-03-21 19:54:59.462592
4760,kyc_started,2026-03-21 21:54:59.462592
4760,kyc_completed,2026-03-26 20:54:59.462592
4761,app_opened,2026-03-03 11:54:59.462609
4761,account_created,2026-03-04 13:54:59.462609
4761,kyc_started,2026-03-06 05:54:59.462609
4761,kyc_completed,2026-03-10 17:54:59.462609
4762,app_opened,2026-03-04 19:54:59.462626
4762,account_created,2026-03-04 23:54:59.462626
4762,kyc_started,2026-03-05 15:54:59.462626
4763,app_opened,2026-03-03 15:54:59.462640
4763,account_created,2026-03-03 19:54:59.462640
4763,kyc_started,2026-03-06 13:54:59.462640
4764,app_opened,2026-03-03 11:54:59.462653
4764,account_created,2026-03-05 04:54:59.462653
4765,app_opened,2026-04-14 11:54:59.462663
4765,account_created,2026-04-15 14:54:59.462663
4765,kyc_started,2026-04-16 04:54:59.462663
4765,kyc_completed,2026-04-20 23:54:59.462663
4766,app_opened,2026-03-09 05:54:59.462680
4766,account_created,2026-03-09 10:54:59.462680
4767,app_opened,2026-04-02 10:54:59.462690
4768,app_opened,2026-03-12 18:54:59.462697
4768,account_created,2026-03-12 14:54:59.462697
4768,kyc_started,2026-03-14 03:54:59.462697
4768,kyc_completed,2026-03-18 21:54:59.462697
4769,app_opened,2026-04-02 19:54:59.462722
4769,account_created,2026-04-02 18:54:59.462722
4770,app_opened,2026-03-14 15:54:59.462733
4770,account_created,2026-03-15 15:54:59.462733
4770,kyc_started,2026-03-18 12:54:59.462733
4771,app_opened,2026-03-03 20:54:59.462746
4772,app_opened,2026-03-07 00:54:59.462753
4772,account_created,2026-03-07 20:54:59.462753
4772,kyc_started,2026-03-08 23:54:59.462753
4772,kyc_completed,2026-03-10 16:54:59.462753
4772,deposit_made,2026-03-11 13:54:59.462753
4772,transaction_made,2026-03-12 10:54:59.462753
4773,app_opened,2026-03-04 00:54:59.462776
4773,account_created,2026-03-03 14:54:59.462776
4773,kyc_started,2026-03-06 14:54:59.462776
4773,kyc_completed,2026-03-11 11:54:59.462776
4774,app_opened,2026-04-14 01:54:59.462793
4775,app_opened,2026-03-19 10:54:59.462800
4775,account_created,2026-03-20 18:54:59.462800
4776,app_opened,2026-03-31 11:54:59.462811
4777,app_opened,2026-04-18 00:54:59.462817
4777,account_created,2026-04-17 16:54:59.462817
4777,kyc_started,2026-04-19 22:54:59.462817
4777,kyc_completed,2026-04-22 12:54:59.462817
4778,app_opened,2026-04-01 17:54:59.462834
4778,account_created,2026-04-03 02:54:59.462834
4778,kyc_started,2026-04-03 16:54:59.462834
4779,app_opened,2026-03-16 16:54:59.462854
4779,account_created,2026-03-17 21:54:59.462854
4779,kyc_started,2026-03-19 12:54:59.462854
4779,kyc_completed,2026-03-22 02:54:59.462854
4780,app_opened,2026-03-17 15:54:59.462873
4781,app_opened,2026-03-07 01:54:59.462880
4782,app_opened,2026-03-07 19:54:59.462887
4783,app_opened,2026-04-06 16:54:59.462894
4783,account_created,2026-04-08 07:54:59.462894
4783,kyc_started,2026-04-09 21:54:59.462894
4783,kyc_completed,2026-04-14 18:54:59.462894
4783,deposit_made,2026-04-14 19:54:59.462894
4783,transaction_made,2026-04-15 13:54:59.462894
4784,app_opened,2026-04-11 05:54:59.462920
4784,account_created,2026-04-11 00:54:59.462920
4784,kyc_started,2026-04-11 13:54:59.462920
4784,kyc_completed,2026-04-16 13:54:59.462920
4785,app_opened,2026-03-13 09:54:59.462937
4785,account_created,2026-03-13 19:54:59.462937
4786,app_opened,2026-03-24 00:54:59.462947
4786,account_created,2026-03-24 22:54:59.462947
4786,kyc_started,2026-03-27 03:54:59.462947
4787,app_opened,2026-03-23 08:54:59.462960
4787,account_created,2026-03-23 19:54:59.462960
4787,kyc_started,2026-03-24 22:54:59.462960
4787,kyc_completed,2026-03-27 01:54:59.462960
4788,app_opened,2026-03-07 20:54:59.462977
4788,account_created,2026-03-08 11:54:59.462977
4788,kyc_started,2026-03-11 07:54:59.462977
4788,kyc_completed,2026-03-12 20:54:59.462977
4789,app_opened,2026-04-17 09:54:59.462994
4789,account_created,2026-04-19 08:54:59.462994
4789,kyc_started,2026-04-19 11:54:59.462994
4789,kyc_completed,2026-04-21 18:54:59.462994
4789,deposit_made,2026-04-21 22:54:59.462994
4789,transaction_made,2026-04-22 15:54:59.462994
4790,app_opened,2026-03-23 07:54:59.463026
4790,account_created,2026-03-23 12:54:59.463026
4791,app_opened,2026-03-11 16:54:59.463036
4791,account_created,2026-03-12 16:54:59.463036
4792,app_opened,2026-03-03 10:54:59.463047
4792,account_created,2026-03-04 17:54:59.463047
4792,kyc_started,2026-03-07 10:54:59.463047
4792,kyc_completed,2026-03-09 05:54:59.463047
4793,app_opened,2026-03-04 22:54:59.463064
4793,account_created,2026-03-05 04:54:59.463064
4793,kyc_started,2026-03-07 09:54:59.463064
4794,app_opened,2026-04-07 04:54:59.463077
4794,account_created,2026-04-06 12:54:59.463077
4795,app_opened,2026-03-31 06:54:59.463087
4796,app_opened,2026-03-27 21:54:59.463094
4796,account_created,2026-03-27 17:54:59.463094
4796,kyc_started,2026-03-29 20:54:59.463094
4796,kyc_completed,2026-04-01 07:54:59.463094
4796,deposit_made,2026-04-02 22:54:59.463094
4796,transaction_made,2026-04-03 15:54:59.463094
4796,credit_product_viewed,2026-04-13 15:54:59.463094
4796,credit_application_started,2026-04-14 09:54:59.463094
4796,credit_application_cancelled,2026-04-15 04:54:59.463094
4797,app_opened,2026-03-26 09:54:59.463127
4798,app_opened,2026-04-15 15:54:59.463133
4798,account_created,2026-04-15 17:54:59.463133
4799,app_opened,2026-04-14 14:54:59.463144
4799,account_created,2026-04-14 20:54:59.463144
4799,kyc_started,2026-04-16 01:54:59.463144
4799,kyc_completed,2026-04-17 17:54:59.463144
4800,app_opened,2026-03-25 06:54:59.463160
4801,app_opened,2026-04-01 20:54:59.463170
4801,account_created,2026-04-02 08:54:59.463170
4802,app_opened,2026-04-03 16:54:59.463180
4802,account_created,2026-04-05 06:54:59.463180
4803,app_opened,2026-03-19 17:54:59.463190
4803,account_created,2026-03-19 11:54:59.463190
4804,app_opened,2026-04-03 19:54:59.463201
4804,account_created,2026-04-04 17:54:59.463201
4804,kyc_started,2026-04-05 13:54:59.463201
4804,kyc_completed,2026-04-08 16:54:59.463201
4805,app_opened,2026-03-25 12:54:59.463218
4805,account_created,2026-03-27 06:54:59.463218
4805,kyc_started,2026-03-29 20:54:59.463218
4806,app_opened,2026-03-13 03:54:59.463231
4807,app_opened,2026-04-15 08:54:59.463238
4807,account_created,2026-04-14 22:54:59.463238
4807,kyc_started,2026-04-17 03:54:59.463238
4808,app_opened,2026-04-04 15:54:59.463252
4808,account_created,2026-04-05 12:54:59.463252
4808,kyc_started,2026-04-06 22:54:59.463252
4808,kyc_completed,2026-04-10 18:54:59.463252
4809,app_opened,2026-03-04 21:54:59.463269
4809,account_created,2026-03-05 18:54:59.463269
4809,kyc_started,2026-03-06 12:54:59.463269
4810,app_opened,2026-04-04 00:54:59.463282
4810,account_created,2026-04-03 20:54:59.463282
4810,kyc_started,2026-04-04 23:54:59.463282
4810,kyc_completed,2026-04-07 04:54:59.463282
4811,app_opened,2026-03-04 00:54:59.463302
4811,account_created,2026-03-05 07:54:59.463302
4811,kyc_started,2026-03-05 14:54:59.463302
4811,kyc_completed,2026-03-10 06:54:59.463302
4812,app_opened,2026-04-09 05:54:59.463321
4812,account_created,2026-04-08 11:54:59.463321
4812,kyc_started,2026-04-10 21:54:59.463321
4812,kyc_completed,2026-04-12 22:54:59.463321
4812,deposit_made,2026-04-13 11:54:59.463321
4812,transaction_made,2026-04-14 08:54:59.463321
4813,app_opened,2026-03-16 15:54:59.463361
4813,account_created,2026-03-17 08:54:59.463361
4813,kyc_started,2026-03-17 19:54:59.463361
4813,kyc_completed,2026-03-22 05:54:59.463361
4813,deposit_made,2026-03-23 17:54:59.463361
4813,transaction_made,2026-03-23 18:54:59.463361
4813,credit_product_viewed,2026-03-27 18:54:59.463361
4813,credit_application_started,2026-03-28 23:54:59.463361
4813,credit_application_completed,2026-03-29 16:54:59.463361
4814,app_opened,2026-03-04 05:54:59.463389
4814,account_created,2026-03-05 04:54:59.463389
4814,kyc_started,2026-03-07 18:54:59.463389
4815,app_opened,2026-03-13 06:54:59.463401
4815,account_created,2026-03-12 10:54:59.463401
4816,app_opened,2026-03-08 05:54:59.463411
4816,account_created,2026-03-08 08:54:59.463411
4817,app_opened,2026-03-26 18:54:59.463419
4817,account_created,2026-03-28 05:54:59.463419
4817,kyc_started,2026-03-30 05:54:59.463419
4817,kyc_completed,2026-04-03 22:54:59.463419
4818,app_opened,2026-04-03 23:54:59.463433
4818,account_created,2026-04-03 19:54:59.463433
4818,kyc_started,2026-04-03 23:54:59.463433
4818,kyc_completed,2026-04-08 18:54:59.463433
4818,deposit_made,2026-04-09 23:54:59.463433
4818,transaction_made,2026-04-10 19:54:59.463433
4819,app_opened,2026-03-15 20:54:59.463459
4819,account_created,2026-03-16 01:54:59.463459
4820,app_opened,2026-04-10 01:54:59.463470
4821,app_opened,2026-04-05 05:54:59.463476
4821,account_created,2026-04-04 11:54:59.463476
4821,kyc_started,2026-04-06 22:54:59.463476
4822,app_opened,2026-03-10 23:54:59.463488
4823,app_opened,2026-03-06 06:54:59.463495
4823,account_created,2026-03-05 22:54:59.463495
4823,kyc_started,2026-03-06 09:54:59.463495
4824,app_opened,2026-04-16 16:54:59.463507
4824,account_created,2026-04-17 23:54:59.463507
4824,kyc_started,2026-04-20 05:54:59.463507
4825,app_opened,2026-03-25 11:54:59.463519
4825,account_created,2026-03-27 07:54:59.463519
4825,kyc_started,2026-03-29 02:54:59.463519
4825,kyc_completed,2026-04-01 09:54:59.463519
4825,deposit_made,2026-04-03 09:54:59.463519
4825,transaction_made,2026-04-03 22:54:59.463519
4826,app_opened,2026-04-15 21:54:59.463540
4826,account_created,2026-04-15 23:54:59.463540
4827,app_opened,2026-03-17 22:54:59.463550
4827,account_created,2026-03-18 04:54:59.463550
4828,app_opened,2026-03-13 06:54:59.463560
4828,account_created,2026-03-13 00:54:59.463560
4828,kyc_started,2026-03-14 22:54:59.463560
4829,app_opened,2026-04-13 08:54:59.463571
4829,account_created,2026-04-13 18:54:59.463571
4829,kyc_started,2026-04-15 10:54:59.463571
4829,kyc_completed,2026-04-18 22:54:59.463571
4829,deposit_made,2026-04-19 08:54:59.463571
4829,transaction_made,2026-04-19 20:54:59.463571
4830,app_opened,2026-03-23 16:54:59.463599
4831,app_opened,2026-03-20 18:54:59.463606
4831,account_created,2026-03-22 04:54:59.463606
4832,app_opened,2026-04-04 04:54:59.463615
4832,account_created,2026-04-05 00:54:59.463615
4832,kyc_started,2026-04-06 13:54:59.463615
4832,kyc_completed,2026-04-10 12:54:59.463615
4833,app_opened,2026-03-29 08:54:59.463631
4833,account_created,2026-03-29 08:54:59.463631
4833,kyc_started,2026-03-31 08:54:59.463631
4833,kyc_completed,2026-04-03 20:54:59.463631
4833,deposit_made,2026-04-05 04:54:59.463631
4833,transaction_made,2026-04-05 06:54:59.463631
4833,credit_product_viewed,2026-04-19 06:54:59.463631
4833,credit_application_started,2026-04-19 12:54:59.463631
4833,credit_application_completed,2026-04-19 17:54:59.463631
4834,app_opened,2026-03-19 15:54:59.463664
4834,account_created,2026-03-20 09:54:59.463664
4834,kyc_started,2026-03-21 07:54:59.463664
4834,kyc_completed,2026-03-24 08:54:59.463664
4835,app_opened,2026-03-19 15:54:59.463681
4835,account_created,2026-03-19 20:54:59.463681
4835,kyc_started,2026-03-20 23:54:59.463681
4835,kyc_completed,2026-03-24 15:54:59.463681
4835,deposit_made,2026-03-26 04:54:59.463681
4835,transaction_made,2026-03-26 07:54:59.463681
4836,app_opened,2026-03-23 09:54:59.463704
4836,account_created,2026-03-24 22:54:59.463704
4836,kyc_started,2026-03-25 00:54:59.463704
4836,kyc_completed,2026-03-28 18:54:59.463704
4836,deposit_made,2026-03-30 17:54:59.463704
4837,app_opened,2026-04-17 08:54:59.463724
4837,account_created,2026-04-18 08:54:59.463724
4837,kyc_started,2026-04-20 00:54:59.463724
4837,kyc_completed,2026-04-25 00:54:59.463724
4837,deposit_made,2026-04-26 12:54:59.463724
4838,app_opened,2026-03-09 07:54:59.463742
4838,account_created,2026-03-09 15:54:59.463742
4838,kyc_started,2026-03-11 14:54:59.463742
4839,app_opened,2026-03-31 11:54:59.463756
4839,account_created,2026-04-01 12:54:59.463756
4840,app_opened,2026-03-10 06:54:59.463767
4840,account_created,2026-03-09 21:54:59.463767
4840,kyc_started,2026-03-12 03:54:59.463767
4840,kyc_completed,2026-03-16 21:54:59.463767
4841,app_opened,2026-03-26 05:54:59.463782
4842,app_opened,2026-04-11 09:54:59.463789
4842,account_created,2026-04-12 16:54:59.463789
4843,app_opened,2026-03-03 17:54:59.463798
4843,account_created,2026-03-04 21:54:59.463798
4844,app_opened,2026-04-02 00:54:59.463807
4844,account_created,2026-04-03 05:54:59.463807
4845,app_opened,2026-04-04 02:54:59.463820
4845,account_created,2026-04-04 20:54:59.463820
4846,app_opened,2026-03-03 19:54:59.463829
4846,account_created,2026-03-04 21:54:59.463829
4846,kyc_started,2026-03-06 16:54:59.463829
4846,kyc_completed,2026-03-09 12:54:59.463829
4847,app_opened,2026-04-13 02:54:59.463853
4847,account_created,2026-04-13 19:54:59.463853
4848,app_opened,2026-03-30 08:54:59.463862
4848,account_created,2026-03-29 14:54:59.463862
4848,kyc_started,2026-04-01 12:54:59.463862
4848,kyc_completed,2026-04-04 20:54:59.463862
4848,deposit_made,2026-04-05 13:54:59.463862
4848,transaction_made,2026-04-06 09:54:59.463862
4849,app_opened,2026-03-16 19:54:59.463891
4849,account_created,2026-03-17 17:54:59.463891
4849,kyc_started,2026-03-18 14:54:59.463891
4850,app_opened,2026-04-14 13:54:59.463903
4850,account_created,2026-04-15 17:54:59.463903
4851,app_opened,2026-03-08 03:54:59.463913
4851,account_created,2026-03-08 09:54:59.463913
4851,kyc_started,2026-03-09 07:54:59.463913
4851,kyc_completed,2026-03-11 11:54:59.463913
4851,deposit_made,2026-03-12 02:54:59.463913
4851,transaction_made,2026-03-12 19:54:59.463913
4852,app_opened,2026-03-27 14:54:59.463934
4853,app_opened,2026-04-06 12:54:59.463941
4853,account_created,2026-04-07 09:54:59.463941
4853,kyc_started,2026-04-08 16:54:59.463941
4853,kyc_completed,2026-04-10 00:54:59.463941
4853,deposit_made,2026-04-11 11:54:59.463941
4853,transaction_made,2026-04-11 22:54:59.463941
4854,app_opened,2026-03-23 04:54:59.463961
4854,account_created,2026-03-23 12:54:59.463961
4854,kyc_started,2026-03-25 03:54:59.463961
4854,kyc_completed,2026-03-26 10:54:59.463961
4854,deposit_made,2026-03-27 12:54:59.463961
4854,transaction_made,2026-03-27 21:54:59.463961
4855,app_opened,2026-03-11 12:54:59.463983
4855,account_created,2026-03-11 14:54:59.463983
4855,kyc_started,2026-03-12 14:54:59.463983
4855,kyc_completed,2026-03-15 09:54:59.463983
4855,deposit_made,2026-03-16 01:54:59.463983
4855,transaction_made,2026-03-16 23:54:59.463983
4856,app_opened,2026-03-28 20:54:59.464008
4856,account_created,2026-03-29 11:54:59.464008
4857,app_opened,2026-03-04 07:54:59.464017
4857,account_created,2026-03-04 21:54:59.464017
4858,app_opened,2026-04-15 10:54:59.464028
4858,account_created,2026-04-16 04:54:59.464028
4858,kyc_started,2026-04-18 23:54:59.464028
4859,app_opened,2026-04-04 15:54:59.464041
4859,account_created,2026-04-05 19:54:59.464041
4859,kyc_started,2026-04-07 23:54:59.464041
4859,kyc_completed,2026-04-10 03:54:59.464041
4860,app_opened,2026-03-29 08:54:59.464057
4860,account_created,2026-03-28 10:54:59.464057
4860,kyc_started,2026-03-30 06:54:59.464057
4861,app_opened,2026-03-18 15:54:59.464070
4861,account_created,2026-03-18 09:54:59.464070
4861,kyc_started,2026-03-18 13:54:59.464070
4861,kyc_completed,2026-03-21 02:54:59.464070
4862,app_opened,2026-03-19 12:54:59.464085
4863,app_opened,2026-04-12 20:54:59.464092
4863,account_created,2026-04-13 09:54:59.464092
4864,app_opened,2026-03-07 11:54:59.464101
4864,account_created,2026-03-08 23:54:59.464101
4864,kyc_started,2026-03-09 14:54:59.464101
4864,kyc_completed,2026-03-12 17:54:59.464101
4865,app_opened,2026-03-25 10:54:59.464116
4866,app_opened,2026-03-27 12:54:59.464123
4866,account_created,2026-03-29 03:54:59.464123
4867,app_opened,2026-03-11 16:54:59.464132
4867,account_created,2026-03-12 21:54:59.464132
4867,kyc_started,2026-03-15 06:54:59.464132
4867,kyc_completed,2026-03-18 13:54:59.464132
4868,app_opened,2026-03-17 11:54:59.464151
4868,account_created,2026-03-18 19:54:59.464151
4868,kyc_started,2026-03-20 11:54:59.464151
4869,app_opened,2026-04-09 04:54:59.464171
4870,app_opened,2026-03-03 14:54:59.464178
4870,account_created,2026-03-04 20:54:59.464178
4871,app_opened,2026-03-25 09:54:59.464188
4871,account_created,2026-03-27 05:54:59.464188
4871,kyc_started,2026-03-29 12:54:59.464188
4871,kyc_completed,2026-04-02 15:54:59.464188
4871,deposit_made,2026-04-03 00:54:59.464188
4871,transaction_made,2026-04-03 07:54:59.464188
4871,credit_product_viewed,2026-04-09 07:54:59.464188
4871,credit_application_started,2026-04-09 18:54:59.464188
4871,credit_application_cancelled,2026-04-09 20:54:59.464188
4872,app_opened,2026-03-12 17:54:59.464218
4872,account_created,2026-03-12 12:54:59.464218
4873,app_opened,2026-04-05 00:54:59.464227
4874,app_opened,2026-04-14 00:54:59.464233
4874,account_created,2026-04-14 18:54:59.464233
4874,kyc_started,2026-04-16 20:54:59.464233
4874,kyc_completed,2026-04-20 05:54:59.464233
4874,deposit_made,2026-04-20 06:54:59.464233
4874,transaction_made,2026-04-20 10:54:59.464233
4874,credit_product_viewed,2026-04-23 10:54:59.464233
4874,credit_application_started,2026-04-24 13:54:59.464233
4874,credit_application_cancelled,2026-04-25 13:54:59.464233
4875,app_opened,2026-04-10 08:54:59.464263
4875,account_created,2026-04-09 23:54:59.464263
4876,app_opened,2026-03-25 03:54:59.464272
4877,app_opened,2026-03-25 11:54:59.464298
4877,account_created,2026-03-26 16:54:59.464298
4877,kyc_started,2026-03-27 14:54:59.464298
4877,kyc_completed,2026-03-31 12:54:59.464298
4877,deposit_made,2026-04-02 06:54:59.464298
4877,transaction_made,2026-04-02 09:54:59.464298
4878,app_opened,2026-03-07 08:54:59.464320
4878,account_created,2026-03-08 03:54:59.464320
4879,app_opened,2026-04-04 06:54:59.464329
4879,account_created,2026-04-04 23:54:59.464329
4880,app_opened,2026-04-05 10:54:59.464350
4880,account_created,2026-04-06 07:54:59.464350
4880,kyc_started,2026-04-09 01:54:59.464350
4881,app_opened,2026-03-12 08:54:59.464369
4882,app_opened,2026-04-14 22:54:59.464375
4882,account_created,2026-04-14 23:54:59.464375
4882,kyc_started,2026-04-16 12:54:59.464375
4883,app_opened,2026-03-28 04:54:59.464386
4883,account_created,2026-03-29 03:54:59.464386
4883,kyc_started,2026-03-29 17:54:59.464386
4884,app_opened,2026-03-12 07:54:59.464399
4884,account_created,2026-03-11 15:54:59.464399
4884,kyc_started,2026-03-13 19:54:59.464399
4885,app_opened,2026-04-14 18:54:59.464411
4885,account_created,2026-04-15 07:54:59.464411
4885,kyc_started,2026-04-15 16:54:59.464411
4885,kyc_completed,2026-04-16 22:54:59.464411
4886,app_opened,2026-03-21 09:54:59.464430
4886,account_created,2026-03-22 10:54:59.464430
4887,app_opened,2026-04-12 07:54:59.464439
4888,app_opened,2026-04-17 17:54:59.464445
4888,account_created,2026-04-18 11:54:59.464445
4889,app_opened,2026-03-15 07:54:59.464457
4889,account_created,2026-03-16 00:54:59.464457
4889,kyc_started,2026-03-16 14:54:59.464457
4889,kyc_completed,2026-03-20 12:54:59.464457
4890,app_opened,2026-03-31 22:54:59.464476
4890,account_created,2026-04-01 01:54:59.464476
4890,kyc_started,2026-04-02 23:54:59.464476
4890,kyc_completed,2026-04-06 02:54:59.464476
4890,deposit_made,2026-04-07 22:54:59.464476
4891,app_opened,2026-03-28 01:54:59.464494
4891,account_created,2026-03-27 17:54:59.464494
4891,kyc_started,2026-03-30 04:54:59.464494
4891,kyc_completed,2026-04-02 06:54:59.464494
4891,deposit_made,2026-04-03 18:54:59.464494
4891,transaction_made,2026-04-04 14:54:59.464494
4892,app_opened,2026-03-27 03:54:59.464518
4892,account_created,2026-03-27 16:54:59.464518
4892,kyc_started,2026-03-29 04:54:59.464518
4892,kyc_completed,2026-03-30 22:54:59.464518
4893,app_opened,2026-03-06 09:54:59.464533
4893,account_created,2026-03-07 07:54:59.464533
4893,kyc_started,2026-03-09 16:54:59.464533
4894,app_opened,2026-04-06 19:54:59.464546
4894,account_created,2026-04-08 04:54:59.464546
4895,app_opened,2026-03-14 18:54:59.464556
4895,account_created,2026-03-15 09:54:59.464556
4895,kyc_started,2026-03-17 06:54:59.464556
4895,kyc_completed,2026-03-18 18:54:59.464556
4895,deposit_made,2026-03-19 13:54:59.464556
4895,transaction_made,2026-03-20 06:54:59.464556
4896,app_opened,2026-03-23 12:54:59.464577
4896,account_created,2026-03-24 03:54:59.464577
4896,kyc_started,2026-03-26 04:54:59.464577
4897,app_opened,2026-03-29 03:54:59.464593
4898,app_opened,2026-04-10 06:54:59.464600
4898,account_created,2026-04-10 23:54:59.464600
4899,app_opened,2026-03-24 11:54:59.464610
4899,account_created,2026-03-25 09:54:59.464610
4899,kyc_started,2026-03-28 07:54:59.464610
4899,kyc_completed,2026-03-29 08:54:59.464610
4900,app_opened,2026-03-30 04:54:59.464624
4900,account_created,2026-03-30 02:54:59.464624
4901,app_opened,2026-03-24 02:54:59.464634
4901,account_created,2026-03-25 01:54:59.464634
4902,app_opened,2026-03-05 22:54:59.464644
4902,account_created,2026-03-05 11:54:59.464644
4902,kyc_started,2026-03-07 11:54:59.464644
4902,kyc_completed,2026-03-11 02:54:59.464644
4903,app_opened,2026-03-05 18:54:59.464659
4903,account_created,2026-03-05 13:54:59.464659
4904,app_opened,2026-03-17 13:54:59.464668
4904,account_created,2026-03-19 06:54:59.464668
4905,app_opened,2026-03-28 13:54:59.464679
4905,account_created,2026-03-28 21:54:59.464679
4905,kyc_started,2026-03-30 17:54:59.464679
4906,app_opened,2026-03-24 10:54:59.464691
4906,account_created,2026-03-25 05:54:59.464691
4907,app_opened,2026-03-16 04:54:59.464700
4907,account_created,2026-03-16 09:54:59.464700
4908,app_opened,2026-03-20 14:54:59.464710
4908,account_created,2026-03-20 12:54:59.464710
4908,kyc_started,2026-03-21 08:54:59.464710
4908,kyc_completed,2026-03-24 06:54:59.464710
4909,app_opened,2026-04-03 19:54:59.464727
4909,account_created,2026-04-03 14:54:59.464727
4909,kyc_started,2026-04-04 06:54:59.464727
4909,kyc_completed,2026-04-07 05:54:59.464727
4910,app_opened,2026-04-16 19:54:59.464746
4910,account_created,2026-04-18 00:54:59.464746
4910,kyc_started,2026-04-18 20:54:59.464746
4910,kyc_completed,2026-04-20 12:54:59.464746
4911,app_opened,2026-03-03 12:54:59.464761
4911,account_created,2026-03-03 14:54:59.464761
4912,app_opened,2026-03-11 17:54:59.464771
4913,app_opened,2026-04-04 08:54:59.464777
4913,account_created,2026-04-04 02:54:59.464777
4914,app_opened,2026-03-07 11:54:59.464787
4914,account_created,2026-03-07 10:54:59.464787
4915,app_opened,2026-03-15 00:54:59.464796
4915,account_created,2026-03-15 01:54:59.464796
4915,kyc_started,2026-03-16 03:54:59.464796
4916,app_opened,2026-03-08 23:54:59.464812
4917,app_opened,2026-03-19 03:54:59.464818
4917,account_created,2026-03-18 18:54:59.464818
4917,kyc_started,2026-03-20 09:54:59.464818
4917,kyc_completed,2026-03-22 04:54:59.464818
4917,deposit_made,2026-03-22 12:54:59.464818
4917,transaction_made,2026-03-23 05:54:59.464818
4917,credit_product_viewed,2026-03-25 05:54:59.464818
4917,credit_application_started,2026-03-25 19:54:59.464818
4917,credit_application_cancelled,2026-03-26 14:54:59.464818
4918,app_opened,2026-03-06 08:54:59.464858
4918,account_created,2026-03-06 17:54:59.464858
4918,kyc_started,2026-03-06 19:54:59.464858
4919,app_opened,2026-03-06 03:54:59.464871
4919,account_created,2026-03-06 04:54:59.464871
4919,kyc_started,2026-03-08 09:54:59.464871
4919,kyc_completed,2026-03-11 20:54:59.464871
4920,app_opened,2026-03-09 22:54:59.464890
4920,account_created,2026-03-11 04:54:59.464890
4920,kyc_started,2026-03-13 21:54:59.464890
4920,kyc_completed,2026-03-16 09:54:59.464890
4921,app_opened,2026-03-26 13:54:59.464906
4921,account_created,2026-03-28 05:54:59.464906
4921,kyc_started,2026-03-31 00:54:59.464906
4922,app_opened,2026-04-08 15:54:59.464918
4922,account_created,2026-04-09 16:54:59.464918
4923,app_opened,2026-04-08 19:54:59.464927
4923,account_created,2026-04-10 08:54:59.464927
4923,kyc_started,2026-04-12 02:54:59.464927
4923,kyc_completed,2026-04-13 16:54:59.464927
4923,deposit_made,2026-04-14 22:54:59.464927
4924,app_opened,2026-03-06 02:54:59.464946
4924,account_created,2026-03-06 20:54:59.464946
4924,kyc_started,2026-03-07 02:54:59.464946
4925,app_opened,2026-04-01 19:54:59.464958
4925,account_created,2026-04-02 20:54:59.464958
4926,app_opened,2026-04-07 01:54:59.464968
4927,app_opened,2026-04-07 09:54:59.464974
4928,app_opened,2026-03-20 21:54:59.464980
4928,account_created,2026-03-21 09:54:59.464980
4929,app_opened,2026-03-03 10:54:59.464989
4929,account_created,2026-03-04 19:54:59.464989
4929,kyc_started,2026-03-07 11:54:59.464989
4929,kyc_completed,2026-03-12 05:54:59.464989
4930,app_opened,2026-03-16 23:54:59.465005
4930,account_created,2026-03-18 03:54:59.465005
4930,kyc_started,2026-03-20 16:54:59.465005
4930,kyc_completed,2026-03-22 01:54:59.465005
4931,app_opened,2026-04-05 07:54:59.465025
4932,app_opened,2026-03-13 20:54:59.465035
4932,account_created,2026-03-13 15:54:59.465035
4932,kyc_started,2026-03-14 09:54:59.465035
4932,kyc_completed,2026-03-15 21:54:59.465035
4933,app_opened,2026-04-16 00:54:59.465050
4933,account_created,2026-04-17 06:54:59.465050
4934,app_opened,2026-04-12 17:54:59.465060
4934,account_created,2026-04-13 01:54:59.465060
4934,kyc_started,2026-04-13 17:54:59.465060
4934,kyc_completed,2026-04-16 18:54:59.465060
4934,deposit_made,2026-04-17 13:54:59.465060
4934,transaction_made,2026-04-18 08:54:59.465060
4935,app_opened,2026-03-10 21:54:59.465081
4936,app_opened,2026-03-27 07:54:59.465088
4936,account_created,2026-03-27 02:54:59.465088
4937,app_opened,2026-04-04 11:54:59.465098
4937,account_created,2026-04-06 00:54:59.465098
4938,app_opened,2026-04-11 12:54:59.465107
4938,account_created,2026-04-12 08:54:59.465107
4938,kyc_started,2026-04-13 16:54:59.465107
4939,app_opened,2026-03-11 23:54:59.465120
4939,account_created,2026-03-12 12:54:59.465120
4940,app_opened,2026-03-19 09:54:59.465129
4940,account_created,2026-03-19 11:54:59.465129
4941,app_opened,2026-03-08 18:54:59.465138
4941,account_created,2026-03-09 04:54:59.465138
4941,kyc_started,2026-03-11 20:54:59.465138
4941,kyc_completed,2026-03-16 15:54:59.465138
4942,app_opened,2026-03-27 02:54:59.465158
4942,account_created,2026-03-28 01:54:59.465158
4942,kyc_started,2026-03-30 21:54:59.465158
4942,kyc_completed,2026-04-01 08:54:59.465158
4943,app_opened,2026-03-19 01:54:59.465174
4943,account_created,2026-03-20 06:54:59.465174
4944,app_opened,2026-04-09 12:54:59.465183
4944,account_created,2026-04-10 22:54:59.465183
4944,kyc_started,2026-04-12 07:54:59.465183
4944,kyc_completed,2026-04-15 14:54:59.465183
4945,app_opened,2026-04-04 01:54:59.465201
4945,account_created,2026-04-04 03:54:59.465201
4945,kyc_started,2026-04-04 09:54:59.465201
4946,app_opened,2026-04-04 15:54:59.465215
4946,account_created,2026-04-04 19:54:59.465215
4946,kyc_started,2026-04-06 13:54:59.465215
4946,kyc_completed,2026-04-07 18:54:59.465215
4947,app_opened,2026-03-20 09:54:59.465231
4947,account_created,2026-03-20 22:54:59.465231
4947,kyc_started,2026-03-22 14:54:59.465231
4948,app_opened,2026-03-15 15:54:59.465244
4948,account_created,2026-03-16 20:54:59.465244
4948,kyc_started,2026-03-19 07:54:59.465244
4948,kyc_completed,2026-03-22 22:54:59.465244
4948,deposit_made,2026-03-24 04:54:59.465244
4948,transaction_made,2026-03-24 17:54:59.465244
4949,app_opened,2026-03-26 21:54:59.465265
4949,account_created,2026-03-28 04:54:59.465265
4950,app_opened,2026-03-25 07:54:59.465276
4950,account_created,2026-03-25 20:54:59.465276
4951,app_opened,2026-04-10 14:54:59.465285
4951,account_created,2026-04-12 02:54:59.465285
4951,kyc_started,2026-04-12 18:54:59.465285
4951,kyc_completed,2026-04-14 21:54:59.465285
4952,app_opened,2026-03-16 22:54:59.465303
4953,app_opened,2026-03-14 14:54:59.465313
4953,account_created,2026-03-15 01:54:59.465313
4954,app_opened,2026-04-09 22:54:59.465326
4954,account_created,2026-04-09 22:54:59.465326
4954,kyc_started,2026-04-11 00:54:59.465326
4955,app_opened,2026-03-30 08:54:59.465351
4955,account_created,2026-03-31 02:54:59.465351
4955,kyc_started,2026-04-02 10:54:59.465351
4955,kyc_completed,2026-04-06 22:54:59.465351
4956,app_opened,2026-03-23 21:54:59.465366
4956,account_created,2026-03-24 10:54:59.465366
4956,kyc_started,2026-03-25 21:54:59.465366
4956,kyc_completed,2026-03-28 02:54:59.465366
4956,deposit_made,2026-03-28 15:54:59.465366
4956,transaction_made,2026-03-29 00:54:59.465366
4956,credit_product_viewed,2026-04-04 00:54:59.465366
4956,credit_application_started,2026-04-05 10:54:59.465366
4956,credit_application_cancelled,2026-04-05 19:54:59.465366
4957,app_opened,2026-03-12 02:54:59.465399
4957,account_created,2026-03-12 18:54:59.465399
4957,kyc_started,2026-03-15 02:54:59.465399
4957,kyc_completed,2026-03-16 21:54:59.465399
4958,app_opened,2026-04-06 12:54:59.465416
4958,account_created,2026-04-07 09:54:59.465416
4959,app_opened,2026-03-20 02:54:59.465426
4959,account_created,2026-03-20 15:54:59.465426
4960,app_opened,2026-04-16 18:54:59.465436
4960,account_created,2026-04-18 07:54:59.465436
4961,app_opened,2026-03-24 17:54:59.465446
4961,account_created,2026-03-25 18:54:59.465446
4961,kyc_started,2026-03-27 23:54:59.465446
4962,app_opened,2026-03-11 20:54:59.465463
4963,app_opened,2026-03-14 05:54:59.465470
4963,account_created,2026-03-14 21:54:59.465470
4964,app_opened,2026-04-07 11:54:59.465481
4964,account_created,2026-04-08 16:54:59.465481
4964,kyc_started,2026-04-09 18:54:59.465481
4965,app_opened,2026-04-04 22:54:59.465494
4965,account_created,2026-04-06 05:54:59.465494
4965,kyc_started,2026-04-08 21:54:59.465494
4965,kyc_completed,2026-04-12 00:54:59.465494
4965,deposit_made,2026-04-13 10:54:59.465494
4965,transaction_made,2026-04-14 02:54:59.465494
4966,app_opened,2026-04-04 20:54:59.465522
4966,account_created,2026-04-05 12:54:59.465522
4966,kyc_started,2026-04-07 04:54:59.465522
4966,kyc_completed,2026-04-09 12:54:59.465522
4967,app_opened,2026-04-14 03:54:59.465539
4967,account_created,2026-04-14 20:54:59.465539
4967,kyc_started,2026-04-17 19:54:59.465539
4968,app_opened,2026-03-29 14:54:59.465551
4968,account_created,2026-03-30 16:54:59.465551
4969,app_opened,2026-04-05 15:54:59.465561
4969,account_created,2026-04-05 09:54:59.465561
4969,kyc_started,2026-04-08 00:54:59.465561
4970,app_opened,2026-04-10 20:54:59.465575
4971,app_opened,2026-04-15 12:54:59.465581
4971,account_created,2026-04-15 23:54:59.465581
4971,kyc_started,2026-04-17 18:54:59.465581
4971,kyc_completed,2026-04-18 18:54:59.465581
4971,deposit_made,2026-04-19 06:54:59.465581
4971,transaction_made,2026-04-19 20:54:59.465581
4972,app_opened,2026-03-18 04:54:59.465610
4972,account_created,2026-03-17 13:54:59.465610
4972,kyc_started,2026-03-17 15:54:59.465610
4972,kyc_completed,2026-03-22 11:54:59.465610
4973,app_opened,2026-03-23 12:54:59.465633
4973,account_created,2026-03-24 09:54:59.465633
4974,app_opened,2026-04-01 23:54:59.465643
4974,account_created,2026-04-01 10:54:59.465643
4974,kyc_started,2026-04-01 22:54:59.465643
4974,kyc_completed,2026-04-05 11:54:59.465643
4974,deposit_made,2026-04-07 06:54:59.465643
4975,app_opened,2026-03-24 23:54:59.465665
4975,account_created,2026-03-25 21:54:59.465665
4975,kyc_started,2026-03-27 03:54:59.465665
4975,kyc_completed,2026-03-29 02:54:59.465665
4976,app_opened,2026-03-12 06:54:59.465682
4976,account_created,2026-03-11 11:54:59.465682
4977,app_opened,2026-04-05 23:54:59.465692
4977,account_created,2026-04-06 04:54:59.465692
4977,kyc_started,2026-04-07 03:54:59.465692
4977,kyc_completed,2026-04-10 20:54:59.465692
4978,app_opened,2026-03-13 03:54:59.465709
4978,account_created,2026-03-12 19:54:59.465709
4979,app_opened,2026-03-26 04:54:59.465719
4980,app_opened,2026-04-12 06:54:59.465726
4980,account_created,2026-04-13 02:54:59.465726
4980,kyc_started,2026-04-15 11:54:59.465726
4981,app_opened,2026-04-08 00:54:59.465740
4981,account_created,2026-04-07 16:54:59.465740
4981,kyc_started,2026-04-09 11:54:59.465740
4981,kyc_completed,2026-04-13 18:54:59.465740
4981,deposit_made,2026-04-15 00:54:59.465740
4981,transaction_made,2026-04-15 07:54:59.465740
4982,app_opened,2026-04-07 08:54:59.465766
4982,account_created,2026-04-07 11:54:59.465766
4982,kyc_started,2026-04-09 18:54:59.465766
4982,kyc_completed,2026-04-12 22:54:59.465766
4983,app_opened,2026-03-05 02:54:59.465783
4984,app_opened,2026-03-06 02:54:59.465789
4984,account_created,2026-03-05 13:54:59.465789
4984,kyc_started,2026-03-08 09:54:59.465789
4984,kyc_completed,2026-03-12 14:54:59.465789
4984,deposit_made,2026-03-13 13:54:59.465789
4984,transaction_made,2026-03-14 05:54:59.465789
4985,app_opened,2026-03-11 18:54:59.465813
4985,account_created,2026-03-13 05:54:59.465813
4986,app_opened,2026-03-22 17:54:59.465823
4986,account_created,2026-03-23 16:54:59.465823
4986,kyc_started,2026-03-25 17:54:59.465823
4986,kyc_completed,2026-03-29 07:54:59.465823
4986,deposit_made,2026-03-30 15:54:59.465823
4986,transaction_made,2026-03-31 03:54:59.465823
4987,app_opened,2026-04-02 08:54:59.465859
4987,account_created,2026-04-02 13:54:59.465859
4987,kyc_started,2026-04-04 15:54:59.465859
4987,kyc_completed,2026-04-07 00:54:59.465859
4988,app_opened,2026-03-08 17:54:59.465876
4989,app_opened,2026-04-12 20:54:59.465883
4989,account_created,2026-04-14 01:54:59.465883
4990,app_opened,2026-04-02 17:54:59.465893
4991,app_opened,2026-04-01 19:54:59.465900
4991,account_created,2026-04-03 06:54:59.465900
4991,kyc_started,2026-04-04 15:54:59.465900
4991,kyc_completed,2026-04-07 13:54:59.465900
4991,deposit_made,2026-04-08 21:54:59.465900
4991,transaction_made,2026-04-09 18:54:59.465900
4991,credit_product_viewed,2026-04-21 18:54:59.465900
4991,credit_application_started,2026-04-22 12:54:59.465900
4991,credit_application_cancelled,2026-04-23 12:54:59.465900
4992,app_opened,2026-03-16 04:54:59.465937
4992,account_created,2026-03-15 23:54:59.465937
4992,kyc_started,2026-03-17 09:54:59.465937
4992,kyc_completed,2026-03-18 12:54:59.465937
4992,deposit_made,2026-03-19 11:54:59.465937
4992,transaction_made,2026-03-19 13:54:59.465937
4993,app_opened,2026-03-19 01:54:59.465961
4993,account_created,2026-03-18 23:54:59.465961
4993,kyc_started,2026-03-20 01:54:59.465961
4994,app_opened,2026-03-25 21:54:59.465975
4994,account_created,2026-03-25 20:54:59.465975
4995,app_opened,2026-04-10 16:54:59.465990
4995,account_created,2026-04-11 09:54:59.465990
4995,kyc_started,2026-04-14 05:54:59.465990
4995,kyc_completed,2026-04-16 16:54:59.465990
4996,app_opened,2026-04-17 00:54:59.466008
4996,account_created,2026-04-16 22:54:59.466008
4996,kyc_started,2026-04-18 10:54:59.466008
4996,kyc_completed,2026-04-19 10:54:59.466008
4997,app_opened,2026-03-24 15:54:59.466025
4997,account_created,2026-03-26 06:54:59.466025
4997,kyc_started,2026-03-26 10:54:59.466025
4997,kyc_completed,2026-03-27 15:54:59.466025
4998,app_opened,2026-04-08 22:54:59.466042
4998,account_created,2026-04-08 23:54:59.466042
4999,app_opened,2026-03-21 05:54:59.466054
4999,account_created,2026-03-20 22:54:59.466054
4999,kyc_started,2026-03-22 12:54:59.466054
5000,app_opened,2026-03-19 17:54:59.466106
5000,account_created,2026-03-20 02:54:59.466106
5000,kyc_started,2026-03-22 05:54:59.466106
